﻿Company Name,Service Partner,Address,Phone Number,Fax,Email,Website,LKW-Service,Bus-Service,MAN Van-Service,Schiffsmotoren-Service,Industriemotoren-Service,LKW-Verkauf,Bus-Verkauf,MAN Van-Verkauf,Schiffsmotoren-Verkauf,Industriemotoren-Verkauf,LKW-MAN_TopUsed,Bus-MAN_TopUsed,MAN Van-MAN_TopUsed,Schiffsmotoren-MAN_TopUsed,Industriemotoren-MAN_TopUsed,LKW-BusTopService,Bus-BusTopService,MAN Van-BusTopService,Schiffsmotoren-BusTopService,Industriemotoren-BusTopService,LKW-eMobility,Bus-eMobility,MAN Van-eMobility,Schiffsmotoren-eMobility,Industriemotoren-eMobility
"MAGHREB TRUCK COMPANY S.P.A, SETIF",Servicepartner,"Extension zone industrielle 161, 19000 Setif, Algerien, , ",+213(2)3 45 09 65,,commercial@mtc-man.com,,yes,no,no,,,,,,,,,,,,,,,,,,,,,,
Nadir Aroun,BetriebsleiterWerkstattmeister LKW,Telefon: +213(0)661932061,Mobil: -,Fax: -,E-Mail: nadir.aroun@mtc-man.com,            





MAGHREB TRUCK COMPANY S.P.A. ALGER,Servicepartner,"4, Avenue Victor Hugo, DZ 16003 Alger, Algerien, , ",+213(2)3 45 09 60,+213(21)513829,commercial@mtc-man.com,,yes,yes,no,,,yes,yes,,,,,,,,,,,,,,,,,,
Nadir Aroun,Werkstattmitarbeiter LKW,Telefon: +213(2)3 45 09 60,Mobil: -,Fax: -,E-Mail: sav@mtc-man.com,            
Nabil Salhi,Geschäftsführer,Telefon: +213(2)3 45 09 60,Mobil: +213(66)1515692,Fax: +213(66)1515692,E-Mail: nabil.salhi@mtc-man.com,            
Lahcene Ounnnoughene,Leiter After Sales,Telefon: +213(66)1932053,Mobil: +213(61)932059,Fax: +213(21)513829,E-Mail: sav@mtc-man.com,            
Abdesseelam Ait,Leiter Teile und Zubehör,Telefon: +213(61)932068,Mobil: -,Fax: +213(21)513829,E-Mail: a.boussad@mtc-man.com,            





MAGHREB TRUCK COMPANY S.P.A. ORAN,Servicepartner,"Zone des showrooms, Hai Anadjma RN N° 4 ( vers l'aeroport), - senia Oran, Algerien, , ",+213(6)61944217,,commercial@mtc-man.com,http://www.mtc-man.com,yes,yes,no,,,yes,yes,,,,,,,,,,,,,,,,,,
Ahmed Benissad,,Telefon: +21(3)661944217,Mobil: -,Fax: -,E-Mail: ahmed.benissad@mtc-man.com,            





"MAGHREB TRUCK COMPANY S.P.A., LAGHOUAT",Servicepartner,"Route de Ghardaia RN1, 1962 Laghouat, Algerien, , ",+213(2)3 45 09 60,,commercial@mtc-man.com,,yes,no,no,,,,,,,,,,,,,,,,,,,,,,
Nadir Aroun,BetriebsleiterWerkstattmeister LKW,Telefon: +213(0)661932095,Mobil: -,Fax: -,E-Mail: nadir.aroun@mtc-man.com,            





