﻿Company Name,Service Partner,Address,Phone Number,Fax,Email,Website,LKW-Service,Bus-Service,MAN Van-Service,Schiffsmotoren-Service,Industriemotoren-Service,LKW-Verkauf,Bus-Verkauf,MAN Van-Verkauf,Schiffsmotoren-Verkauf,Industriemotoren-Verkauf,LKW-MAN_TopUsed,Bus-MAN_TopUsed,MAN Van-MAN_TopUsed,Schiffsmotoren-MAN_TopUsed,Industriemotoren-MAN_TopUsed,LKW-BusTopService,Bus-BusTopService,MAN Van-BusTopService,Schiffsmotoren-BusTopService,Industriemotoren-BusTopService,LKW-eMobility,Bus-eMobility,MAN Van-eMobility,Schiffsmotoren-eMobility,Industriemotoren-eMobility
IMPROTEX TRUCKS & BUSSES,Servicepartner,"15KM, Salyan Highway, 1063 Baku, Aserbaidschan, , ",+99 (412) 4480200,,man.az@man.eu,,yes,yes,no,,,yes,yes,,,,,,,,,,,,,,,,,,
Georgy Shalikiani,Leiter After Sales,Telefon: +994 (12) 448 0200,Mobil: -,Fax: +994 (12) 4480300,E-Mail: George.Shalikiani@az.man-mn.com,            
Vugar Mammadov,,Telefon: +994 (12) 448 02 00,Mobil: -,Fax: -,E-Mail: vugar.mammadov@az.man-mn.com,            
Elnur Shafiyev,,Telefon: +994 (12) 448 02 00,Mobil: -,Fax: -,E-Mail: Elnur.Shafiyev@az.man-mn.com,            





