﻿Company Name,Service Partner,Address,Phone Number,Fax,Email,Website,LKW-Service,Bus-Service,MAN Van-Service,Schiffsmotoren-Service,Industriemotoren-Service,LKW-Verkauf,Bus-Verkauf,MAN Van-Verkauf,Schiffsmotoren-Verkauf,Industriemotoren-Verkauf,LKW-MAN_TopUsed,Bus-MAN_TopUsed,MAN Van-MAN_TopUsed,Schiffsmotoren-MAN_TopUsed,Industriemotoren-MAN_TopUsed,LKW-BusTopService,Bus-BusTopService,MAN Van-BusTopService,Schiffsmotoren-BusTopService,Industriemotoren-BusTopService,LKW-eMobility,Bus-eMobility,MAN Van-eMobility,Schiffsmotoren-eMobility,Industriemotoren-eMobility
AMA MOTORS (AHMED MANSOOR AL A'ALI CO.),Servicepartner,"Al Muaskar Avenue, Road 95, Block 138, 911 East Riffa, Bahrain, , ",+973(17)772835,+973(17)771158,amamotors@al-aali.com,http://www.amamotors.com.bh,yes,yes,no,,,yes,yes,,,,,,,,,,,,,,,,,,
Arun Anirudhan,Leiter Verkauf Dienstleistungen,Telefon: +973(17)772835,Mobil: +973(36)055732,Fax: +973(17)771158,E-Mail: arun.anirudhan@al-aali.com,            
Sumit Pal,Geschäftsführer,Telefon: +973(17)772835,Mobil: +973(39)257509,Fax: +973(17)771158,E-Mail: sumit.pal@al-aali.com,            
Koyipalli Shaji,Leiter Teile und Zubehör,Telefon: +973(17)772835,Mobil: +973(36)055719,Fax: +973(17)771158,E-Mail: manpart@batelco.com.bh,            
Joel Fernandes,After Sales Leiter Assistenz BUS,Telefon: +973(17)772835,Mobil: +973(36)561308,Fax: +973(17)771158,E-Mail: joel.fernandes@al-aali.com,            





