﻿Company Name,Service Partner,Address,Phone Number,Fax,Email,Website,LKW-Service,Bus-Service,MAN Van-Service,Schiffsmotoren-Service,Industriemotoren-Service,LKW-Verkauf,Bus-Verkauf,MAN Van-Verkauf,Schiffsmotoren-Verkauf,Industriemotoren-Verkauf,LKW-MAN_TopUsed,Bus-MAN_TopUsed,MAN Van-MAN_TopUsed,Schiffsmotoren-MAN_TopUsed,Industriemotoren-MAN_TopUsed,LKW-BusTopService,Bus-BusTopService,MAN Van-BusTopService,Schiffsmotoren-BusTopService,Industriemotoren-BusTopService,LKW-eMobility,Bus-eMobility,MAN Van-eMobility,Schiffsmotoren-eMobility,Industriemotoren-eMobility
JABAB MAN TRUCKS,Servicepartner,"Post Box No. 79, Phuentsholing Bhutan, NA Phuentsholing, Bhutan, , ",+0(975) 17110340,,jababconst@gmail.com,,yes,yes,no,,,yes,yes,,,,,,,,,,,,,,,,,,
Tsherinig Dawa ,,Telefon: +0(975)17110340,Mobil: -,Fax: -,E-Mail: dawatshering77@gmail.com,            





