﻿Company Name,Service Partner,Address,Phone Number,Fax,Email,Website,LKW-Service,Bus-Service,MAN Van-Service,Schiffsmotoren-Service,Industriemotoren-Service,LKW-Verkauf,Bus-Verkauf,MAN Van-Verkauf,Schiffsmotoren-Verkauf,Industriemotoren-Verkauf,LKW-MAN_TopUsed,Bus-MAN_TopUsed,MAN Van-MAN_TopUsed,Schiffsmotoren-MAN_TopUsed,Industriemotoren-MAN_TopUsed,LKW-BusTopService,Bus-BusTopService,MAN Van-BusTopService,Schiffsmotoren-BusTopService,Industriemotoren-BusTopService,LKW-eMobility,Bus-eMobility,MAN Van-eMobility,Schiffsmotoren-eMobility,Industriemotoren-eMobility
AUTO TRUCK TRADE D.O.O.,Servicepartner,"Sarajevska bb, 71300 Visoko, Bosnien-Herzegowina, , ",+387(0)32731-260,+387(0)32731-280,att@bih.net.ba,http://www.man.ba,yes,yes,no,,,,,,,,,,,,,,,,,,,,,,
Mehmed Greda,MA Ersatzteilverkauf LKW,Telefon: +387(0)32731260,Mobil: -,Fax: +387(0)32731280,E-Mail: mehmed.greda@man.ba,            
Sidik Lemeš,Geschäftsführer,Telefon: +387(0)32731-260,Mobil: -,Fax: +387(0)32731-280,E-Mail: sidik.lemes@man.ba,            
Hikmet Lemeš,Direktor,Telefon: +387(0)32731-260,Mobil: -,Fax: +387(0)32731280,E-Mail: hikmet.lemes@man.ba,            
Kenan Ceho,Leiter Werkstatt,Telefon: +387 (0)32 731260,Mobil: -,Fax: +387 (0)32 731280,E-Mail: kenan.ceho@man.ba,            
Salko Burko,Kundenbetreuer,Telefon: +387(0)32731-260,Mobil: -,Fax: +387(0)32731280,E-Mail: att_service@bih.net.ba,            
Lemes Malik,Leiter Verkauf LKW,Telefon: +387(0)32731-260,Mobil: -,Fax: +387(0)32731-280,E-Mail: malik.lemes@man.ba,            
MIODRAG GLISIC,GeschäftsführerVerkäufer LKW,Telefon: +387(0)51501064,Mobil: -,Fax: -,E-Mail: agrosped@blic.net,            





ELVIS AUTO LJUBUŠKI,Servicepartner,"Bana Josipa Jelačića bb, 88320 Ljubuški, Bosnien-Herzegowina, , ",+387(39)833-400,,,,yes,yes,no,,,,,,,,,,,,,,,,,,,,,,
Herceg Elvis ,Direktor,Telefon: +387(39)833-400,Mobil: -,Fax: -,E-Mail: elvis.herceg@tel.net,            
herceg Elvis,,Telefon: +387(63)557-555,Mobil: +387(63)557-555,Fax: -,E-Mail: elvis.auto@hotmail.com,            
Herceg Elvis,,Telefon: +387(63)557-555,Mobil: -,Fax: -,E-Mail: elvis.auto@hotmail.com,            





KAM I BUS D.O.O. BANJA LUKA,Servicepartner,"Glamočani bb, 78250 Laktasi, Bosnien-Herzegowina, , ",+387 (0)51 971 101,,info@kamibus.ba,,yes,yes,no,,,yes,yes,,,,yes,yes,,,,,,,,,,,,,
Nikola Arežina,MA Verkauf LKW,Telefon: +387 (0)51 971 104,Mobil: -,Fax: -,E-Mail: nikola.arezina@kamibus.ba,            





KAM I BUS D.O.O. DOBOJ,Servicepartner,"Ul. 203. brigade 88, 74203 Doboj Jug, Bosnien-Herzegowina, , ",+387 (0)32 941 955,,info@kamibus.ba,,yes,yes,no,,,yes,yes,,,,yes,yes,,,,,,,,,,,,,
Ivan Ćosić,Verkäufer Gebrauchtwagen LKW,Telefon: +387 (0)32 941 976,Mobil: -,Fax: -,E-Mail: ivan.cosic@kamibus.ba,            
Ivan Vuković,,Telefon: +387 (0)32 941 955,Mobil: +387 (0)63 398 275 ,Fax: -,E-Mail: Ivan.vukovic@kamibus.ba,            
Damir Suljić,MA Ersatzteilverkauf LKW,Telefon: +387 (0)32941977,Mobil: -,Fax: -,E-Mail: damir.suljic@kamibus.ba,            
Senad Krličević,MA Ersatzteilverkauf LKW,Telefon: +387 (0)32 941 975,Mobil: -,Fax: -,E-Mail: senad.krlicevic@kamibus.ba,            
Goran Penava,MA Ersatzteilverkauf BUSLeiter WerkstattWerkstattmeister LKW,Telefon: +387 (0)32 941 961,Mobil: -,Fax: -,E-Mail: Goran.Penava@kamibus.ba,            
Nedjeljko Topalović,MA Reparaturannahme LKW,Telefon: +387 (0)32 941 961,Mobil: -,Fax: -,E-Mail: nedeljko.topalovic@kamibus.ba,            





KAM I BUS D.O.O. SARAJEVO,Servicepartner,"Vlakovo 10, 71210 ILIDŻA, Bosnien-Herzegowina, , ",+385 (0)98 394 709,,info@kamibus.ba,,yes,yes,no,,,yes,yes,,,,yes,yes,,,,,,,,,,,,,
Azra Žilić,Auftragszentrum VerkaufAuftragszentrum Service,Telefon: +387 (0) 33851150,Mobil: -,Fax: +387(0)33821111,E-Mail: -,            
Zihnija Purišević,Auftragszentrum Service,Telefon: +387 (0) 63 451 260,Mobil: +387 (0) 63451308,Fax: +387 (0) 33 821 111,E-Mail: -,            





KAM I BUS D.O.O. TUZLA,Servicepartner,"Bistarac bb, 75300 Lukavac, Bosnien-Herzegowina, , ",+387 (35) 831 200,,info@kamibus.ba,,yes,yes,no,,,yes,yes,,,,yes,yes,,,,,,,,,,,,,
Alen Mesihović,Betriebsleiter,Telefon: +387 (35) 831 200,Mobil: +387 (63) 450 961,Fax: -,E-Mail: alen.mesihovic@kamibus.ba,            
Damir Suljić,Ersatzteilverkauf,Telefon: +387 (35) 831 201,Mobil: +387 (63) 398 287,Fax: -,E-Mail: damir.suljic@kamibus.ba,            
Edin Tahirović,,Telefon: +387 (35) 831 202,Mobil: +387 (63) 719 151,Fax: -,E-Mail: edin.tahirovic@kamibus.ba,            





SERVIS BURIĆ DOO,Servicepartner      Verkaufsstandort des Händlers -KAM i BUS d.o.o. Doboj-,"KOSOVSKA BR.184, 76316 Janja, Bosnien-Herzegowina, , ",+387(0)55543-042,,mburic@spinter.net,,yes,yes,no,,,,,,,,,,,,,,,,,,,,,,
Mustafa Burić,Direktor,Telefon: +387(0)5543042,Mobil: -,Fax: -,E-Mail: mburić@spinter.net,            





