﻿Company Name,Service Partner,Address,Phone Number,Fax,Email,Website,LKW-Service,Bus-Service,MAN Van-Service,Schiffsmotoren-Service,Industriemotoren-Service,LKW-Verkauf,Bus-Verkauf,MAN Van-Verkauf,Schiffsmotoren-Verkauf,Industriemotoren-Verkauf,LKW-MAN_TopUsed,Bus-MAN_TopUsed,MAN Van-MAN_TopUsed,Schiffsmotoren-MAN_TopUsed,Industriemotoren-MAN_TopUsed,LKW-BusTopService,Bus-BusTopService,MAN Van-BusTopService,Schiffsmotoren-BusTopService,Industriemotoren-BusTopService,LKW-eMobility,Bus-eMobility,MAN Van-eMobility,Schiffsmotoren-eMobility,Industriemotoren-eMobility
MVB TRUCK & BUS BULGARIA AD,Servicepartner,"Slivnica Str. 425, 1331 Sofia, Bulgarien, , ",+359 (0) 893 20 20 82,+359 (2) 423 55 81,office@mvb.bg,https://www.truck.man.eu,yes,yes,yes,,,yes,yes,yes,,,yes,yes,yes,,,,,,,,,,,,
Vladimir Ninov,Leiter Werkstatt,Telefon: +359(893)202086,Mobil: -,Fax: -,E-Mail: vladimir.ninov@mvb.bg,            
Reneta Ivanova,,Telefon: +359(893)319495,Mobil: -,Fax: -,E-Mail: reni.ivanova@mvb.bg,            
Rumen Peykov,,Telefon: +359(893)344652,Mobil: -,Fax: -,E-Mail: rumen.peykov@mvb.bg,            
Evgeni Tsonev,Auftragszentrum Service,Telefon: +359(893)202330,Mobil: -,Fax: -,E-Mail: evgeny.tsonev@mvb.bg,            
Iossif Iossifov,,Telefon: +359(893)202092,Mobil: -,Fax: -,E-Mail: iossif.iossifov@mvb.bg,            
Biser Tsvetanov,Ersatzteilverkauf,Telefon: +359(893)202037,Mobil: -,Fax: -,E-Mail: spare_parts@mvb.bg,            
Adrian Todorov,Verkäufer LKW,Telefon: +359(0)893202402,Mobil: -,Fax: -,E-Mail: adrian.todorov@mvb.bg,            
Radi  Slavov,Verkäufer MAN TopUsed,Telefon: +359(0)893200803,Mobil: -,Fax: -,E-Mail: radi.slavov@mvb.bg,            
Ivan Todorov,Verkäufer VAN,Telefon: + 359(0)883203242,Mobil: -,Fax: -,E-Mail: ivan.todorov@mvb.bg,            





MVB TRUCK & BUS BULGARIA AD PLOVDIV,Servicepartner,"Golyamokonarsko Shose, 4003 Plovdiv, Bulgarien, , ",+359(0)883203243,,office@mvb.bg,,yes,yes,yes,,,,,,,,yes,,,,,,,,,,,,,,
Georgi Gurari,Leiter Werkstatt,Telefon: +359 (893) 203235,Mobil: -,Fax: -,E-Mail: georgi.gurari@mvb.bg,            
Stefan Angelov,Auftragszentrum Service,Telefon: +359(883)203234,Mobil: -,Fax: -,E-Mail: stefan.angelov@mvb.bg,            
Boris Burov,Ersatzteilverkauf,Telefon: +359(883)203240,Mobil: -,Fax: -,E-Mail: boris.burov@mvb.bg,            





MVB TRUCK & BUS BULGARIA AD VARNA,Servicepartner,"Vladislav Varnenchik 279A, 9000 Varna, Bulgarien, , ",+359(0)893202542,,mihail.sheytanov@mvb.bg,,yes,yes,yes,,,,,,,,yes,,,,,,,,,,,,,,
Mihail Sheytanov,Leiter Werkstatt,Telefon: +359(0)893202542,Mobil: -,Fax: -,E-Mail: mihail.sheytanov@mvb.bg,            
Diyan Ivanov,Werkstattmeister,Telefon: +359(893)202410,Mobil: -,Fax: -,E-Mail: diyan.ivanov@mvb.bg,            
Pavlin Natskin,Ersatzteilverkauf,Telefon: +359(893)202312,Mobil: -,Fax: -,E-Mail: pavlin.natskin@mvb.bg,            





