﻿Company Name,Service Partner,Address,Phone Number,Fax,Email,Website,LKW-Service,Bus-Service,MAN Van-Service,Schiffsmotoren-Service,Industriemotoren-Service,LKW-Verkauf,Bus-Verkauf,MAN Van-Verkauf,Schiffsmotoren-Verkauf,Industriemotoren-Verkauf,LKW-MAN_TopUsed,Bus-MAN_TopUsed,MAN Van-MAN_TopUsed,Schiffsmotoren-MAN_TopUsed,Industriemotoren-MAN_TopUsed,LKW-BusTopService,Bus-BusTopService,MAN Van-BusTopService,Schiffsmotoren-BusTopService,Industriemotoren-BusTopService,LKW-eMobility,Bus-eMobility,MAN Van-eMobility,Schiffsmotoren-eMobility,Industriemotoren-eMobility
"SUZHOU DCH ZHONGMAN MOTOR SALES AND SERVICE CO., LTD.",Servicepartner,"No. 126 Yinsheng Road, Shengpu Town, Suzhou Industrial Park, 215000 Suzhou, China, , ",+86(0)13901832737,,yujm@cars.dch.com.cn,,yes,no,no,,,yes,,,,,,,,,,,,,,,,,,,
Jianmin Yu,Geschäftsführer,Telefon: +86(0)13901832737,Mobil: +86(0)13901832737,Fax: -,E-Mail: yujm@cars.dch.com.cn,            





"BEIJING JINGHUAN AUTOMOTIVE SERVICE CO.,LTD",Servicepartner,"No.15 Yard Beihuqu Road, 100101 Beijing, China, , ",+86(0)13901253376,,wyn19601023@sohu.com,,yes,no,no,,,,,,,,,,,,,,,,,,,,,,





CONRAY ASIA LTD,Servicepartner,"8 Zhu Yuan Road, Shunyi District, 101312 Beijing, China, , ",+86 (010)80480321,+86 (010)80480321,asmola@conraychina.com,,yes,no,no,,,yes,,,,,,,,,,,,,,,,,,,
Liqiang Zhang,MA Ersatzteilverkauf LKW,Telefon: +86(10)-80480370,Mobil: -,Fax: -,E-Mail: zhangliqiang@conraychina.com,            
Congzhi Zhong,Werkstattmitarbeiter LKW,Telefon: +86(10)-80480370,Mobil: -,Fax: -,E-Mail: zhongcongzhi@conraychina.com,            
Gangmin Jiang,Werkstattmitarbeiter LKW,Telefon: +86(10)-80480370,Mobil: -,Fax: -,E-Mail: jiangganmin@conraychina.com,            
Xun Wu,Werkstattmitarbeiter LKW,Telefon: +86(10)-80480370,Mobil: -,Fax: -,E-Mail: wuxun@conraychina.com,            
Jian Huo,Werkstattmitarbeiter LKW,Telefon: +86(10)-80480370,Mobil: -,Fax: -,E-Mail: huojian@conraychina.com,            
Hui Li,Direktor,Telefon: +861(0)-80480370,Mobil: -,Fax: -,E-Mail: lihui@conraychina.com,            





"DALIAN XINYU AUTO SALES AND SERVICE CO., LTD.",Servicepartner,"No. 269,Jinwan Road,Jinzhou District, 116000 Dalian, China, , ",+86(0)15941139555,,dlxybg@126.com,,yes,no,no,,,yes,,,,,,,,,,,,,,,,,,,
Wang Chao,Direktor,Telefon: +86 (0) 15941139555,Mobil: -,Fax: -,E-Mail: dlxybg@126.com,            





"FUJIAN WINNERMAN AUTO SALES & SERVICE CO., LTD.",Servicepartner,"Besides S203, Xianqian County, Minhou District, 350000 Fuzhou, China, , ",+86 (0)13860164864,,dick1009@qq.com,,yes,no,no,,,yes,,,,,,,,,,,,,,,,,,,
Li Jinyu,Geschäftsführer,Telefon: +86(0)13860164864,Mobil: -,Fax: -,E-Mail: dick1009@qq.com,            





"GUANGZHOU CHUANGXING COMMERCIAL VEHICLE CO., LTD.",Servicepartner,"2nd Floor,#9 Tangshi Street,Kemulang,Tianhe District, 510000 Guangzhou, China, , ",+86 (0) 139 2285 0333,,william.w.mao@gmail.com,,yes,no,no,,,yes,,,,,,,,,,,,,,,,,,,





HAINAN EQUATOR COMBINED AUTOMOBILE ACCESSORIES CO. LTD.,Servicepartner,": No. 24, D District, XinHuilei Logistics Complex Market, 572000 Sanya, China, , ",+86(898)88253212,,38250389@163.com,,yes,no,no,,,,,,,,,,,,,,,,,,,,,,
Jinshan Zhao,Geschäftsführer,Telefon: +86(898)88253212,Mobil: +86(0)13976281223,Fax: -,E-Mail: 38250389@163.com,            





"HANGZHOU ZHENHE INDUSTRY CO.,LTD",Servicepartner,"No.16, No.18 street,Economic and Technological Development Zone, Jianggan District, 310000 Hangzhou, China, , ",+ 86 (571) 86010129,,jiangmin@zh-auto.com,,yes,no,no,,,yes,,,,,,,,,,,,,,,,,,,





"HANGZHOU ZHONGXI TRADING CO.,LTD",Servicepartner,"Xichengji Commercial Center, 310000 Gongshu District, Hangzhou City, China, , ",+86 (571) 85333897,,13957169136@126.com,,,,,,,yes,,,,,,,,,,,,,,,,,,,





"HEILONGJIANG GAODE AUTOMOBILE SALES CO., LTD",Servicepartner,"No.6,Ningbo Road, Xiangfang District, 150060 Harbin, China, , ",+ 86(0)13845185268,,35240890@qq.com,,yes,no,no,,,yes,,,,,,,,,,,,,,,,,,,





"HUBEI TIAN JIANG XIONG SHI AUTOMOBILE SALES AND SERVICE CO., LTD.",Servicepartner,"No.1(3),Taizhong Road, Dongxihu, 430000 Wuhan, China, , ",+86 (0) 135 2914 6496,,zhangwenzhong001@126.com,,yes,no,no,,,yes,,,,,,,,,,,,,,,,,,,





"JIANGXI HUACE ECNOMIC AND TRADE CO., LTD.",Servicepartner,"No. 918, Jinsha Road, Xiaolan Developing Zone, 330207 Nanchang, China, , ",+86(0)18107004466,,fujianfeng@jxwah.com,,yes,no,no,,,,,,,,,,,,,,,,,,,,,,
Fu Jianfeng,,Telefon: +86(0)18107004466,Mobil: +86(0)18107004466,Fax: -,E-Mail: jf.fu@jxwah.com,            





"NEW ZEDONG TECHNOLOGY AND TRADING (BEIJING) CO., LTD.",Servicepartner,"Room 1507, Ronghua International Building, NO.10 Ronghua South Road, BDA Beijing, 100176 Beijing, China, , ",+86(10) 8776 5227,,fukun@nzdgroup.com,,,,,,,yes,,,,,,,,,,,,,,,,,,,





"SHANDONG SEANOR AUTOMOTIVE SUPPLY CHAIN CO., LTD.",Servicepartner,"No. 7278, Ji Yan Road, Central District, 250000 Ji'nan, China, , ",+86(0)13361035222,,jn_hsb@126.com,,yes,no,no,,,yes,,,,,,,,,,,,,,,,,,,
Hou Shebin,Direktor,Telefon: +86(0)13361035222,Mobil: -,Fax: -,E-Mail: jn_hsb@126.com,            





"SHANGHAI ZHENHE AUTO SALES & SERVICE CO.,LTD.",Servicepartner,"No1688 Siyi Road Malu town, 200331 Shanghai, China, , ",+86(21) 52844746,,lee_june@126.com,,yes,yes,no,,,yes,,,,,,,,,,,,,,,,,,,





"SHANXI JUNWO AUTOMOBILE SALES & SERVICE CO., LTD",Servicepartner,"Logistic park of North Automobile Trading, Xixian New District, 710000 Xi'an, China, , ",+86(29)38035589,,li.jie@man-sxjw.com,,yes,no,no,,,yes,,,,,,,,,,,,,,,,,,,
Zhang Zongyi,Direktor,Telefon: +86(0)13987346511,Mobil: -,Fax: -,E-Mail: zzy19740819@163.com,            





"SHENZHEN TOPWILL INTERNATIONAL TRADE CO., LTD.",Servicepartner,"B Tower & Annex, No. 138 Guantian Road, Guanlan Qiming Block, New Longhua District, 518000 Shenzhen, China, , ",+ 86 (755) 82219428,+ 86 (755) 82219428,,,yes,no,no,,,yes,,,,,,,,,,,,,,,,,,,





"SICHUAN DEMAN AUTO SALES SERVICE CO., LTD",Servicepartner,"No 121, 25th building, CIMC Auto park ,555 Zhongji Road,Chengdu,Sichuan, 610072 Chengdu, China, , ",+86(28)18382112396,,rex345@163.com,,yes,no,no,,,yes,,,,,,,,,,,,,,,,,,,





"TIANJIN POLY XINGCHI AUTOMOBILE TRADING CO., LTD",Servicepartner,"No.196,Xuri Road,Dagang Street, 300270 Binhai New Area, China, , ",+86(0)15122266655,,lzhwlzhwa@163.com,,,,,,,yes,,,,,,,,,,,,,,,,,,,





"XIAMEN JIASHUNDA AUTO REPAIR CO., LTD.",Servicepartner,"No. 205,Qianpu South Road, Siming District, 361008 Xiamen, China, , ",+86 (0) 18559218566,,xmxfwbc@163.com,,yes,no,no,,,,,,,,,,,,,,,,,,,,,,





"XINJIANG YUNHEHUI MECHANICAL AND ELECTRICAL EQUIPMENT CO., LTD",Servicepartner,"No.2877, Huijin Road, Midong District, 830019 Urumqi, China, , ",+86(0)13909920612,,shanshanxlw@126.com,,yes,no,no,,,yes,,,,,,,,,,,,,,,,,,,
Bai Yong,Geschäftsführer,Telefon: +86(0)13999983282,Mobil: -,Fax: -,E-Mail: shanshanxlw@126.com,            





"Y&G AUTOMOTIVE SERVICE CO.,LTD.",Servicepartner,"Tianlong Hotel west,Kuliushuhuandao,Shunyi District,Beijing,China, 101318 Beijing, China, , ",+86(10) 8844 9470,,yangjia@vip.sina.com,,yes,no,no,,,yes,,,,,,,,,,,,,,,,,,,





"YUNNAN JINLE AUTOMOBILE SALES SERVICE CO., LTD.",Servicepartner,"logistics park behind Juli B1 - 5, Kunming Economic Development Zone, 650217 Kunming, China, , ",+86(0)13888485846,,,,yes,no,no,,,yes,,,,,,,,,,,,,,,,,,,





