﻿Company Name,Service Partner,Address,Phone Number,Fax,Email,Website,LKW-Service,Bus-Service,MAN Van-Service,Schiffsmotoren-Service,Industriemotoren-Service,LKW-Verkauf,Bus-Verkauf,MAN Van-Verkauf,Schiffsmotoren-Verkauf,Industriemotoren-Verkauf,LKW-MAN_TopUsed,Bus-MAN_TopUsed,MAN Van-MAN_TopUsed,Schiffsmotoren-MAN_TopUsed,Industriemotoren-MAN_TopUsed,LKW-BusTopService,Bus-BusTopService,MAN Van-BusTopService,Schiffsmotoren-BusTopService,Industriemotoren-BusTopService,LKW-eMobility,Bus-eMobility,MAN Van-eMobility,Schiffsmotoren-eMobility,Industriemotoren-eMobility
M.V BUSES DE COSTA RICA S.A,Servicepartner,"La Uruca , de Dpt. Migracion 800 mts. Oeste contiguo a Incesa Estandar, 0 San José, Costa Rica, , ",+ 506 (22) 901308,+ 506 (22) 327702,andres@tracopa.com,,yes,yes,no,,,yes,yes,,,,,,,,,,,,,,,,,,





