﻿Company Name,Service Partner,Address,Phone Number,Fax,Email,Website,LKW-Service,Bus-Service,MAN Van-Service,Schiffsmotoren-Service,Industriemotoren-Service,LKW-Verkauf,Bus-Verkauf,MAN Van-Verkauf,Schiffsmotoren-Verkauf,Industriemotoren-Verkauf,LKW-MAN_TopUsed,Bus-MAN_TopUsed,MAN Van-MAN_TopUsed,Schiffsmotoren-MAN_TopUsed,Industriemotoren-MAN_TopUsed,LKW-BusTopService,Bus-BusTopService,MAN Van-BusTopService,Schiffsmotoren-BusTopService,Industriemotoren-BusTopService,LKW-eMobility,Bus-eMobility,MAN Van-eMobility,Schiffsmotoren-eMobility,Industriemotoren-eMobility
AUTOHUSET VESTERGAARD A/S,Servicepartner,"Vrøndingvej 3, 8700 Horsens, Dänemark, , ",+45 (76) 59 40 00,,mail.lastvogne@autohuset-vestergaard.dk,http://www.man-horsens.dk,yes,no,yes,,,,,,,,,,,,,,,,,,,,,,
Jens  Olesen,GeschäftsführerWerkstattmeister LKW,Telefon: +45(76)254397,Mobil: +45(51)381230,Fax: +45(76)594002,E-Mail: jens.olesen@autohuset-vestergaard.dk,            
Martin Bøgballe,Leiter Teile und Zubehör,Telefon: +45(76)263260,Mobil: -,Fax: +45(76)594002,E-Mail: martin.boegballe@autohuset-vestergaard.dk,            
Ole Vesløv,Leiter WerkstattWerkstattmeister,Telefon: +45(76)594000,Mobil: +45(24)445944,Fax: +45(76)594002,E-Mail: ole.veslov@autohuset-vestergaard.dk,            





BHS SERVICE CENTER,Servicepartner,"Vesthavnsvej 4, 3700 Rønne, Dänemark, , ",+45 (56)931650,+45 (56) 931651,tm@bhstrans.dk,,yes,no,no,,,,,,,,,,,,,,,,,,,,,,
Thoralf Mogensen,Werkstattmeister,Telefon: +45(56)931652,Mobil: +45(29)485010,Fax: -,E-Mail: tm@bhslogistics.dk,            
Mie Lund,ErsatzteilverkaufLAG_1557231898279,Telefon: +45(56)931659,Mobil: -,Fax: -,E-Mail: ml@bhslogistics.dk,            
Rasmus D. Pedersen, Værkfører   ,Telefon: +45(29)485011,Mobil: -,Fax: -,E-Mail: rdp@bhslogistics.dk,            





DIESEL DOK APS,Servicepartner,"Transportcentervej 15, 7400 Herning, Dänemark, , ",+45 (97)12 12 00,+45 (97) 12 84 12,ca@dieseldok.dk,http://www.dieseldok.dk,yes,no,yes,,,yes,,yes,,,,,,,,,,,,,,,,,
Mads Andsbjerg,DRI_1557231857909,Telefon: +45(97)121200,Mobil: +45(20)289596,Fax: -,E-Mail: ma@dieseldok.dk,            
Steffen Østergaard,LAG_1557231898279,Telefon: +45(97)121200,Mobil: +45(20)289597,Fax: -,E-Mail: soe@dieseldok.dk,            
Claus Ackermann, Værkfører   ,Telefon: +45(96)291260,Mobil: +45(20)289598,Fax: -,E-Mail: ca@dieseldok.dk,            
Flemming  Jensen,Verkäufer LKW,Telefon: +45(20)108063,Mobil: -,Fax: -,E-Mail: flemming.jensen.h@man.eu,            
Jørgen Knudsen,EFT_1556789969475,Telefon: +45(96)291266,Mobil: -,Fax: -,E-Mail: jkn@dieseldok.dk,            
Jan Haubjerg,Verkäufer VAN,Telefon: +45(23)630715,Mobil: -,Fax: -,E-Mail: jan.haubjerg@man.eu,            





"H.E. JØRGENSEN A/S, HASLEV",Servicepartner,"Vordingborgvej 430, 4690 Haslev, Dänemark, , ",+45 (56)30 30 30,+45 (56) 30 30 35,info@hej.as,http://www.hej.as,yes,no,yes,,,yes,,yes,,,,,,,,,,,,,,,,,
Kenneth Hansen,EFT_1556791501243,Telefon: +45(56)303033,Mobil: +45(40)428227,Fax: -,E-Mail: th@hej.as,            
Henrik E. Jørgensen,DIR_1556791170383,Telefon: +45(56)303031,Mobil: +45(40)448227,Fax: +45(56)303035,E-Mail: hej@hej.as,            
Gert Laursen,Leiter Teile und Zubehör,Telefon: +45 (56)303048,Mobil: +45(30)313048,Fax: +45(56)303035,E-Mail: gl@hej.as,            
Finn Rasmussen,VÆR_1556623053716,Telefon: +45(56)303042,Mobil: +45(40)448227,Fax: -,E-Mail: fr@hej.as,            
Thomas Ravn Olesen,Verkäufer VAN,Telefon: +45(20)148227,Mobil: -,Fax: -,E-Mail: tro@hej.as,            
Emil Jørgensen,VÆR_1556623053716,Telefon: +45(56)303046,Mobil: -,Fax: -,E-Mail: ej@hej.as,            
Henrik Pedersen,RES_1556791477571,Telefon: +45(56)303043,Mobil: -,Fax: -,E-Mail: hep@hej.as,            
Kenneth Simonsen,VÆR_1565787892940,Telefon: +45(56)303038,Mobil: -,Fax: -,E-Mail: kes@hej.as,            
Peter Ackermann,SAL_1565788062184,Telefon: +45(56)303053,Mobil: -,Fax: -,E-Mail: pac@hej.as,            
Thomas Hansen,PRO_1565788194805,Telefon: +45(56)303037,Mobil: -,Fax: -,E-Mail: th@hej.as,            
Steffen Feddersen,MAR_1557231924717,Telefon: +45(43)207797,Mobil: +45(21)611794,Fax: -,E-Mail: steffen.feddersen@man.eu,            
Jesper Mathiesen,FLE_1565785694210,Telefon: +45(43)207708,Mobil: +45(21)611767,Fax: -,E-Mail: jesper.mathiesen@man.eu,            
Johnnie Espersen,REG_1565785659473,Telefon: +45(21)611764,Mobil: -,Fax: -,E-Mail: johnnie.espersen@man.eu,            





"H.E. JØRGENSEN A/S, RINGSTED",Servicepartner,"Huginsvej 24, 4100 Ringsted, Dänemark, , ",+45 (57)614848,+45 (57)614748,clh@hej.as,http://www.hej.as,yes,no,yes,,,yes,,yes,,,,,,,,,,,,,,,,,
Claus Hare,VÆR_1556623053716,Telefon: +45 (57)614848,Mobil: +45 (40)278227,Fax: +45 (57)614748,E-Mail: clh@hej.as,            
Ole  Krogh Jensen,Leiter Teile und Zubehör,Telefon: +45(56)303050,Mobil: +45(30)466047,Fax: -,E-Mail: okj@hej.as,            
Thomas Ravn Olesen,Verkäufer VAN,Telefon: +45(20)148227,Mobil: -,Fax: -,E-Mail: tro@hej.as,            
Emil Jørgensen, Værkfører   ,Telefon: +45(56)303046,Mobil: -,Fax: -,E-Mail: ej@hej.as,            
Steffen Feddersen,MAR_1557231924717,Telefon: +45(43)207794,Mobil: -,Fax: -,E-Mail: steffen.feddersen@man.eu,            
Jesper Mathiesen,FLE_1565785694210,Telefon: +45(43)207708,Mobil: +45(21)611767,Fax: -,E-Mail: jesper.mathiesen@man.eu,            
Johnnie Espersen,REG_1565785659473,Telefon: +45(21)611764,Mobil: -,Fax: -,E-Mail: johnnie.espersen@man.eu,            





JENS JUNKER A/S,Servicepartner,"Vølundsvej 5, 3400 Hillerød, Dänemark, , ",+45 (48)26 86 22,+45 (48) 24 02 46,tim@jensjunker.dk,http://www.jensjunker.dk,yes,no,yes,,,yes,,yes,,,,,,,,,,,,,,,,,
Tim Nielsen,DRI_1557231857909,Telefon: +45(48)760152,Mobil: +45(40)448622,Fax: +45(48)240246,E-Mail: tim@jensjunker.dk,            
Flemming Jørgensen, Værkfører   ,Telefon: +45(48)760151,Mobil: +45(40)158623,Fax: +45(48)240246,E-Mail: flemming@jensjunker.dk,            
Jonathan Nielsen,LAG_1557231898279Ersatzteilverkauf,Telefon: +45(48)760156,Mobil: -,Fax: -,E-Mail: jonathan@jensjunker.dk,            
Poul Nielsen,VÆR_1556623053716,Telefon: +45(48)760152,Mobil: -,Fax: -,E-Mail: ph@jensjunker.dk,            
Nicki Schou Rasch,Verkäufer LKW,Telefon: +45(23)630712,Mobil: -,Fax: -,E-Mail: nicki-schou.rasch@man.eu,            
Nicklas Bengtsson,Verkäufer VAN,Telefon: +45(30)180102,Mobil: -,Fax: -,E-Mail: nicklas.bengtsson@man.eu,            





KJARTAN SIMONSEN,Servicepartner,"Klingrugardur 7, FR-700 Klaksvik, Dänemark, , ",+00(298)456 252,+00(298)456 272,man@man.fo,http://www.man.fo,yes,yes,yes,,,,,,,,,,,,,,,,,,,,,,
Kjartan Simonsen,BetriebsleiterMA Verkauf LKWPannenmonteur LKW,Telefon: +298(456)252,Mobil: -,Fax: +298(458)272,E-Mail: kjartan@kallnet.fo,            





MAN NORDJYLLAND A/S AALBORG,Servicepartner,"Atletikvej 1, 9230 Svenstrup, Dänemark, , ",+45(98)389966,,,http://www.mannord.dk,yes,yes,yes,,,yes,,yes,,,,,,,,,yes,,,,,,,,
Jens Kristian Avlskarl,Ersatzteilverkauf,Telefon: +45(96)377432,Mobil: +45(23)639928,Fax: -,E-Mail: jv@mannord.dk,            
Steen Hosbond,VÆR_1556623053716,Telefon: +45(96)377431,Mobil: +45(81)779501,Fax: -,E-Mail: sh@mannord.dk,            
Erik B. Nielsen,Leiter Verkauf,Telefon: +45(96)377440,Mobil: +45(20)108092,Fax: -,E-Mail: ebn@mannord.dk,            
Morten Møller Fanø,Verkäufer LKW,Telefon: +45(96)377438,Mobil: +45(21)611797,Fax: -,E-Mail: mf@mannord.dk,            
Alex Skjødt Andersen,Verkäufer VAN,Telefon: +45(96)377435,Mobil: +45(30)180101,Fax: -,E-Mail: asa@mannord.dk,            
Kjeld Jacobsen,DRI_1565790584010,Telefon: +45(81)779500,Mobil: -,Fax: -,E-Mail: kj@mannord.dk,            
Henrik N. Knudsen,REG_1565785659473,Telefon: +45(43)207804,Mobil: +45(21)611799,Fax: -,E-Mail: henrik.n.knudsen@man.eu,            
Jesper Mathiesen,FLE_1565785694210,Telefon: +45(43)207708,Mobil: +45(21)611767,Fax: -,E-Mail: jesper.mathiesen@man.eu,            





MAN NORDJYLLAND A/S FREDERIKSHAVN,Servicepartner,"Nordvej 16, 9900 Frederikshavn, Dänemark, , ",+45 (98)47 91 04,+45 (98) 47 91 03,frederikshavn@mannord.dk,http://www.mannord.dk/,yes,no,yes,,,yes,,yes,,,,,,,,,,,,,,,,,
Henrik S. Andersen,LAG_1557143442728,Telefon: +45(98)479107,Mobil: +45(41)933064,Fax: +45(98)479103,E-Mail: hsa@mannord.dk,            
Kalle Houmann,DRI_1556785481777,Telefon: +45(98)479104,Mobil: +45(20)618468,Fax: +45(98)479103,E-Mail: kah@mannord.dk,            
Morten Møller Fanø,Verkäufer LKW,Telefon: +45 (21) 611797,Mobil: +45 (21)611797,Fax: -,E-Mail: mf@mannord.dk,            
Peter Larsen,VÆR_1556623053716,Telefon: +45(98)479104,Mobil: +45(20)586502,Fax: -,E-Mail: pjc@mannord.dk,            





MAN NORDJYLLAND A/S HJØRRING,Servicepartner,"Johs. E. Rasmussensvej 14, 9800 Hjørring, Dänemark, , ",+45 (98)92 54 11,+45 (98) 92 58 30,hjoerring@mannord.dk,http://www.mannord.dk/,yes,no,yes,,,yes,,yes,,,,,,,,,,,,,,,,,
Kalle Houmann,DRI_1556785481777Ansprechpartner Zahlungsgarantie LKWPannenmonteur LKW,Telefon: +45(20)618468,Mobil: -,Fax: -,E-Mail: kah@mannord.dk,            
Lars Frederiksen,VÆR_1556623053716,Telefon: +45(98)925411,Mobil: +45(20)472950,Fax: +45(98)925830,E-Mail: lf@mannord.dk,            
Erik Brændgaard Nielsen ,Leiter Verkauf,Telefon: +45 (96)377440,Mobil: +45 (20)108092,Fax: -,E-Mail: ebn@mannord.dk,            
Morten Fanø,Verkäufer LKW,Telefon: +45(96)377438,Mobil: +45(21)611797,Fax: -,E-Mail: mf@mannord.dk,            
Jens Martin Pedersen,LAG_1557143442728Ersatzteilverkauf,Telefon: +45(22)896686,Mobil: -,Fax: -,E-Mail: jmp@mannord.dk,            





MAN NORDJYLLAND A/S THISTED,Servicepartner,"Løvevej 6, 7700 Thisted, Dänemark, , ",+45 (97)911655,+45 (97)926139,thisted@mannord.dk,http://www.mannord.dk/,yes,no,yes,,,yes,,yes,,,,,,,,,,,,,,,,,
Erik Brændgaard Nielsen,Verkäufer LKWLeiter Verkauf,Telefon: +45 (96)377440,Mobil: -,Fax: -,E-Mail: ebn@mannord.dk,            
Kalle Houmann,Centerleiter,Telefon: +45(20)618468,Mobil: -,Fax: -,E-Mail: kah@mannord.dk,            
Jørgen Christensen,Leiter WerkstattAnsprechpartner Pannenruf Lkw,Telefon: +45 (40)216655,Mobil: -,Fax: -,E-Mail: jlc@mannord.dk,            
Ole Nyby,ErsatzteilverkaufLeiter Teile und Zubehör,Telefon: +45(22)897984,Mobil: -,Fax: -,E-Mail: on@mannord.dk,            





MAN TRUCK & BUS ESBJERG A/S,MAN-Servicebetrieb,"Guldborgsundvej 2, 6705 Esbjerg Ø, Dänemark, , ",+45 (75)15 05 00,,man-esbjerg@man.dk,http://www.man.dk,yes,yes,yes,,,yes,,yes,,,yes,,yes,,,,yes,,,,,,,,
Erik Christiansen,Verkäufer LKW,Telefon: +45(76)132359,Mobil: +45(20)108049,Fax: -,E-Mail: Erik_Christiansen@man.dk,            
Jørgen Andersen,Verkäufer LKW,Telefon: +45 (76)132561,Mobil: +45 (20)108058,Fax: -,E-Mail: jørgen.andersen@man.eu,            
Klaus H. Jensen,Werkstattmeister,Telefon: +45(76)132356,Mobil: +45(21)797691,Fax: -,E-Mail: klaus.h.jensen@man.eu,            
Michael Lønne Grundahl,Verkäufer VAN,Telefon: +45(76)132362,Mobil: +45(23)630710,Fax: -,E-Mail: michael.grundahl@man.eu ,            
Thomas H. Jensen ,KUN_1556785441684,Telefon: +45(76)132363,Mobil: +45(20)108087,Fax: -,E-Mail: thomas.h.jensen@man.eu,            
Henrik N. Knudsen,REG_1565785659473,Telefon: +45(43)207804,Mobil: +45(21)611799,Fax: -,E-Mail: henrik.n.knudsen@man.eu,            
Jesper Mathiesen,FLE_1565785694210,Telefon: +45(43)2077708,Mobil: +45(21)611767,Fax: -,E-Mail: jesper.mathiesen@man.eu,            





MAN TRUCK & BUS KOLDING A/S,MAN-Servicebetrieb,"Kokbjerg 2, 6000 Kolding, Dänemark, , ",+45 (76)32 15 00,+45 (75) 51 71 08,man-kolding@man.dk,http://www.man.dk,yes,yes,yes,,,yes,,yes,,,yes,,yes,,,,yes,,,,,,,,
Carsten Aalling,LAG_1557231898279,Telefon: +45(20)108072,Mobil: -,Fax: -,E-Mail: carsten.aaling@man.eu,            
Sune  Sørensen ,Werkstattmeister,Telefon: +45(76)321508 ,Mobil: +45(21)611782,Fax: +45 (75) 517108,E-Mail: sune-soerensen@man.eu,            
Ole Dahm Nielsen,DRI_1557231857909,Telefon: +45(76)321512,Mobil: +45 (20)108069,Fax: +45 (75) 517108,E-Mail: ole.nielsen@man.eu,            
Steffen Andreasen,Verkäufer LKW,Telefon: +45(21)611754,Mobil: -,Fax: -,E-Mail: steffen.andreasen@man.eu,            
Brian Stoltenborg,Verkäufer MAN TopUsed,Telefon: +45(21)611788,Mobil: -,Fax: -,E-Mail: brian.stoltenborg@man.eu,            
Victor Paysen,JUN_1565789042262,Telefon: +45(20)108073,Mobil: -,Fax: -,E-Mail: victor.paysen@man.eu,            
Henrik O. Hansen,Verkäufer VAN,Telefon: +45(20)108095,Mobil: -,Fax: -,E-Mail: henrik.o.hansen@man.eu,            
Mogens Kastbjerg Petersen,Verkäufer MAN TopUsed,Telefon: +45(21)611783,Mobil: -,Fax: -,E-Mail: mogens.petersen@man.eu,            
Nick Toxvig,TEK_1556791746264,Telefon: +45(76)321509,Mobil: -,Fax: -,E-Mail: nick.toxvig@man.eu,            
Jacek Rosiak,ADM_1556791762543,Telefon: +45(76)321509,Mobil: -,Fax: -,E-Mail: jacek.rosiak@man.eu,            
Henrik N. Knudsen,REG_1565785659473,Telefon: +45(43)207804,Mobil: +45(21)611799,Fax: -,E-Mail: henrik.n.knudsen@man.eu,            
Jesper Mathiesen,FLE_1565785694210,Telefon: +45(43)20778,Mobil: +45(21)611767,Fax: -,E-Mail: jesper.mathiesen@man.eu,            
Morten Andersen,Verkäufer LKW,Telefon: +45(21)611754,Mobil: -,Fax: -,E-Mail: morten.andersen.b@man.eu,            





MAN TRUCK & BUS ODENSE AS,Servicepartner,"Højmevej 19, 5250 Odense SV, Dänemark, , ",+45 (66)171701,+45 (66)172850,msk@man-fyn.dk,http://www.man-fyn.dk,yes,yes,yes,,,yes,yes,yes,,,,,,,,,yes,,,,,,,,
Bo Lund Andersen,Werkstattmeister,Telefon: +45(63)171262,Mobil: +45 (21)264950,Fax: +45 (66)172850,E-Mail: bo@man-fyn.dk,            
Martin Sehested Kjærgaard,Verkäufer LKW,Telefon: +45(63)171235,Mobil: +45(40)167623,Fax: -,E-Mail: msk@man-fyn.dk,            
Henrik Sehested-Kjærgaard,LAG_1557231898279,Telefon: +45 (63) 171245,Mobil: +45(21)619137,Fax: -,E-Mail: lager@man-fyn.dk,            
Hans Christian Sørensen, Værkfører   ,Telefon: +45(63)171261,Mobil: +45(21)696338,Fax: -,E-Mail: hc@man-fyn.dk,            
Jørgen Sehested Kjærgaard,DIR_1557231886190,Telefon: +45(63)171230,Mobil: +45(21)619140,Fax: +45(66)172850,E-Mail: jsk@man-fyn.dk,            
Erik Balking, Værkfører   ,Telefon: +45(63)171267,Mobil: +45(23)433359,Fax: -,E-Mail: erik@man-fyn.dk,            
Claus Christensen,Verkäufer VAN,Telefon: +45(21)619139,Mobil: -,Fax: -,E-Mail: claus@man-fyn.dk,            
Steffen Feddersen,MAR_1557231924717,Telefon: +45(43)207794,Mobil: +45(21)611794,Fax: -,E-Mail: steffen.feddersen@man.eu,            
Jesper Mathiesen,FLE_1565785694210,Telefon: +45(43)207708,Mobil: +45(21)611767,Fax: -,E-Mail: jesper.mathiesen@man.eu,            
Johnnie Espersen,REG_1565785659473,Telefon: +45(21)611764,Mobil: -,Fax: -,E-Mail: johnnie.espersen@man.eu,            





MAN TRUCK & BUS PADBORG A/S,MAN-Servicebetrieb,"Hermesvej 17, 6330 Padborg, Dänemark, , ",+45 (74)67 20 55,+45 (74) 67 45 09,man-padborg@man.eu,http://www.man.dk,yes,yes,yes,,,yes,,yes,,,yes,,yes,,,,yes,,,,,,,,
Claus Hjorth,SAL_1565790184856,Telefon: +45(73)306120,Mobil: +45(20)108026,Fax: -,E-Mail: claus.hjorth@man.eu,            
Flemming Larsen, Værkfører   ,Telefon: +45(73)306127,Mobil: +45(20)108084,Fax: -,E-Mail: flemming.larsen@man.eu,            
Per Meier,Leiter Teile und Zubehör,Telefon: +45(73)306131,Mobil: +45(20)108081,Fax: -,E-Mail: per.meier@man.eu,            
Martin Raun Johansen,DRI_1556785481777,Telefon: +45(73)306123,Mobil: +45(20)108083,Fax: +45(74)674509,E-Mail: martin.johansen@man.eu,            
Victor Paysen,JUN_1565789042262,Telefon: +45(73)306125,Mobil: +45(20)108073,Fax: -,E-Mail: victor.paysen@man.eu,            
Christian Warnke,Verkäufer MAN TopUsed,Telefon: +45(73)306129,Mobil: +45(20)108026,Fax: -,E-Mail: christian.warnke@man.eu,            
Claus Häbel,LAG_1565790253391,Telefon: +45(73)306132,Mobil: +45(20)108081,Fax: -,E-Mail: claus.haebel@man.eu,            
Frank Nissen,Verkäufer LKW,Telefon: +45(73)306122,Mobil: +45(20)108052,Fax: -,E-Mail: frank.nissen@man.eu,            
Jean Wesemann,VÆR_1556623053716,Telefon: +45(73)306128,Mobil: +45(20)108080,Fax: -,E-Mail: jean.wesemann@man.eu,            
Henrik N. Knudsen,REG_1565785659473,Telefon: +45(43)207804,Mobil: +45(21)611799,Fax: -,E-Mail: henrik.n.knudsen@man.eu,            
Jesper Mathiesen,FLE_1565785694210,Telefon: +45(43)207708,Mobil: +45(21)611767,Fax: -,E-Mail: jesper.mathiesen@man.eu,            
Henrik O. Hansen,Verkäufer VAN,Telefon: +45(20)108095,Mobil: -,Fax: -,E-Mail: henrik.o.hansen@man.eu,            
Mogens Kastbjerg Petersen,Verkäufer MAN TopUsed,Telefon: +45(21)611783,Mobil: -,Fax: -,E-Mail: mogens.petersen@man.eu,            
Johannes Boje,Werkstattmeister,Telefon: +45(73)306130,Mobil: +45(20)108089,Fax: -,E-Mail: johannes.boje@man.eu,            





MAN TRUCK & BUS TILST (AARHUS) A/S,MAN-Servicebetrieb,"Grydhojparken 22, 8381 Tilst (Aarhus), Dänemark, , ",+45 (87)451800,+45 (87) 451818,man-aarhus@man.dk,http://www.man.dk,yes,yes,yes,,,yes,yes,yes,,,yes,,yes,,,,yes,,,,,,,,
Carsten Sanden,LAG_1557231898279,Telefon: +45 (87) 451811,Mobil: +45 (20) 108094,Fax: +45 (87) 451818,E-Mail: carsten.sanden@man.eu,            
Thomas Michaelsen,Werkstattmeister,Telefon: +45(87)451800,Mobil: +45(21)611772,Fax: -,E-Mail: thomas.michaelsen@man.eu,            
Jan Thomsen,Verkäufer LKW,Telefon: +45(20)108077,Mobil: -,Fax: -,E-Mail: jan.thomsen@man.eu,            
Jacob Skovsgaard,KUN_1556785441684,Telefon: +45(93)377434,Mobil: +45(21)611779,Fax: -,E-Mail: jacob.skovsgaard@man.eu,            
Kim Ruben Blak,VÆR_1556623053716,Telefon: +45(21)611772,Mobil: -,Fax: -,E-Mail: kim-ruben.blak@man.eu,            
Michael Frøslev,Verkäufer VAN,Telefon: +45(30)180106,Mobil: -,Fax: -,E-Mail: michael.froeslev@man.eu,            
Henrik N. Knudsen,REG_1565785659473,Telefon: +45(43)207804,Mobil: +45(21)611799,Fax: -,E-Mail: henrik.n.knudsen@man.eu,            
Jesper Mathiesen,FLE_1565785694210,Telefon: +45(43)207708,Mobil: +45(21)611767,Fax: -,E-Mail: jesper.mathiesen@man.eu,            
Dino Balesic,Verkäufer LKW,Telefon: +45(20)108096,Mobil: -,Fax: -,E-Mail: dino.balesic@man.eu,            





MAN TRUCK OG BUS AVEDØRE HOLME A/S,MAN-Servicebetrieb,"Stamholmen 219, 2650 Hvidovre, Dänemark, , ",+45 (29) 22 00 60,,claus.jensen@man.eu,http://www.man.dk,yes,yes,yes,,,yes,yes,yes,,,yes,,yes,,,,yes,,,,,,yes,,
Martin M Andersen,Werkstattmeister,Telefon: +45(29)220061,Mobil: -,Fax: -,E-Mail: martin.m.andersen@man.eu,            
Martin Enselmann,Ersatzteilverkauf,Telefon: +45(29)220065,Mobil: -,Fax: -,E-Mail: martin.enselmann@man.eu,            
Carsten Lynge Rasmussen,VÆR_1528964865613,Telefon: +45(29)220062,Mobil: -,Fax: -,E-Mail: carsten-lynge.rasmussen@man.eu,            
Belinda Holecz,VÆR_1528964831456,Telefon: +45(29)220063,Mobil: -,Fax: -,E-Mail: belinda.holecz@man.eu,            
Nicklas Bengtsson,Verkäufer VAN,Telefon: +45(30)180102,Mobil: -,Fax: -,E-Mail: nicklas.bengtsson@man.eu,            
Nicki Schou Rasch,Verkäufer LKW,Telefon: +45(23)630712,Mobil: -,Fax: -,E-Mail: nicki-schou.rasch@man.eu,            
Claus Jensen,KUN_1556785441684,Telefon: +45(43)207770,Mobil: +45(21)611777,Fax: -,E-Mail: claus.jensen@man.eu,            
Theis Husted, Værkfører   ,Telefon: +45(29)220064,Mobil: -,Fax: -,E-Mail: theis.husted@man.eu,            
Steffen Feddersen,MAR_1557231924717,Telefon: +45(21)611794,Mobil: -,Fax: -,E-Mail: steffen.feddersen@man.eu,            
Jesper Mathiesen,FLE_1565785694210,Telefon: +45(43)207708,Mobil: +45(21)611767,Fax: -,E-Mail: jesper.mathiesen@man.eu,            
Johnnie Espersen,REG_1565785659473,Telefon: +45(21)611764,Mobil: -,Fax: -,E-Mail: johnnie.espersen@man.eu,            





MAN TRUCK OG BUS GREVE A/S,MAN-Servicebetrieb,"Ventrupparken 6, 2670 Greve, Dänemark, , ",+45 (43)43 20 44,,claus.jensen@man.eu,http://www.man.dk,yes,yes,yes,,,yes,yes,yes,,,yes,,yes,,,,yes,,,,,yes,,,
Susanne Nielsen,Ersatzteilverkauf,Telefon: +45(43)207728,Mobil: +45(23)630704,Fax: -,E-Mail: susanne.nielsen@man.eu,            
Bjørn Hammar,Werkstattmeister,Telefon: +45(43)432044,Mobil: +45 (21) 61 91 46,Fax: -,E-Mail: bjoern.hammar@man.eu,            
Pia Frederiksen,VÆR_1557143923834,Telefon: +45 (43) 20 77 90,Mobil: +45 (21) 61 17 73,Fax: -,E-Mail: pia.frederiksen@man.eu,            
Jonas O. Madsen,Verkäufer LKW,Telefon: +45(21)611770,Mobil: -,Fax: -,E-Mail: jonas.madsen@man.eu,            
Steffen Feddersen,MAR_1557144488150,Telefon: +45(43)207794,Mobil: -,Fax: -,E-Mail: steffen.feddersen@man.eu,            
Jesper Mathiesen,FLE_1565785694210,Telefon: +45(43)207708,Mobil: -,Fax: -,E-Mail: jesper.mathiesen@man.eu,            
Peter Bischoff,VÆR_1556623053716,Telefon: +45(43)207788,Mobil: +45(23)630703,Fax: -,E-Mail: peter.bischoff@man.eu,            
Claus Jensen,KUN_1556785441684,Telefon: +45(43)207770,Mobil: +45(21)611777,Fax: -,E-Mail: claus.jensen@man.eu,            
Stefan Broed,Værkførerassistent  ,Telefon: +45(43)207718,Mobil: -,Fax: -,E-Mail: stefan.broed@man.eu,            
Johnnie Espersen,REG_1565785659473,Telefon: +45(21)611764,Mobil: -,Fax: -,E-Mail: johnnie.espersen@man.eu,            
Ole Burlin,Verkäufer VAN,Telefon: +45(23)630714,Mobil: -,Fax: -,E-Mail: ole.burlin@man.eu,            





TJ TRUCK SERVICE APS,Servicepartner,"Lundholmvej 10, 7500 Holstebro, Dänemark, , ",+45 (96) 10 60 89,,info@tjtruck.dk,http://www.tjtruck.dk,yes,no,yes,,,,,,,,,,,,,,,,,,,,,,
Thomas Johansen,GeschäftsführerWerkstattmeister LKW,Telefon: +45 (97) 40 22 11,Mobil: -,Fax: -,E-Mail: thomas@tjtruck.dk,            
Jørgen Buurgaard,Leiter Teile und ZubehörErsatzteilverkauf,Telefon: +45 (96) 10 60 88,Mobil: -,Fax: -,E-Mail: jorgen@tjtruck.dk,            
Lars Berthelsen,VÆR_1556623053716,Telefon: +45 (96) 10 60 89,Mobil: -,Fax: -,E-Mail: lars@tjtruck.dk,            
Flemming Jensen,Verkäufer LKW,Telefon: +45 (20) 10 80 63,Mobil: -,Fax: -,E-Mail: flemming.jensen.h@man.eu,            
Jan Haubjerg,Verkäufer VAN,Telefon: +45 (26) 63 07 15,Mobil: -,Fax: -,E-Mail: jan.haubjerg@man.eu,            





USISAAT AUTO SERVICE,Servicepartner,"Industrivej 53, 3900 Nuuk, Dänemark, , ",+299(34)3918,,auto@usisaat.gl,http://usisaat.gl,yes,no,yes,,,,,,,,,,,,,,,,,,,,,,
Kim j. Jørgensen, Værkfører   ,Telefon: +299(34)3910,Mobil: -,Fax: -,E-Mail: auto@usisaat.gl,            
Jan Tobiassen,LAG_1557231898279,Telefon: +299(34)3911,Mobil: -,Fax: -,E-Mail: lager@usisaat.gl,            
Minik D. Gerstrøm,DIR_1557231886190,Telefon: +299(34)3912,Mobil: -,Fax: -,E-Mail: Minik@usisaat.gl,            





