﻿Company Name,Service Partner,Address,Phone Number,Fax,Email,Website,LKW-Service,Bus-Service,MAN Van-Service,Schiffsmotoren-Service,Industriemotoren-Service,LKW-Verkauf,Bus-Verkauf,MAN Van-Verkauf,Schiffsmotoren-Verkauf,Industriemotoren-Verkauf,LKW-MAN_TopUsed,Bus-MAN_TopUsed,MAN Van-MAN_TopUsed,Schiffsmotoren-MAN_TopUsed,Industriemotoren-MAN_TopUsed,LKW-BusTopService,Bus-BusTopService,MAN Van-BusTopService,Schiffsmotoren-BusTopService,Industriemotoren-BusTopService,LKW-eMobility,Bus-eMobility,MAN Van-eMobility,Schiffsmotoren-eMobility,Industriemotoren-eMobility
AUTOBAHN CUENCA (INTRANS ECUADOR S.A.),Servicepartner,"Av. Gil Ramírez Dávalos y el Pedregal, 0 Cuenca, Ecuador, , ",+593 (0) 7 2870299,,,,yes,yes,no,,,yes,yes,,,,,,,,,,,,,,,,,,
Jose Espinoza,Leiter After Sales,Telefon: +593 (07) 2870299 ,Mobil: -,Fax: -,E-Mail: xespinoza@autobahn.com.ec,            
Oliver Ochoa,Serviceassistenz,Telefon: +593 (07) 2870299 ,Mobil: -,Fax: -,E-Mail: oochoa@autobahn.com.ec,            
Henry Bustamante,Werkstattmeister LKW,Telefon: + 593 (7) 2870299 104,Mobil: -,Fax: -,E-Mail: hbustamante@autobahn.com.ec,            





AUTOBAHN GUAYAQUIL (INTRANS ECUADOR S.A.),Servicepartner,"Av. De las Americas e Isidro Ayora, x Guayaquil, Ecuador, , ",+ 593 (0) 4 6000 150,,mhoffmann@man-ecuador.com.ec,,,,,,,yes,yes,,,,,,,,,,,,,,,,,,
Manuel Hoffmann,Kontaktperson Solution Guide LKWLeiter After Sales,Telefon: + 593 (0) 4 6000 1500 4035,Mobil: -,Fax: -,E-Mail: mhoffmann@man-ecuador.com.ec,            





AUTOBAHN MACHALA (INTRANS ECUADOR S.A.),Servicepartner,"Av. 25 de Junio km 1, x Machala, Ecuador, , ",+ 593 (07) 2985461,,jmaldonado@autobahn.com.ec,,yes,yes,no,,,yes,yes,,,,,,,,,,,,,,,,,,
Jorge Maldonado,Werkstattmeister LKW,Telefon: + 593 (07) 2985461,Mobil: -,Fax: -,E-Mail: jmaldonado@autobahn.com.ec,            





AUTOBAHN MANTA (INTRANS ECUADOR S.A.),Servicepartner,"Av. 4 de Noviembre, x Manta, Ecuador, , ",+593(5)2925074,,,,yes,yes,no,,,yes,yes,,,,,,,,,,,,,,,,,,





AUTOBAHN QUITO GUAMANI (INTRANS ECUADOR S.A.),Servicepartner,"Av. Pedro Vicente Maldonado S55-247 y Calle 2, Sector Guamaní, x Quito, Ecuador, , ",+ 593 (2) 3070561,,,,yes,yes,no,,,yes,yes,,,,,,,,,,,,,,,,,,





STARMOTORS GUAYAQUIL,Servicepartner,"Acceso sur a la Av. Francisco de Orellana y Av. Dr. Juan Tanca Marengo (Junto a Indumot y Radio Sucre), 0 Guayaquil, Ecuador, , ",+593 (0) 9 8921 6571,,margarita.tchistyakova@starmotors.com.ec,,yes,yes,no,,,yes,yes,,,,,,,,,,,,,,,,,,
Margarita Tchistyakova,Centerleiter,Telefon: +593 (04) 2875054,Mobil: -,Fax: -,E-Mail: margarita.tchistyakova@starmotors.com.ec,            





