﻿Company Name,Service Partner,Address,Phone Number,Fax,Email,Website,LKW-Service,Bus-Service,MAN Van-Service,Schiffsmotoren-Service,Industriemotoren-Service,LKW-Verkauf,Bus-Verkauf,MAN Van-Verkauf,Schiffsmotoren-Verkauf,Industriemotoren-Verkauf,LKW-MAN_TopUsed,Bus-MAN_TopUsed,MAN Van-MAN_TopUsed,Schiffsmotoren-MAN_TopUsed,Industriemotoren-MAN_TopUsed,LKW-BusTopService,Bus-BusTopService,MAN Van-BusTopService,Schiffsmotoren-BusTopService,Industriemotoren-BusTopService,LKW-eMobility,Bus-eMobility,MAN Van-eMobility,Schiffsmotoren-eMobility,Industriemotoren-eMobility
KEIL M.A. OÜ - TALLINN,Servicepartner,"Peterburi tee 88, 11415 Tallinn, Estland, , ",+372 (6) 052000,+372 (6) 212310,info@keilma.ee,http://www.keilma.ee,yes,yes,no,,,yes,yes,,,,yes,yes,,,,,,,,,,,,,
Rait Tamme,Leiter After Sales,Telefon: +372 (6) 05 2003,Mobil: -,Fax: +372(6) 212310,E-Mail: rait.tamme@keilma.ee,            
Kristen Kokk,Teamleiter Teile und Zubehör,Telefon: +372(6) 052000,Mobil: -,Fax: +372(6) 212310,E-Mail: kristen.kokk@keilma.ee,            
Paavo Uljas,Leiter Verkauf Gebrauchtwagen,Telefon: +372(6)052000,Mobil: +372(5) 093541,Fax: +372(6) 212310,E-Mail: paavo@keilma.ee,            





KEIL M.A. OÜ - VALGA,Servicepartner,"Transpordi 11, 68205 Valga, Estland, , ",+372 (7)6610 33,+372 (7)6610 22,valga.service@keilma.ee,http://www.keilma.ee,yes,no,no,,,,,,,,,,,,,,,,,,,,,,
Tarmo Sammal,ServicemitarbeiterLeiter Werkstatt,Telefon: +372(6)052000,Mobil: -,Fax: -,E-Mail: tarmo.sammal@keilma.ee,            





