﻿Company Name,Service Partner,Address,Phone Number,Fax,Email,Website,LKW-Service,Bus-Service,MAN Van-Service,Schiffsmotoren-Service,Industriemotoren-Service,LKW-Verkauf,Bus-Verkauf,MAN Van-Verkauf,Schiffsmotoren-Verkauf,Industriemotoren-Verkauf,LKW-MAN_TopUsed,Bus-MAN_TopUsed,MAN Van-MAN_TopUsed,Schiffsmotoren-MAN_TopUsed,Industriemotoren-MAN_TopUsed,LKW-BusTopService,Bus-BusTopService,MAN Van-BusTopService,Schiffsmotoren-BusTopService,Industriemotoren-BusTopService,LKW-eMobility,Bus-eMobility,MAN Van-eMobility,Schiffsmotoren-eMobility,Industriemotoren-eMobility
ATOY REKKAHUOLTO KUOPIO,Servicepartner,"Hakalahdentie 13, 70460 Kuopio, Finnland, , ",+358 (0)44 3643 300,,kuopio@atoy.fi,http://www.atoyrekkahuolto.fi,yes,no,yes,,,,,,,,,,,,,,,,,,,,,,
Jouko Penttinen,Werkstattmeister,Telefon: +358(0)44 3644 342,Mobil: -,Fax: -,E-Mail: jouko.penttinen@atoy.fi,            
Hannu Eskelinen,Leiter Werkstatt,Telefon: +358(0)44 3644 340,Mobil: -,Fax: -,E-Mail: hannu.eskelinen@atoy.fi,            
Heikki Miettinen,MA Ersatzteilverkauf LKW,Telefon: +358 (0)44 3644 302,Mobil: -,Fax: -,E-Mail: heikki.miettinen@atoy.fi,            
Esa Pylkkänen,Werkstattmeister LKWKundenbetreuer,Telefon: +358 (0)44 3644 330,Mobil: -,Fax: -,E-Mail: esa.pylkkanen@atoy.fi,            
Tero Toivonen,MA Ersatzteilverkauf LKW,Telefon: +358 (0)44 3644 348,Mobil: -,Fax: -,E-Mail: tero.toivonen@atoy.fi,            





E. HARTIKAINEN OY IISALMI,Servicepartner,"Marjahaankierto 11, 74120 IISALMI, Finnland, , ",+358(0)400338822,,,http://hartikainen.com,yes,no,yes,,,,,,,,,,,,,,,,,,,,,,





E. HARTIKAINEN OY JOENSUU,Servicepartner,"Pamilonkatu 31, 80130 JOENSUU, Finnland, , ",+358(0)400793344,,,http://www.hartikainen.com,yes,no,yes,,,,,,,,,,,,,,,,,,,,,,





E. HARTIKAINEN OY KAJAANI,Servicepartner,"Syväojankatu 5, 87700 KAJAANI, Finnland, , ",+358(0)400334864,,,http://hartikainen.com,yes,no,yes,,,,,,,,,,,,,,,,,,,,,,





KR TRUCKS OY,Servicepartner,"Kannistontie 141, 33880 Lempäälä, Finnland, , ",+358(0)447583354,,info@krtrucks.fi,http://krtrucks.fi,yes,no,yes,,,,,,,,,,,,,,,,,,,,,,
Kalle Pärssinen,Geschäftsführer,Telefon: +358(0) 44758354,Mobil: -,Fax: -,E-Mail: kalle@krtrucks.fi,            





LINNUS AUTO OY,Servicepartner,"Isokalliontie 2, 67600 Kokkola, Finnland, , ",+358 (0)6 832 4700,,info@linnus-auto.fi,http://www.linnus-auto.fi,yes,no,yes,,,,,,,,,,,,,,,,,,,,,,
Anette Solonen-Krok,MA Ersatzteilverkauf LKWLeiter After Sales,Telefon: +358 (0)44 0324 702,Mobil: -,Fax: -,E-Mail: anette.solonen-krok@linnus-auto.fi,            
Mikael Krok,Leiter Werkstatt,Telefon: +358 (0)44 0324 712,Mobil: -,Fax: -,E-Mail: mikael.krok@linnus-auto.fi,            
John Holmbäck,MA Ersatzteilverkauf LKW,Telefon: +358 (0)44 032 4704,Mobil: -,Fax: -,E-Mail: varaosat@linnus-auto.fi,            





MAN CENTER,Servicepartner,"Kartanonherrantie 5, 02920 Espoo, Finnland, , ",+358 (0)10 533 3910,,mancenter@mancenter.fi,http://www.mancenter.fi,yes,yes,yes,,,yes,yes,yes,,,yes,,yes,,,,,,,,,,,,
Pertti Paavilainen,MA Ersatzteilverkauf LKWMA Ersatzteilverkauf BUS,Telefon: +358 (0) 10 533 3920,Mobil: +358 (0) 10 533 3920,Fax: -,E-Mail: pertti.paavilainen@mancenter.fi,            
Jari Riihimäki,Leiter Werkstatt,Telefon: +358(0)50410079,Mobil: +358(0)50410079,Fax: -,E-Mail: jari.riihimaki@manfinland.fi,            
Juha Kärkkäinen,Ersatzteilverkauf,Telefon: +358(0)105333910,Mobil: -,Fax: -,E-Mail: juha.karkkainen@mancenter.fi,            
Katariina Järvenpää,Werkstattmeister,Telefon: +3581(0)5333910,Mobil: -,Fax: -,E-Mail: katariina.jarvenpaa@mancenter.fi,            
Rauno Järvenpää,Verkäufer LKW,Telefon: +358(0)500736689,Mobil: -,Fax: -,E-Mail: rauno.jarvenpaa@mancenter.fi,            
Janne Sarasmäki,Verkäufer LKW,Telefon: +358(0)504339568,Mobil: -,Fax: -,E-Mail: janne.sarasmaki@mancenter.fi,            





PORIN AUTOTYÖ,Servicepartner,"Kartanontie 49, 28430 Pori, Finnland, , ",+358 (0)20 7463 782,,tapio.honkanen@autotyo.com,http://www.porinautotyo.fi/,yes,no,yes,,,,,,,,,,,,,,,,,,,,,,
Tomi Kallela,MA Ersatzteilverkauf LKWKundenbetreuer BusMA Ersatzteilverkauf BUSWerkstattmeister BUSKundenbetreuerWerkstattmeister LKWLeiter Werkstatt,Telefon: +358 (0)20 7463 782,Mobil: -,Fax: -,E-Mail: tomi.kallela@autotyo.com,            
Heikki Oja,Geschäftsführer,Telefon: +358 (0)20 7463 771,Mobil: -,Fax: -,E-Mail: heikki.oja@autotyo.com,            
Tapio Honkanen,Werkstattmeister LKWKundenbetreuerLeiter Werkstatt,Telefon: +358 (0)20 7463 781,Mobil: -,Fax: -,E-Mail: tapio.honkanen@autotyo.com,            





RASKONE OY (HÄMEENLINNA),Servicepartner,"Itäportintie 4, 13430 Hämeenlinna, Finnland, , ",+358 (0)300 870 763,,hameenlinna@raskone.fi,http://www.raskone.fi/korjaamot/hameenlinna.html,yes,no,yes,,,,,,,,,,,,,,,,,,,,,,
Jukka Mikkilä,Werkstattmeister LKWMA Ersatzteilverkauf LKWKundenbetreuer,Telefon: +358 (0)10 2320 270,Mobil: -,Fax: -,E-Mail: jukka.mikkilä@raskone.fi,            
Jyrki Berghem,Werkstattmeister LKWKundenbetreuerMA Ersatzteilverkauf LKW,Telefon: +358 (0)10 2320 270,Mobil: -,Fax: -,E-Mail: jyrki.berghem@raskone.fi,            





RASKONE OY (JYVÄSKYLÄ),Servicepartner,"Sorastajantie 4, 40320 Jyväskylä, Finnland, , ",+358 (0)300 870 767,,korjaamo.jyvaskyla@raskone.fi,http://www.raskone.fi/korjaamot/jyvaskyla.html,yes,no,yes,,,,,,,,,,,,,,,,,,,,,,
Timo Manninen,Werkstattmeister LKWKundenbetreuerMA Ersatzteilverkauf LKW,Telefon: +358 (0)10 2320 785,Mobil: -,Fax: -,E-Mail: timo.manninen@raskone.fi,            





RASKONE OY (KAJAANI),Servicepartner,"Timperintie 7, 87400 Kajaani, Finnland, , ",+358 (0)300 870 771,,kajaani@raskone.fi,http://www.raskone.fi/korjaamot/kajaani.html,yes,no,yes,,,,,,,,,,,,,,,,,,,,,,
Tuomas Moilanen,Werkstattmeister LKWKundenbetreuerMA Ersatzteilverkauf LKW,Telefon: +358 (0)10 2320 570,Mobil: -,Fax: -,E-Mail: tuomas.moilanen@raskone.fi,            
Sami Turunen,KundenbetreuerMA Ersatzteilverkauf LKWWerkstattmeister LKW,Telefon: +358 (0)10 2320 570,Mobil: -,Fax: -,E-Mail: sami.turunen@raskone.fi,            
Sami Kemppainen,MA Ersatzteilverkauf LKWWerkstattmeister LKWKundenbetreuer,Telefon: +358 (0)10 2320 570,Mobil: -,Fax: -,E-Mail: sami.kemppainen@raskone.fi,            
Samuli Laitinen,Leiter Werkstatt,Telefon: +358 (0)10 2320 432,Mobil: -,Fax: -,E-Mail: samuli.laitinen@raskone.fi,            





RASKONE OY (KOUVOLA),Servicepartner,"Savonsuontie 8, 45720 Kuusankoski, Finnland, , ",+358 (0)300 870 774,,korjaamo.kouvola@raskone.fi,http://www.raskone.fi/korjaamot/kouvola.html,yes,yes,yes,,,,,,,,,,,,,,,,,,,,,,
Timo Rantanen,Leiter Werkstatt,Telefon: +358 (0)10 2320 420,Mobil: -,Fax: -,E-Mail: timo.rantanen@raskone.fi,            
Markus Mikkola,Werkstattmeister LKWMA Ersatzteilverkauf LKWKundenbetreuer,Telefon: +358(0)10 2320 404,Mobil: -,Fax: -,E-Mail: markus.mikkola@raskone.fi,            
Teemu Ylärakkola,Werkstattmeister LKWKundenbetreuerMA Ersatzteilverkauf LKW,Telefon: +358 (0)10 2320 537,Mobil: -,Fax: -,E-Mail: teemu.ylarakkola@raskone.fi,            
Vilhelmiina Koskinen,KundenbetreuerMA Ersatzteilverkauf LKWWerkstattmeister LKW,Telefon: +358 (0)10 2320 412,Mobil: -,Fax: -,E-Mail: vilhelmiina.koskinen@raskone.fi,            





RASKONE OY (LAHTI),Servicepartner,"Alhonkatu 5, 15610 Lahti, Finnland, , ",+358 (0)300 870 778,,korjaamo.lahti@raskone.fi,http://www.raskone.fi/korjaamot/lahti.html,yes,no,yes,,,,,,,,,,,,,,,,,,,,,,
Jarno Lepistö,KundenbetreuerWerkstattmeister BUSWerkstattmeister LKWMA Ersatzteilverkauf LKW,Telefon: +358 (0)10 2320 772,Mobil: -,Fax: -,E-Mail: jarno.lepisto@raskone.fi,            
Kari Sunnari,Leiter Werkstatt,Telefon: +358 (0)10 2320 773,Mobil: -,Fax: -,E-Mail: kari.sunnari@raskone.fi,            
Pekka Ahola,Werkstattmeister LKWKundenbetreuerMA Ersatzteilverkauf LKW,Telefon: +358 (0)10 2320 264,Mobil: -,Fax: -,E-Mail: pekka.ahola@raskone.fi,            
Tommi Horkka,Werkstattmeister BUSWerkstattmeister LKWKundenbetreuerMA Ersatzteilverkauf LKW,Telefon: +358 (0)10 2320 775,Mobil: -,Fax: -,E-Mail: tommi.horkka@raskone.fi,            





RASKONE OY (LAPPEENRANTA),Servicepartner,"Myllymäenkatu 10, 53550 Lappeenranta, Finnland, , ",+358 (0)300 870 781,,korjaamo.lappeenranta@raskone.fi,http://www.raskone.fi/korjaamot/lappeenranta.html,yes,no,yes,,,,,,,,,,,,,,,,,,,,,,
Veini Kuoppa,KundenbetreuerMA Ersatzteilverkauf LKWWerkstattmeister LKW,Telefon: +358 (0)10 2320 612,Mobil: -,Fax: -,E-Mail: veini.kuoppa@raskone.fi,            
Jani Niiva,KundenbetreuerMA Ersatzteilverkauf LKWWerkstattmeister LKW,Telefon: +358 (0)10 2320 612,Mobil: -,Fax: -,E-Mail: jani.niiva@raskone.fi,            
Ida Eteläpää,KundenbetreuerMA Ersatzteilverkauf LKWWerkstattmeister LKW,Telefon: +358 (0)10 2320 612,Mobil: -,Fax: -,E-Mail: ida.etelapaa@raskone.fi,            
Seppo Haapalainen,KundenbetreuerMA Ersatzteilverkauf LKWWerkstattmeister LKW,Telefon: +358 (0)10 2320 613,Mobil: -,Fax: -,E-Mail: seppo.haapalainen@raskone.fi,            
Valtteri Kokkola,MA Ersatzteilverkauf LKWWerkstattmeister LKWKundenbetreuer,Telefon: +358 (0)10 2320 612,Mobil: -,Fax: -,E-Mail: valtteri.kokkola@raskone.fi,            
Timo Rantanen,Leiter Werkstatt,Telefon: +358 (0)10 2320 420,Mobil: -,Fax: -,E-Mail: timo.rantanen@raskone.fi,            





RASKONE OY (OULU),Servicepartner,"Moreenikuja 2, 90630 Oulu, Finnland, , ",+358 (0)300 870 791,,korjaamo.oulu@raskone.fi,http://www.raskone.fi/korjaamot/oulu.html,yes,no,yes,,,,,,,,,,,,,,,,,,,,,,
Hannu Lintula,MA Ersatzteilverkauf LKWMA Ersatzteilverkauf BUS,Telefon: +358 (0)10 2320 598,Mobil: -,Fax: -,E-Mail: hannu.lintula@raskone.fi,            
Kari Kakko,KundenbetreuerMA Ersatzteilverkauf LKWWerkstattmeister LKW,Telefon: +358 (0)10 2320 500,Mobil: -,Fax: -,E-Mail: kari.kakko@raskone.fi,            
Ilkka Sulkala,MA Ersatzteilverkauf LKWKundenbetreuerWerkstattmeister LKW,Telefon: +358 (0)10 2320 500,Mobil: -,Fax: -,E-Mail: ilkka.sulkala@raskone.fi,            
Sauli Sipola,MA Ersatzteilverkauf LKWKundenbetreuerWerkstattmeister LKW,Telefon: +358 (0)10 2320 500,Mobil: -,Fax: -,E-Mail: sauli.sipola@raskone.fi,            
Mika Söderström,Leiter Werkstatt,Telefon: +358 (0)10 2320 624,Mobil: -,Fax: -,E-Mail: mika.soderstrom@raskone.fi,            





RASKONE OY (SEINÄJOKI),Servicepartner,"Teollisuustie 30, 60100 Seinäjoki, Finnland, , ",+358 (0)300 870 785,,korjaamo.seinajoki@raskone.fi,http://www.raskone.fi/korjaamot/seinajoki.html,yes,no,yes,,,,,,,,,,,,,,,,,,,,,,
Juha Pajula,KundenbetreuerMA Ersatzteilverkauf LKWWerkstattmeister LKW,Telefon: +358 (0)10 2320 663,Mobil: -,Fax: -,E-Mail: juha.pajula@raskone.fi,            
Seppo Nurmi,Werkstattmeister LKWMA Ersatzteilverkauf LKWKundenbetreuer,Telefon: +358 (0)10 2320 663,Mobil: -,Fax: -,E-Mail: seppo.nurmi@raskone.fi,            





RASKONE OY (TAMPERE),Servicepartner,"Perkkoonkatu 9, 33850 Tampere, Finnland, , ",+358 (0)300 870 795,,korjaamo.tampere@raskone.fi,http://www.raskone.fi/korjaamot/tampere.html,yes,no,yes,,,,,,,,,,,,,,,,,,,,,,
Jyri Pylkki,Werkstattmeister LKWMA Ersatzteilverkauf LKWKundenbetreuer,Telefon: +358 (0)10 2320 370,Mobil: -,Fax: -,E-Mail: jyri.pylkki@raskone.fi,            
Jesse Salminen,MA Ersatzteilverkauf LKWWerkstattmeister LKWKundenbetreuer,Telefon: +358 (0)10 2320 727,Mobil: -,Fax: -,E-Mail: jesse.salminen@raskone.fi,            
Jarmo Lehtiniemi,MA Ersatzteilverkauf LKWKundenbetreuerWerkstattmeister LKW,Telefon: +358 (0)10 2320 372,Mobil: -,Fax: -,E-Mail: jarmo.lehtiniemi@raskone.fi,            
Mikko Timonen,Leiter Werkstatt,Telefon: +358 (0)10 2320 828,Mobil: -,Fax: -,E-Mail: mikko.timonen@raskone.fi,            





RASKONE OY (TURKU),Servicepartner,"Tiemestarinkatu 5, 20360 Turku, Finnland, , ",+358 (0)300 870 851,,korjaamo.turku@raskone.fi,http://www.raskone.fi/korjaamot/turku.html,yes,no,yes,,,,,,,,,,,,,,,,,,,,,,
Markku Tommila,KundenbetreuerWerkstattmeister LKWMA Ersatzteilverkauf LKW,Telefon: +358 (0)10 2320 318,Mobil: -,Fax: -,E-Mail: markku.tommila@raskone.fi,            
Pekka Virtanen,KundenbetreuerMA Ersatzteilverkauf LKWWerkstattmeister LKW,Telefon: +358 (0)10 2320 305,Mobil: -,Fax: -,E-Mail: pekka.virtanen@raskone.fi,            
Jari Kivekäs,MA Ersatzteilverkauf LKW,Telefon: +358 (0)10 2320 308,Mobil: -,Fax: -,E-Mail: jari.kivekas@raskone.fi,            
Mikko Rantakare,Leiter Werkstatt,Telefon: +358 (0)10 2320 342,Mobil: -,Fax: -,E-Mail: mikko.rantakare@raskone.fi,            





"RASKONE OY, VANTAA AIRPORT",Servicepartner,"Toinen savu 8, 01510 Vantaa, Finnland, , ",+358 (0)300 870 857,,korjaamo.airport@raskone.fi,,yes,yes,yes,,,,,,,,,,,,,,,,,,,,,,
Päivi Haapala,Ersatzteilverkauf,Telefon: +358 (0)10 2320 210,Mobil: -,Fax: -,E-Mail: paivi.haapala@raskone.fi,            
Lauri Kaiharju,Leiter Werkstatt,Telefon: +358 (0)10 2320252,Mobil: -,Fax: -,E-Mail: lauri.kaiharju@raskone.fi,            
Urpo Peltokangas,Ersatzteilverkauf,Telefon: +358 (0)10 2320 212,Mobil: -,Fax: -,E-Mail: urpo.peltokangas@raskone.fi,            
Vesa Wiik,Werkstattmeister,Telefon: +358 (0)10 2320 253,Mobil: -,Fax: -,E-Mail: vesa.wiik@raskone.fi,            
Tapio Pankka,Werkstattmeister,Telefon: +358 (0)10 2320 253,Mobil: -,Fax: -,E-Mail: tapio.pankka@raskone.fi,            
Pilvi Jyrkänne,Ersatzteilverkauf,Telefon: +358 (0)10 2320 624,Mobil: -,Fax: -,E-Mail: pilvi.jyrkanne@raskone.fi,            
Pasi Saarentaus,Werkstattmeister,Telefon: +358 (0)10 2320 253,Mobil: -,Fax: -,E-Mail: pasi.saarentaus@raskone.fi,            
Abdullah Haukar,,Telefon: +358 (0)10 2320 253,Mobil: -,Fax: -,E-Mail: haukar.abdullah@raskone.fi,            
Henri Nuutinen,Werkstattmeister,Telefon: +358 (0)10 2320 253,Mobil: -,Fax: -,E-Mail: henri.nuutinen@raskone.fi,            





SAVON REKKAHUOLTO OY,Servicepartner,"Johtokatu 6, 50130 Mikkeli, Finnland, , ",+358 (0)400 911 177,,marko.byman@savonrekkahuolto.fi,http://www.savonrekkahuolto.fi,yes,yes,yes,,,,,,,,,,,,,,,,,,,,,,
Marko Byman,Pannenmonteur LKWGeschäftsführerWerkstattmeister LKWLeiter Werkstatt,Telefon: +358 (0)40 544 4765,Mobil: -,Fax: -,E-Mail: marko.byman@savonrekkahuolto.fi,            
Juha Murtonen,Werkstattmeister LKWMA Ersatzteilverkauf LKWKundenbetreuer,Telefon: +358(0)40 176 8211,Mobil: -,Fax: -,E-Mail: juha.murtonen@savonrekkahuolto.fi,            





