﻿Company Name,Service Partner,Address,Phone Number,Fax,Email,Website,LKW-Service,Bus-Service,MAN Van-Service,Schiffsmotoren-Service,Industriemotoren-Service,LKW-Verkauf,Bus-Verkauf,MAN Van-Verkauf,Schiffsmotoren-Verkauf,Industriemotoren-Verkauf,LKW-MAN_TopUsed,Bus-MAN_TopUsed,MAN Van-MAN_TopUsed,Schiffsmotoren-MAN_TopUsed,Industriemotoren-MAN_TopUsed,LKW-BusTopService,Bus-BusTopService,MAN Van-BusTopService,Schiffsmotoren-BusTopService,Industriemotoren-BusTopService,LKW-eMobility,Bus-eMobility,MAN Van-eMobility,Schiffsmotoren-eMobility,Industriemotoren-eMobility
ACBS+,Servicepartner,"ZAC du Moulin Leblanc, 08000 Charleville-Mézières, Frankreich, , ",+33 (3) 24 37 25 25,+33 (3) 24 41 47 40,,,yes,no,yes,no,yes,,,,,,yes,,,,,,,,,,,,,,





ALES VI,Servicepartner,"20 Chemin de Tamraris, 30520 Saint-Martin-de-Valgalgues, Frankreich, , ",+33 (4) 66 43 54 30,+33 (4) 66 43 51 06,sylvain.roncin@sasgrm.fr,,yes,yes,yes,,,,,,,,,,,,,,,,,,,,,,





APLN,Servicepartner,"674 Route de Paris, 79180 Chauray, Frankreich, , ",+33 (5) 49 08 06 55,+33 (5) 49 33 50 40,apln@wanadoo.fr,,yes,no,yes,no,yes,,,,,,yes,,yes,,,,,,,,,,,,
Philippe LUCAS,Geschäftsführer,Telefon: +33 (5) 49 08 06 55,Mobil: -,Fax: -,E-Mail: apln@wanadoo.fr,            





AUVERGNE DISTRIBUTION,Servicepartner,"Rue Jacqueline Auriol - ZAC des Murons, 42160 Andrézieux-Bouthéon, Frankreich, , ",+33 (4) 77 55 77 22,+33 (4) 77 55 77 30,adis@martenat.fr,,yes,yes,yes,no,yes,yes,,yes,,,yes,,yes,,,,,,,,,,,,





AZUR VI,Servicepartner,"10ème rue, 4ème avenue, 06510 Carros, Frankreich, , ",+ 33 (4) 97 10 24 50,+ 33 (4) 97 10 24 51,contact@azurvi.fr,,yes,yes,yes,,,,,,,,,,,,,,yes,,,,,,,,





BASSIGNY POIDS LOURDS (AUXERRE),Servicepartner,"ZI Chemin des Ruelles, 89380 Appoigny, Frankreich, , ",+33 (3) 86 53 29 44,+33 (3) 86 53 29 79,michael.henry@bassigny.fr,,yes,no,yes,no,yes,,,,,,,,,,,,,,,,,,,,





BASSIGNY POIDS LOURDS (CHAUMONT),Servicepartner,"Le Puits de Mèzes, 52340 Biesles, Frankreich, , ",+33 (3) 25 01 24 06,+33 (3) 25 01 25 39,corinne.chaudron@bassigny.fr,,yes,no,yes,no,yes,,,,,,,,,,,,,,,,,,,,
JEAN PIERRE HENRY,Geschäftsführer,Telefon: +33 (3) 25 01 24 06,Mobil: -,Fax: -,E-Mail: corinne.chaudron@bassigny.fr,            





BASSIGNY POIDS LOURDS (SAINT-DIZIER),Servicepartner,"Avenue Jean-Pierre Timbaud - RN67, 52100 Saint-Dizier-Marnaval, Frankreich, , ",+33 (3) 25 06 96 54,+33 (3) 25 06 96 55,thierry.henry@bassigny.fr,,yes,no,yes,no,yes,,,,,,,,,,,,,,,,,,,,





BECCUE SAS,Servicepartner,"Rue Gérard Agnésina, 51540 Bétheny, Frankreich, , ",+33 (3) 26 87 43 30,+33 (3) 26 86 00 91,ericbeccue@wanadoo.fr,,yes,yes,yes,no,yes,,,,,,,,,,,,yes,,,,,,,,
ERIC BECCUE,Geschäftsführer,Telefon: +33 (3) 26 87 43 30,Mobil: -,Fax: -,E-Mail: ericbeccue@wanadoo.fr,            





BLM POIDS LOURDS,Servicepartner,"14 rue Lavoisier - Z.A. de Kerourvois sud, 29500 Ergué-Gabéric, Frankreich, , ",+33 (2) 98 59 67 68,+33 (2) 98 59 58 73,patrice.lemeur@aubree.fr,,yes,yes,yes,no,yes,,,,,,,,,,,,,,,,,,,,
Patrice LEMEUR,Centerleiter,Telefon: +33 (2) 98 59 67 68,Mobil: -,Fax: -,E-Mail: patrice.lemeur@aubree.fr,            





BOGEY BONNEVILLE,Servicepartner,"31 Avenue de la Roche Parnale - ZI Les Fourmis, 74130 Bonneville, Frankreich, , ",+33 (4) 50 97 14 55,+33 (4) 50 97 10 22,frederic.bogey@bogey-trucks.com,,yes,no,yes,no,yes,,,,,,,,,,,,,,,,,,,,
Frederic BOGEY,Geschäftsführer,Telefon: +33 (4) 50 97 14 55,Mobil: -,Fax: -,E-Mail: frederic.bogey@bogey-trucks.com,            





BREVI,Servicepartner,"Rue du Commerce - Cap Sud, 36250 Saint-Maur, Frankreich, , ",+33 (2) 54 35 03 35,,atelier@brevipl.fr,,yes,no,yes,,,,,,,,,,,,,,,,,,,,,,





CENTRE AUVERGNE VEHICULES INDUSTRIELS,Servicepartner,"ZAC des Ronzières - Avenue Henri Pourrat, 63510 Aulnat, Frankreich, , ",+33 (4) 73 60 30 68,+33 (4) 73 60 42 62,cavi@martenat.fr,,yes,yes,yes,no,yes,,,,,,,,,,,,yes,,,,,,,,





CHUROUX TRUCKS LANDES,Servicepartner,"120 Allée des Artisans, 40090 Saint-Avit, Frankreich, , ",+33 (5) 58 06 43 08,+33 (5) 58 45 40 76,churouxtruckslandes@orange.fr,,yes,no,yes,no,yes,,,,,,,,,,,,,,,,,,,,
Eric Churoux,Geschäftsführer,Telefon: +33 (5) 58 06 43 08,Mobil: -,Fax: -,E-Mail: direction@ctl40.fr         ,            





CIGAMM V.I.,Servicepartner,"Route de Paris, 03360 Meaulne, Frankreich, , ",+33 (4) 70 06 95 30,+33 (4) 70 06 96 80,bruno.kozdeba@cigamm.com,,yes,no,yes,no,yes,,,,,,yes,,yes,,,,,,,,,,,,





COULOMMIERS POIDS LOURDS,Servicepartner,"2105 avenue du Général De Gaulle, 77120 Mouroux, Frankreich, , ",+33 (1) 64 03 27 03,+33 (1) 64 65 16 72,r.harlay@cpl-rt.com,,yes,yes,yes,,,,,,,,,,,,,,yes,,,,,,,,
Renaud HARLAY,Geschäftsführer,Telefon: +33 (1) 64 03 27 03,Mobil: -,Fax: -,E-Mail: r.harlay@cpl-rt.com,            





DELTA VI,Servicepartner,"Avenue Maurice Trintignant, 30900 Nîmes, Frankreich, , ",+33 (4) 66 04 79 20,+33 (4) 66 04 79 29,,,yes,yes,yes,,,,,,,,,,,,,,,,,,,,,,





DROME VEHICULES INDUSTRIELS,Servicepartner,"Z.A. du Guimand, 26120 Malissard, Frankreich, , ",+33 (4) 75 85 45 46,+33 (4) 75 85 42 60,reception@dromevi.fr,,yes,yes,yes,no,yes,,,,,,,,,,,,yes,,,,,,,,
SYLVAIN DUPONT,Geschäftsführer,Telefon: +33 (4) 75 85 45 46,Mobil: -,Fax: -,E-Mail: dromevi@free.fr,            





DURANCE VI,Servicepartner,"ZI Saint Joseph - 966 av Joseph Cugnot, 04100 Manosque, Frankreich, , ",+33 (4) 92 87 87 50,+33 (4) 92 87 88 01,durancevi.man@wanadoo.fr,,yes,no,yes,no,yes,,,,,,,,,,,,,,,,,,,,
DANIEL BRUNACHE,Geschäftsführer,Telefon: +33 (4)  92 87 87 50,Mobil: -,Fax: -,E-Mail: durancevi.man@orange.fr,            





DURANCE VI 05,Servicepartner,"ZA Grande Ile, 05230 Chorges, Frankreich, , ",+33 (4) 92 53 67 30,+33 (4) 92 46 20 17,durancevi05.man@orange.fr,,yes,no,yes,,,,,,,,,,,,,,,,,,,,,,





E.U.P.L. COLMAR,Servicepartner,"25 rue des Frères Lumière, 68012 Colmar, Frankreich, , ",+33 (3) 89 21 06 90,+33 (3) 89 23 60 10,direction.mul@eupl.fr,,yes,yes,yes,no,yes,,,,,,,,,,,,yes,,,,,,,,
Jacques Redelsperger,,Telefon: +33 (3) 89 21 06 90,Mobil: -,Fax: -,E-Mail: direction.mul@eupl.fr,            





E.U.P.L. MULHOUSE,Servicepartner,"5 Rue des Mécaniciens - ZI Est de Riedesheim, 68315 Illzach, Frankreich, , ",+33 (3) 89 64 09 11,+33 (3) 89 54 91 90,direction.mul@eupl.fr,,yes,no,yes,no,yes,yes,,yes,,,yes,,yes,,,,,,,,,,,,
Jacques Redelsperger,Geschäftsführer,Telefon: +33 (3) 89 64 09 11,Mobil: -,Fax: -,E-Mail: direction.mul@eupl.fr,            





ELVI,Servicepartner,"Zone Artisanale de la Sablière, 28630 Nogent-le-Phaye, Frankreich, , ",+33 (2) 37 26 25 33,+33 (2) 37 26 25 37,elvi-chartres@orange.fr,,yes,no,yes,no,yes,,,,,,,,,,,,,,,,,,,,





ETS MAGARINOS AURILLAC,Servicepartner,"36 rue Gutenberg, 15000 Aurillac, Frankreich, , ",+33 (4) 71 64 23 24,+33 (4) 71 64 55 06,,,yes,no,yes,,,,,,,,,,,,,,,,,,,,,,





ETS MAGARINOS BEZIERS,Servicepartner,"3 Avenue d'Amsterdam - ZA Via Europa, 34350 Vendres, Frankreich, , ",+33 (4) 67 62 34 34,+33 (4) 67 37 65 20,david@magarinos.fr,,yes,yes,yes,,,,,,,,yes,,yes,,,,yes,,,,,,,,





ETS MAGARINOS RODEZ,Servicepartner,"4 Rue de l'Etain - Z.A. de Bel-Air, 12850 Onet-le-Château, Frankreich, , ",+33 (5) 65 87 10 10,+33 (5) 65 87 10 19,david@magarinos.fr,,yes,yes,yes,no,yes,yes,,yes,,,,,,,,,,,,,,,,,





ETS VIDAL,Servicepartner,"56 Route de Chartres, 78190 Trappes, Frankreich, , ",+33 (1) 34 61 61 61,+33 (1) 34 61 63 63,y.vidal@vidal-sa.fr,,yes,no,yes,no,yes,,,,,,,,,,,,,,,,,,,,





FERTE VEHICULES INDUSTRIELS,Servicepartner,"70 avenue Franklin Roosevelt, 77260 Sept-Sorts, Frankreich, , ",+33 (1) 60 22 20 09,,r.harlay@cpl-rt.com,,yes,no,yes,,,,,,,,,,,,,,,,,,,,,,





FPLS (LORIENT),Servicepartner,"ZA de Kerloïc, 56850 Caudan, Frankreich, , ",+33 (2) 97 76 03 95,+33 (2) 97 76 03 20,jeanpierrelecroc@fpls35.fr,,yes,no,yes,no,yes,,,,,,yes,,yes,,,,,,,,,,,,





FPLS (VANNES),Servicepartner,"ZAC du Chapeau Rouge, 56000 Vannes, Frankreich, , ",+33 (2) 97 45 49 49,+33 (2) 97 45 55 36,jeanpierrelecroc@fpls35.fr,,yes,no,yes,no,yes,,,,,,yes,,yes,,,,,,,,,,,,
LECROC JEAN-PIERRE,,Telefon: +33 (2) 97 45 49 49,Mobil: -,Fax: -,E-Mail: jeanpierrelecroc@fpls35.fr,            





FRANCE BOURGOGNE MAINTENANCE,Servicepartner,"Rue de la Guerlande - Zone Verte, 71880 Châtenoy-le-Royal, Frankreich, , ",+33 (3) 85 98 20 17,+33 (3) 85 98 20 18,fbm71@orange.fr,,yes,yes,yes,no,yes,,,,,,yes,,yes,,,,,,,,,,,,





GALAFE,Servicepartner,"ZA de Rivière Roche, 97200 Fort-de-France, Frankreich, , ",+33 (5) 96 50 49 78,+33 (5) 96 50 49 43,,,yes,no,yes,,,,,,,,,,,,,,,,,,,,,,





GARAGE COMMANDEUR,Servicepartner,"28 rue du Fonds Pernant - ZI Mercières 3, 60201 Compiègne, Frankreich, , ",+33 (3) 44 20 44 58,+33 (3) 44 86 12 07,garage-commandeur@wanadoo.fr,,yes,no,yes,no,yes,,,,,,yes,,yes,,,,,,,,,,,,
THIERRY COMMANDEUR,Geschäftsführer,Telefon: +33 (3) 44 20 44 58,Mobil: -,Fax: -,E-Mail: garage-commandeur@orange.fr,            





GARAGE DU CHARPENAY,Servicepartner,"RN7 - Z.A. la Plagne, 69210 Bully, Frankreich, , ",+33 (4) 74 01 72 54,+33 (4) 74 01 89 62,garage.charpenay@yahoo.fr,,yes,no,yes,no,yes,,,,,,,,,,,,,,,,,,,,





GARAGE GODARD,Servicepartner,"ZA de Beauvent, 22980 La Landec, Frankreich, , ",+33 (2) 96 27 62 29,+33 (2) 96 27 01 78,garagegodard@wanadoo.fr,,yes,no,yes,no,yes,,,,,,yes,,yes,,,,,,,,,,,,





GARAGE ROBERT,Servicepartner,"1 Rue du Docteur Pierre Grosjean, 88120 Vagney, Frankreich, , ",+33 (3) 29 61 21 72,+33 (3) 29 61 27 27,man.laurent@orange.fr,,yes,no,yes,no,yes,,,,,,yes,,yes,,,,,,,,,,,,
LAURENT DUCHENE,Geschäftsführer,Telefon: +33 (3) 29 61 21 72 ,Mobil: -,Fax: -,E-Mail: man.laurent@orange.fr,            





GARAGE VIALLE,Servicepartner,"92 route de Ferrossière, 38110 Saint-Didier-de-la-Tour, Frankreich, , ",+33 (4) 74 97 21 23,+33 (4) 74 97 84 61,garagevialle.man@wanadoo.fr,,yes,yes,yes,no,yes,,,,,,,,,,,,,,,,,,,,





GARAGE VIALLE GRENOBLE,Servicepartner,"Rue des 4 Sétérées, 38120 Fontanil-Cornillon, Frankreich, , ",+33 (4) 38 75 13 05,+33 (4) 76 94 39 87,,,yes,yes,yes,,,,,,,,yes,,yes,,,,yes,,,,,,,,





GTM DISTRIBUTION,Servicepartner,"ZI Collery Ouest 1, 97300 Cayenne, Frankreich, , ",+33 (5) 94 25 66 30,,,,,,,,,yes,,yes,,,,,,,,,,,,,,,,,





GTM SERVICES,Servicepartner,"Z.I. Collery Ouest 1, 97300 Cayenne, Frankreich, , ",+33 (5) 94 25 66 30,+33 (5) 94 30 93 22,contact@groupesgtm.com,,yes,no,yes,no,yes,,,,,,,,,,,,,,,,,,,,





JAVENE POIDS LOURDS,Servicepartner,"ZA de Mezaubert, 35133 Javené, Frankreich, , ",+33 (2) 99 94 99 00,+33 (2) 99 94 87 88,javene@aubree.fr,,yes,no,yes,no,yes,,,,,,,,,,,,,,,,,,,,





LENOIR SAS,Servicepartner,"2 Rue des Saules - ZA des Sources, 10150 Creney-près-Troyes, Frankreich, , ",+33 (3) 25 76 26 90,+33 (3) 25 76 26 99,laurent.lenoir@ets-lenoir.fr,,yes,no,yes,no,yes,,,,,,yes,,,,,,,,,,,,,,
LAURENT LENOIR,Leiter After Sales,Telefon: +33 (3) 25 76 26 90,Mobil: -,Fax: -,E-Mail: laurent.lenoir@ets-lenoir.fr,            





LORTRUCKS,Servicepartner,"Route de Saint-Nicolas-de-Port - ZAC Moussiere Corvée Moutarde, 54210 Ville-en-Vermois, Frankreich, , ",+33 (3) 83 26 58 00,+33 (3) 83 26 14 41,c.rambourg@lortrucks.com,,yes,no,yes,,,,,,,,yes,,yes,,,,,,,,,,,,





LOVEMI,Servicepartner,"7 Rue Pierre S. Laplace - ZI Sud Très le Bois, 22600 Loudéac, Frankreich, , ",+33 (2) 96 66 89 00,+33 (2) 96 66 89 04,marienoelle.leguern@aubree.fr,,yes,no,yes,,,,,,,,,,,,,,,,,,,,,,





LSVI,Servicepartner,"13 Rue de Tours - ZI Légère, 49300 Cholet, Frankreich, , ",+33 (2) 41 65 80 55,+33 (2) 41 65 93 54,lsvi@wanadoo.fr,,yes,yes,yes,no,yes,,,,,,yes,,yes,,,,yes,,,,,,,,
LAURENT AUDIAU,Leiter After Sales,Telefon: +33 (2) 41 65 80 55,Mobil: -,Fax: -,E-Mail: -,            
DANIEL AUDIAU,Geschäftsführer,Telefon: +33 (2) 41 65 80 55,Mobil: -,Fax: -,E-Mail: lsvi@wanadoo.fr,            





M.C. TRUCKS 15,Servicepartner,"23, ZAC du Crozatier, 15100 Saint-Georges, Frankreich, , ",+33 (4) 71 60 68 23,+33 (4) 71 60 68 24,,,yes,no,yes,,,,,,,,,,,,,,,,,,,,,,





MAINTENANCE INDUSTRIELLE MAHORAISE (MIM),Servicepartner,"Zone portuaire Longoni - Vallée 2, 97690 Longoni, Frankreich, , ",+262 (2)69 62 10 13,+262 (2)69 61 40 70,contact@mim-mayotte.com,,yes,yes,yes,,,yes,yes,yes,,,,,,,,,,,,,,,,,





MAN ALBI,MAN-Servicebetrieb,"5 rue Philippe Lebon, 81000 Albi, Frankreich, , ",+33 (5) 63 33 67 50,,philippe.cignaco@man.eu,,yes,yes,yes,,,,,,,,,,,,,,,,,,,,,,





MAN ANGERS,MAN-Servicebetrieb,"6 Rue Antoine Henri Becquerel - ZA Les Landes 2, 49241 Avrillé, Frankreich, , ",+33 (2) 41 22 17 70,+33 (2) 41 73 85 52,richard.boistault@man.eu,,yes,yes,yes,no,yes,yes,,yes,,,,,,,,,yes,,,,,,,,





MAN ARRAS,MAN-Servicebetrieb,"ZA Les Chemins Croisés, 62223 Saint-Laurent-Blangy, Frankreich, , ",+33 (3) 21 60 45 00,+33 (3) 21 60 45 01,matthieu.labbe@man.eu,,yes,yes,yes,no,yes,yes,,,,,,,,,,,,,,,,,,,





MAN BRESSE,MAN-Servicebetrieb,"71 Allée Rudolf Diesel - Centre routier de la Chambière, 01440 Viriat, Frankreich, , ",+33 (4) 74 22 87 40,+33 (4) 74 22 87 49,heidy.verwey@man.eu,,yes,yes,yes,no,yes,yes,,yes,,,yes,,yes,,,,,,,,,,,,
HEIDI VERWEY,Centerleiter,Telefon: +33 (4)74 22 87 40,Mobil: -,Fax: -,E-Mail: heidy.verwey@man.eu,            





MAN BREST,MAN-Servicebetrieb,"ZI de Saint-Eloi, 29800 Plouédern, Frankreich, , ",+33 (2) 98 20 95 95,+33 (2) 98 20 80 13,denis.hautin@man.eu,,yes,yes,yes,no,yes,yes,,,,,,,,,,,yes,,,,,,,,





MAN EVREUX,MAN-Servicebetrieb,"Z.A. Les Coutumes , RD6154, 27930 Guichainville, Frankreich, , ",+33 (2) 32 28 18 81,+33 (2) 32 23 17 93,,,yes,no,yes,,,,,,,,,,,,,,,,,,,,,,





MAN LE HAVRE,MAN-Servicebetrieb,"ZI du Parc du Hode - Port 5552 - Voie des Hérons, 76430 Saint-Vigor-d'Ymonville, Frankreich, , ",+33 (2) 35 13 36 70,+33 (2) 35 13 68 10,,,yes,yes,yes,no,yes,,,yes,,,yes,,,,,,yes,,,,,,,,





MAN LILLE,MAN-Servicebetrieb,"Rue des Séquoia - Parc du Mélantois, 59810 Lesquin, Frankreich, , ",+33 (3) 20 16 23 10,+33 (3) 20 16 23 20,jean.edmond.bouic@man.eu,,yes,yes,yes,no,yes,yes,,,,,yes,,yes,,,,yes,,,,,,,,





MAN LYON,MAN-Servicebetrieb,"10 Chemin des Mûriers - ZI Salengro Avenir, 69740 Genas, Frankreich, , ",+33 (4) 78 90 21 21,+33 (4) 78 90 02 35,frederic.renard@man.eu,,yes,yes,yes,no,yes,yes,,yes,,,yes,,yes,,,,,,,,,,,,
Frederic RENARD,Centerleiter,Telefon: +33 (4) 78 90 21 21,Mobil: -,Fax: +33 (4) 78 90 02 35 ,E-Mail: frederic.renard@man.eu,            





MAN MARSEILLE,MAN-Servicebetrieb,"2, avenue de Rome, 13744 Vitrolles, Frankreich, , ",+33 (4) 42 15 95 55,+33 (4) 42 15 95 64,,,yes,yes,yes,no,yes,yes,,,,,yes,,yes,,,,yes,,,,,,,,





MAN METZ,MAN-Servicebetrieb,"Parc de Berlange, 7 rue de la Baillonville, 57140 Woippy, Frankreich, , ",+33 (3) 87 30 03 00,+33 (3) 87 30 86 87,philippe.pauwels@man.eu,,yes,yes,yes,no,yes,yes,,yes,,,yes,,yes,,,,yes,,,,,,,,





MAN NANTES,MAN-Servicebetrieb,"11 bis rue des Imprimeurs - Les Hauts de Couëron, 44220 Couëron, Frankreich, , ",+33 (2) 40 85 47 20,+33 (2) 40 85 47 48,richard.boistault@man.eu,,yes,yes,yes,no,yes,yes,,yes,,,yes,,yes,,,,yes,,,,,,,,





MAN PARIS NORD-EST,MAN-Servicebetrieb,"2-4 rue Blaise Pascal - ZI du Coudray, 93150 Le Blanc-Mesnil, Frankreich, , ",+33 (1) 56 46 04 70,,frederic.bricchi@man.eu,,yes,yes,yes,,,yes,,,,,yes,,,,,,yes,,,,,,yes,,





MAN PARIS SUD,MAN-Servicebetrieb,"10 avenue du Bois de l'Epine - CP 8005 - Courcouronnes, 91008 Evry CEDEX, Frankreich, , ",+33 (1) 69 47 17 05,+33 (1) 69 47 17 10,,,yes,yes,yes,,,yes,,yes,,,yes,,yes,,,,yes,,,,,,yes,,





MAN RENNES,MAN-Servicebetrieb,"Rue Hélène Boucher - ZA de Bellevue, 35235 Thorigné-Fouillard, Frankreich, , ",+33 (2) 99 84 37 84,+33 (2) 99 84 37 89,atelier.rennes@man.eu,,yes,yes,yes,no,yes,yes,,yes,,,yes,,yes,,,,yes,,,,,,,,





MAN ROUEN,MAN-Servicebetrieb,"Avenue Victor Griffeulhes - ZI du Grand Launay, 76120 Grand-Quevilly, Frankreich, , ",+33 (2) 35 18 21 04,+33 (2) 35 67 17 98,,,yes,yes,yes,no,yes,yes,,yes,,,,,,,,,,,,,,,,,





MAN SAINT-OMER,MAN-Servicebetrieb,"Rue du Smetz, Porte Multimodale de l’Aa, 62120 Campagne–les–Wardrecques, Frankreich, , ",+33 (3) 21 12 83 40,+33 (3) 21 12 87 57,,,yes,yes,yes,,,,,,,,yes,,yes,,,,yes,,,,,,,,





MAN SAVOIE,MAN-Servicebetrieb,"Z.I Les Rippes, 73800 Chignin, Frankreich, , ",+33 (4) 79 33 54 63,,,,yes,yes,yes,,,,,,,,,,,,,,yes,,,,,,,,





MAN STRASBOURG,MAN-Servicebetrieb,"22 Avenue de l´Energie - ZI de Bischheim, 67800 Bischheim, Frankreich, , ",+33 (3) 88 81 44 44,,sebastien.riff@man.eu,,yes,yes,yes,no,yes,yes,,yes,,,,,,,,,yes,,,,,,,,
Julia Nonnenmacher,Pannenmonteur,Telefon: +33 (3) 88 81 44 44,Mobil: -,Fax: -,E-Mail: julia.nonnenmacher@man.eu,            





MAN TOP USED SAINT-MARD,MAN-Servicebetrieb,"ZAC de la Fontaine du Berger, 77230 Saint-Mard, Frankreich, , ",+33 (1) 43 05 45 38,,,,,,,,,,,,,,yes,yes,yes,,,,,,,,,,,,





MAN TOULOUSE,MAN-Servicebetrieb,"Chemin de Casselèvres - Ladoux, 31790 Saint-Jory, Frankreich, , ",+33 (5) 61 37 65 50,+33 (5) 61 35 85 11,philiipe.berne@man.eu,,yes,yes,yes,no,yes,yes,,yes,,,yes,,yes,,,,yes,,,,,,,,





MAN VILLEFRANCHE,MAN-Servicebetrieb,"73, impasse Fernand Pelloutier, 69400 Villefranche-sur-Saône, Frankreich, , ",+33 (4) 37 55 38 42,+33 (4) 37 55 38 69,frederic.renard@man.eu,,yes,yes,yes,no,yes,,,,,,yes,,yes,,,,yes,,,,,,,,
FREDERIC RENARD,Centerleiter,Telefon: +33(4) 37 55 38 42,Mobil: -,Fax: -,E-Mail: frederic.renard@man.eu,            





MARTENAT NORD AUVERGNE,Servicepartner,"Rue des Thomassins - Creuzier-le-Vieux, 03300 Cusset, Frankreich, , ",+33 (4) 70 98 08 63,,,,yes,no,yes,,,,,,,,yes,,yes,,,,,,,,,,,,





MARTENAT SUD AUVERGNE,Servicepartner,"ZI Blavozy, 43700 Saint-Germain-Laprade, Frankreich, , ",+33 (4) 71 05 50 00,+33 (4) 71 03 54 60,msa@martenat.fr,,yes,yes,yes,no,yes,,,,,,,,,,,,yes,,,,,,,,





MCB 39,Servicepartner,"ZAC de la levanchée, 39570 Courlaoux, Frankreich, , ",+33 (0)3 84 43 54 56,,mcb.39@orange.fr,,yes,no,yes,,,,,,,,,,,,,,,,,,,,,,





MECALOURD,Servicepartner,"297 Avenue de Digne - Z.I. Toulon Est, 83130 La Garde, Frankreich, , ",+33 (4) 94 08 28 96,+33 (4) 94 21 19 77,ste.mecalourd@wanadoo.fr,,yes,yes,yes,no,yes,,,,,,,,,,,,,,,,,,,,
MARTINE VIVANT,Geschäftsführer,Telefon: +33 (4) 94 08 28 96,Mobil: -,Fax: -,E-Mail: ste.mecalourd@wanadoo.fr,            
CLAUDE VIVANT,Leiter After Sales,Telefon: +33 (4) 94 08 28 96,Mobil: -,Fax: -,E-Mail: ste.mecalourd@wanadoo.fr,            





MELUN VEHICULES INDUSTRIELS,Servicepartner,"Rue Hippolyte Marinoni - Zone Industrielle, 77000 Vaux-le-Pénil, Frankreich, , ",+33 (1) 64 37 39 14,+33 (1) 64 39 88 47,f.clerc@melun-vi.fr,,yes,no,yes,,,yes,,yes,,,yes,,yes,,,,,,,,,,,,





MONTELIMAR VI,Servicepartner,"18 avenue Gaston Vernier, 26200 Montélimar, Frankreich, , ",+33 (4) 32 52 14 00,,montelimar@sasgrm.fr,,yes,yes,yes,,,,,,,,,,,,,,,,,,,,,,





MRVI,Servicepartner,"ZI - Route de Cholet, 85300 Challans, Frankreich, , ",+33 (2) 51 68 04 32,+33 (2) 51 35 64 36,challans@savarieau.com,,yes,no,yes,no,yes,,,,,,,,,,,,,,,,,,,,





MVI,Servicepartner,"500 Avenue de Cournoise - ZAC du Plan, 84320 Entraigues-sur-la-Sorgue, Frankreich, , ",+33 (4) 90 33 55 70,+33 (4) 90 33 44 62,fabrice.castelli@vvo-mvi.com,,yes,yes,yes,no,yes,,,,,,,,,,,,yes,,,,,,,,
REGIS MALCLES,Geschäftsführer,Telefon: +33 (4) 90 33 55 70,Mobil: -,Fax: -,E-Mail: regis.malcles@vvo-mvi.com,            





NEGO-TRUCKS,Servicepartner,"Rue Frédéric Sauvage - Zone Industrielle, 17180 Périgny, Frankreich, , ",+33 (5) 46 35 05 05,+33 (5) 46 35 39 31,atelierlr@negotrucks.com,,yes,yes,yes,no,yes,,,,,,yes,,yes,,,,yes,,,,,,,,





NEGO-TRUCKS PONS,Servicepartner,"Rue de la Riquotterie, 17800 Mazerolles, Frankreich, , ",+33 (5) 46 98 03 33,,atelierlr@negotrucks.com,,yes,yes,yes,,,,,,,,,,,,,,,,,,,,,,





NEGOLOC,Servicepartner,"Rue Frédéric Sauvage, 17180 Périgny, Frankreich, , ",+33 (5) 46 35 05 05,,,,,,,,,yes,,yes,,,yes,,yes,,,,,,,,,,,,





NUENO TRUCKS PYRENEES (NTP),Servicepartner,"3 rue des Frères d'Orbigny - ZI Indusgarle, 64000 Pau, Frankreich, , ",+33 (5) 59 02 00 88,+33 (5) 59 77 33 03,francis.nueno@nueno.fr,,yes,yes,yes,no,yes,yes,,yes,,,,,,,,,yes,,,,,,,,
FRANCIS NUENO,Geschäftsführer,Telefon: +33 (5) 59 02 00 88,Mobil: -,Fax: -,E-Mail: francis.nueno@nueno.fr,            





NUENO TRUCKS PYRENEES (TARBES),Servicepartner,"130 avenue François Mitterrand, 65600 Séméac, Frankreich, , ",+33 (5) 62 35 00 00,,,,yes,no,yes,,,,,,,,,,,,,,,,,,,,,,





ORVI,Servicepartner,"200 rue du Chêne de la Croix, 45520 Gidy, Frankreich, , ",+33 (2) 38 63 95 28,,,,yes,yes,yes,,,,,,,,,,,,,,yes,,,,,,,,





PARIS PONTOISE PL,Servicepartner,"7 rue Paul Langevin, 95224 Herblay, Frankreich, , ",+33 (1) 34 50 98 99,+33 (1) 39 97 79 44,a.gonzalez@pppl.fr,,yes,no,yes,no,yes,,,,,,,,,,,,,,,,,,,,





PAROT TRUCKS,Servicepartner,"Rue de Fieuzal - ZAC de Fieuzal, 33520 Bruges, Frankreich, , ",+33 (5) 57 35 52 30,+33 (5) 56 49 22 82,h.rebotier@groupe-parot.com,,yes,yes,yes,no,yes,yes,,yes,,,yes,,yes,,,,yes,,,,,,,,
Hervé Rebotier,Geschäftsführer,Telefon: +33 (5) 57 35 52 30,Mobil: -,Fax: -,E-Mail: h.rebotier@groupe-parot.com,            
Christophe LAUZE,Werkstattmeister LKWWerkstattmeister BUS,Telefon: +33 (5) 53 02 85 85,Mobil: -,Fax: +33 (5) 56 49 22 82,E-Mail: c.lauze@groupe-parot.com,            





PAROT TRUCKS PERIGORD,Servicepartner,"Z.I. Landry 2 - Périgueux, 24750 Boulazac, Frankreich, , ",+33 (5) 53 02 85 85,+33 (5) 53 02 85 89,c.aparisi@groupe-parot.com,,,,,,,yes,,yes,,,yes,,yes,,,,,,,,,,,,





PAROT VI AGEN,Servicepartner,"Route nationale 113, 47240 Lafox, Frankreich, , ",+33 (5) 53 77 72 00,+33 (5) 53 77 72 01,c.aparisi@groupe-parot.com,,yes,no,yes,no,yes,,,,,,,,,,,,,,,,,,,,





PAROT VI BRIVE,Servicepartner,"20 Route de Périgueux - RN89, 24120 La Feuillade, Frankreich, , ",+33 (5) 55 85 37 22,+33 (5) 55 85 46 50,c.aparisi@groupe-parot.com,,yes,no,yes,no,yes,,,,,,,,,,,,,,,,,,,,





PAROT VI LIMOGES,Servicepartner,"Rue du petit Theil - ZI Nord, 87280 Limoges, Frankreich, , ",+33 (5) 55 37 45 71,+33 (5) 55 37 71 33,c.aparisi@groupe-parot.com,,yes,no,yes,no,yes,,,,,,,,,,,,,,,,,,,,





PAROT VI PERIGUEUX,Servicepartner,"ZI de Landry II, 24750 Boulazac, Frankreich, , ",+33 (5) 53 02 85 85,+33 (5) 53 02 85 89,c.aparisi@groupe-parot.com,,yes,no,yes,,,,,,,,,,,,,,,,,,,,,,
HERVE REBOTIER,Geschäftsführer,Telefon: +33 (5) 53 02 85 85,Mobil: -,Fax: -,E-Mail: h.rebotier@groupe-parot.com,            





PICARDIE SERVICE VEHICULES INDUSTRIELS,Servicepartner,"Route de Villers Bocage, 80470 Saint-Sauveur, Frankreich, , ",+33 (3) 22 51 82 00,+33 (3) 22 51 81 01,carine@psvi80.fr,,yes,yes,yes,no,yes,,,,,,,,,,,,,,,,,,,,





PIGNARD POIDS LOURDS SERVICES,Servicepartner,"43 Boulevard des Entreprises - ZI de Vaure, 42600 Montbrison, Frankreich, , ",+33 (4) 77 58 35 77,+33 (4) 77 96 10 76,garage.pignard@orange.fr,,yes,no,yes,no,yes,,,,,,,,,,,,,,,,,,,,
JEAN MICHEL PIGNARD,Leiter After Sales,Telefon: +33 (4) 77 58 35 77,Mobil: -,Fax: -,E-Mail: -,            
Jean-Michel PIGNARD,,Telefon: +33 (4) 77 58 35 77,Mobil: -,Fax: -,E-Mail: garage.pignard@orange.fr,            





POIDS LOURDS UTILITAIRES SERVICES,Servicepartner,"1 Allée bleue - PA de Purettone, 20290 Borgo, Frankreich, , ",+33 (4) 95 57 20 69,+33 (4) 95 57 80 18,direction@plusbastia.com,,yes,yes,yes,no,yes,,,,,,yes,,yes,,,,,,,,,,,,





REUNION MATERIELS SERVICES,Servicepartner,"38 Route de Cambaie, 97460 Saint-Paul, Frankreich, , ",+33 (2) 62 33 33 83,+33 (2) 62 71 90 33,rms.974hm@orange.fr,,yes,no,yes,,,yes,,yes,,,,,,,,,,,,,,,,,





REVMAT,Servicepartner,"Rue André Citroën - ZI Nord, 72000 Le Mans, Frankreich, , ",+33 (2) 43 23 53 53,+33 (2) 43 23 53 50,atelier@revmat.fr,,yes,no,yes,no,yes,yes,,yes,,,yes,,yes,,,,,,,,,,,,
CHRISTIAN ROULLIER,Geschäftsführer,Telefon: +33 (2) 43 23 53 53,Mobil: -,Fax: -,E-Mail: christian.roullier@revmat.fr,            





SAREVI,Servicepartner,"RN 138 Valframbert, 61005 Alençon, Frankreich, , ",+33 (2) 33 29 53 16,+33 (2) 33 29 83 23,michel.chardon@sarevi.com,,yes,no,yes,,,yes,,yes,,,yes,,yes,,,,,,,,,,,,
MICHEL CHARDON,Geschäftsführer,Telefon: +33 (2)33 29 53 16,Mobil: -,Fax: -,E-Mail: michel.chardon@sarevi.com,            





SAREVI CAEN,Servicepartner,"Z.A. La Jalousie, 14540 Saint-Aignan-de-Cramesnil, Frankreich, , ",+33 (2) 31 82 51 00,+33 (2) 31 82 37 38,michel.chardon@sarevi.com,,yes,no,yes,no,yes,,,,,,,,,,,,,,,,,,,,
Michel CHARDON,Geschäftsführer,Telefon: +33 (2) 31 82 51 00,Mobil: -,Fax: -,E-Mail: -,            





SARL HENRI ARRIETA,Servicepartner,"ZA St Frédéric II, 64100 Bayonne, Frankreich, , ",+33 (5) 59 55 72 74,+33 (5) 59 55 51 44,,,yes,yes,yes,,,,,,,,,,,,,,,,,,,,,,





SAVARIEAU SAS,Servicepartner,"Impasse Jean Moillade - Acti Ouest l'Horbetoux, 85000 La Roche-sur-Yon, Frankreich, , ",+33 (2) 51 37 17 53,+33 (2) 51 37 82 01,psavarieau@savarieau.com,,yes,yes,yes,no,yes,,,,,,,,,,,,yes,,,,,,,,





SBVS,Servicepartner,"ZI Rancy, 03400 Yzeure, Frankreich, , ",+33 (4) 70 44 66 15,,,,yes,no,yes,,,,,,,,,,,,,,,,,,,,,,





SCOVIMA,Servicepartner,"17 route de la Bretonnerie, 50700 Valognes, Frankreich, , ",+33 (2) 33 40 43 47,+33 (2) 33 40 45 33,scovima@scovima.fr,,yes,yes,yes,no,yes,,,,,,yes,,yes,,,,,,,,,,,,





SEG ARRIETA,Servicepartner,"15 Rue Chalibardon - ZA St-Frédéric 2, 64100 Bayonne, Frankreich, , ",+33 (5) 59 55 72 74,+33 (5) 59 55 51 44,eric.arrieta@garagearrieta.fr,,,,,,,yes,,yes,,,yes,,yes,,,,,,,,,,,,
Eric Arrieta,Geschäftsführer,Telefon: +33 (5) 59 55 72 74,Mobil: -,Fax: -,E-Mail: eric.arrieta@garagearrieta.fr,            





SOCOVI BOURGOGNE,Servicepartner,"3 rue du port, 21600 Longvic, Frankreich, , ",+33 (3) 80 51 10 17,+33 (3) 80 51 11 76,gilles-socovi@orange.fr,,yes,yes,yes,no,yes,,,,,,,,,,,,,,,,,,,,





SOCOVI MAINTENANCE,Servicepartner,"Espace Valentin - Rue des Salines, 25480 Miserey-Salines, Frankreich, , ",+33 (3) 81 50 69 00,+33 (3) 81 50 90 91,atelierbesancon-socovi@orange.fr,,yes,no,yes,,,,,,,,,,,,,,,,,,,,,,
Gilles MOREL,,Telefon: +33 (3) 81 50 69 00,Mobil: -,Fax: -,E-Mail: gilles.morel@orange.fr,            





SOCOVI NÉGOCE ET DISTRIBUTION,Servicepartner,"Espace Valentin - Rue des Salines, 25480 Miserey-Salines, Frankreich, , ",+33 (3) 81 50 69 00,+33 (3) 81 50 90 91,gilles-socovi@orange.fr,,,,,,,yes,,yes,,,yes,,yes,,,,,,,,,,,,
Gilles MOREL,Geschäftsführer,Telefon: +33 (3) 81 50 69 00,Mobil: -,Fax: -,E-Mail: gilles-socovi@orange.fr,            





SODIMAT,Servicepartner,"Voie 0 - Rue Thomas Edison - ZI de Jarry, 97122 Baie-Mahault, Frankreich, , ",+33 (5) 90 26 60 58,+33 (5) 90 26 71 78,fvivies@sodimatgp.fr,,yes,no,yes,no,yes,yes,,yes,,,,,,,,,,,,,,,,,





SORELOC,Servicepartner,"ZA de Rivière Roche, 97200 Fort-de-France, Frankreich, , ",+33 (5) 96 50 49 78,+33 (5) 96 50 49 43,andre.lanes@soreloc.com,,,,,,,yes,,yes,,,,,,,,,,,,,,,,,





STVI,Servicepartner,"2371 Route de la Fènerie, 06580 Pégomas, Frankreich, , ",+33 (4) 93 93 26 22,+33 (4) 93 93 26 77,s.t.v.i@orange.fr,,yes,no,yes,no,yes,,,,,,,,,,,,,,,,,,,,





TECHNO POIDS LOURDS,Servicepartner,"361 avenue de Rome - Grand St-Charles, 66000 Perpignan, Frankreich, , ",+33 (4) 68 54 54 26,+33 (4) 68 54 36 31,laurent.e@techno-poidslourds.com,,yes,yes,yes,no,yes,,,,,,yes,,yes,,,,yes,,,,,,,,
LAURENT ESPARCH,Geschäftsführer,Telefon: +33 (4) 68 54 89 81,Mobil: -,Fax: -,E-Mail: laurent.e@techno-poidslourds.com,            





TEMANA IMPORT,Servicepartner,"Allée Pierre Loti, Vallée de Titioro, 98713 Papeete, Frankreich, , ",+689 (40) 54 35 30,,,,yes,no,yes,,,yes,,yes,,,,,,,,,,,,,,,,,





TIP TRAILER SERVICES FRANCE,Servicepartner,"Route de Saint-Lô, 50160 Torigny-les-Villes, Frankreich, , ",+33 (2) 33 05 29 29,+33 (2) 33 77 84 71,,,yes,no,no,,,,,,,,yes,,,,,,,,,,,,,,





TREVI,Servicepartner,"Zone Industrielle Landes de Cassantin, 37210 Parçay-Meslay, Frankreich, , ",+33 (2) 47 73 33 60,+33 (2) 47 80 04 40,,,yes,no,yes,,,,,,,,,,,,,,,,,,,,,,
Christian ROULLIER ,Geschäftsführer,Telefon: +33(2) 47 73 33 60,Mobil: -,Fax: -,E-Mail: roullier.christian@wanadoo.fr,            





VAL DE LOIRE POIDS LOURDS,Servicepartner,"ZA Euro Val de Loire, 41330 Fossé, Frankreich, , ",+33 (2) 54 20 84 22,+33 (2) 54 20 07 54,,,yes,no,yes,no,yes,,,,,,,,,,,,,,,,,,,,





VAR POIDS LOURDS ET TOURISME,Servicepartner,"Pole BTP - 372 av Laurent Barbero, 83600 Fréjus, Frankreich, , ",+33 (4) 83 09 80 30,+33 (4) 94 81 56 37,os.vplt@wanadoo.fr,,yes,no,yes,no,yes,yes,,yes,,,yes,,yes,,,,,,,,,,,,
OLIVIER SOUSSAN,Geschäftsführer,Telefon: +33 (4) 83 09 80 30,Mobil: -,Fax: -,E-Mail: os.vplt@wanadoo.fr,            





VVO,Servicepartner,"19 Chemin du Midi, 84300 Cavaillon, Frankreich, , ",+33 (4) 90 71 76 76,+33 (4) 90 71 76 77,regis.malcles@vvo-mvi.com,,yes,yes,yes,no,yes,yes,,yes,,,yes,,yes,,,,,,,,,,,,
Régis MALCLES,Geschäftsführer,Telefon: +33 (4) 90 71 76 76,Mobil: -,Fax: -,E-Mail: regis.malcles@vvo-mvi.com,            





