﻿Company Name,Service Partner,Address,Phone Number,Fax,Email,Website,LKW-Service,Bus-Service,MAN Van-Service,Schiffsmotoren-Service,Industriemotoren-Service,LKW-Verkauf,Bus-Verkauf,MAN Van-Verkauf,Schiffsmotoren-Verkauf,Industriemotoren-Verkauf,LKW-MAN_TopUsed,Bus-MAN_TopUsed,MAN Van-MAN_TopUsed,Schiffsmotoren-MAN_TopUsed,Industriemotoren-MAN_TopUsed,LKW-BusTopService,Bus-BusTopService,MAN Van-BusTopService,Schiffsmotoren-BusTopService,Industriemotoren-BusTopService,LKW-eMobility,Bus-eMobility,MAN Van-eMobility,Schiffsmotoren-eMobility,Industriemotoren-eMobility
SODIM TP,Servicepartner,"Z 101, Zi d' Oluomi, 1111 Libreville, Gabun, , ",+241(77)2911,+241(74)7957,sodim.tp@sogafric.ga,,yes,yes,no,,,yes,yes,,,,,,,,,,,,,,,,,,
Driss Belfkih,Auftragszentrum ServiceBetriebsleiter,Telefon: +241(0)1725743,Mobil: -,Fax: -,E-Mail: driss.belfkih@groupesogafric.com,            
Jean Benoit Trancher,Leiter WerkstattServiceberater,Telefon: +241(0)1725743,Mobil: -,Fax: -,E-Mail: jeanbenoit.trancher@groupesogafric.com,            
Yves Hernandez,Auftragszentrum VerkaufLeiter Verkauf LKW,Telefon: +241(0)1792645,Mobil: -,Fax: -,E-Mail: Yves.HERNANDEZ@groupesogafric.com,            





