﻿Company Name,Service Partner,Address,Phone Number,Fax,Email,Website,LKW-Service,Bus-Service,MAN Van-Service,Schiffsmotoren-Service,Industriemotoren-Service,LKW-Verkauf,Bus-Verkauf,MAN Van-Verkauf,Schiffsmotoren-Verkauf,Industriemotoren-Verkauf,LKW-MAN_TopUsed,Bus-MAN_TopUsed,MAN Van-MAN_TopUsed,Schiffsmotoren-MAN_TopUsed,Industriemotoren-MAN_TopUsed,LKW-BusTopService,Bus-BusTopService,MAN Van-BusTopService,Schiffsmotoren-BusTopService,Industriemotoren-BusTopService,LKW-eMobility,Bus-eMobility,MAN Van-eMobility,Schiffsmotoren-eMobility,Industriemotoren-eMobility
TEGETA TRUCK AND BUS- SERVICE CENTER,Servicepartner,"#5, 12km, D.agmashenebeli Alley, 0131 Tbilisi, Georgien, , ",+995(32)224-4744,+995(32)224-4744,info@ge.man-mn.com,http://man.com.ge/,yes,yes,no,,,yes,yes,,,,,,,,,,,,,,,,,,
Shalva Ghoniashvili,Leiter Werkstatt,Telefon: +995(32)2244744,Mobil: +995(95)30-0804,Fax: +995(32)2244744,E-Mail: s.ghoniashvili@tegetamotors.ge,            
Giga Biliseishvili,Verkäufer BUSVerkäufer LKWLeiter Verkauf LKW,Telefon: +995(32)224-4744,Mobil: +995(595) 373637,Fax: +995(32)224-4744,E-Mail: gigi.biliseishvili@ge.man-mn.com,            
Archil Beridze,Leiter After Sales,Telefon: +995(32)224-4744,Mobil: +995(591) 706598,Fax: +995(32)224-4744-1219,E-Mail: archil.beridze@ge.man-mn.com,            
Levan Kvachantiradze,Leiter WerkstattVerkäufer After Sales BUSVerkäufer After Sales LKW,Telefon: +995(32)2244744,Mobil: -,Fax: -,E-Mail: Levan.Kvachantiradze@ge.man-mn.com,            





