﻿Company Name,Service Partner,Address,Phone Number,Fax,Email,Website,LKW-Service,Bus-Service,MAN Van-Service,Schiffsmotoren-Service,Industriemotoren-Service,LKW-Verkauf,Bus-Verkauf,MAN Van-Verkauf,Schiffsmotoren-Verkauf,Industriemotoren-Verkauf,LKW-MAN_TopUsed,Bus-MAN_TopUsed,MAN Van-MAN_TopUsed,Schiffsmotoren-MAN_TopUsed,Industriemotoren-MAN_TopUsed,LKW-BusTopService,Bus-BusTopService,MAN Van-BusTopService,Schiffsmotoren-BusTopService,Industriemotoren-BusTopService,LKW-eMobility,Bus-eMobility,MAN Van-eMobility,Schiffsmotoren-eMobility,Industriemotoren-eMobility
VAN VLIET AUTOMOTIVE GHANA,Servicepartner,"Plot A 42,Aflao Road opp. DVLA, 1100 Accra Community 25, Ghana, , ",+31(6)20546873,,marc@vanvliet.com,http://www.vanvliet.com,yes,yes,no,,,yes,yes,,,,,,,,,,,,,,,,,,
Joseph Nettey,WerkstattmeisterLeiter Werkstatt,Telefon: +233(0)249535041,Mobil: -,Fax: -,E-Mail: joseph@vanvliet.com,            





