﻿Company Name,Service Partner,Address,Phone Number,Fax,Email,Website,LKW-Service,Bus-Service,MAN Van-Service,Schiffsmotoren-Service,Industriemotoren-Service,LKW-Verkauf,Bus-Verkauf,MAN Van-Verkauf,Schiffsmotoren-Verkauf,Industriemotoren-Verkauf,LKW-MAN_TopUsed,Bus-MAN_TopUsed,MAN Van-MAN_TopUsed,Schiffsmotoren-MAN_TopUsed,Industriemotoren-MAN_TopUsed,LKW-BusTopService,Bus-BusTopService,MAN Van-BusTopService,Schiffsmotoren-BusTopService,Industriemotoren-BusTopService,LKW-eMobility,Bus-eMobility,MAN Van-eMobility,Schiffsmotoren-eMobility,Industriemotoren-eMobility
AFOI K. MOURNIANAKI OE,Servicepartner,"15 km Rethimno-Iraklio, Latzimas, 74100 Rethimno, Griechenland, , ",+30 (28340) 93116,+30 (28340) 93196,mournian@otenet.gr,,yes,yes,no,,,,,,,,,,,,,,,,,,,,,,
Kostantinos Mournianakis,,Telefon: +30 (28340) 93116,Mobil: +30 (693) 6655720,Fax: -,E-Mail: mournian@otenet.gr,            





AFOI P. CHATZISIMEONOGLOU O.E.,Servicepartner,"Aristotelous 6, 59033 Makrochori Veria, Griechenland, , ",+30(23310)41353,+30(23310)43369,chatzibr@otenet.gr,http://www.manveria.eu,yes,yes,no,,,,,,,,,,,,,,,,,,,,,,
Christos Chatzisimeonoglou,Leiter Teile und Zubehör,Telefon: +30 (23310) 41353,Mobil: -,Fax: +30 (23310) 43369,E-Mail: chatzibr@otenet.gr,            
Georgios Chatzisimeonoglou,Leiter After Sales,Telefon: +30 (23310) 41353,Mobil: +30 (697) 7316734,Fax: +30 (23310) 43369,E-Mail: chatzibr@otenet.gr,            





ANDREAS N. PITSIS & SIA OE,Servicepartner,"Lefkas 18, 26500 Petroto Patras, Griechenland, , ",+30 (2610) 362077,+30 (2610) 435170,man@pat.forthnet.gr,,yes,no,no,,,,,,,,,,,,,,,,,,,,,,
Nikolaos Pitsis,Leiter Teile und Zubehör,Telefon: +30 (2610) 362077,Mobil: +30 (693) 678750,Fax: +30 (2610) 435170,E-Mail: man@pat.forthnet.gr,            
Panagiotis Pitsis,Leiter After Sales,Telefon: +30 (2610) 362077,Mobil: +30 (693) 2674395,Fax: +30 (2610) 435170,E-Mail: man@pat.forthnet.gr,            





ANTONIADIS PAVLOS & SIA O.E.,Servicepartner,"Makedonias 18, 54628 Thessaloniki, Griechenland, , ",+30 (2310) 751939,+30 (2310) 752345,manara1@otenet.gr,,yes,yes,no,,,,,,,,,,,,,,,,,,,,,,
Antonis Tzotzis,Leiter Werkstatt,Telefon: +30 (2310) 751939,Mobil: +30 (697) 9223634,Fax: +30 (2310) 752345,E-Mail: manara1@otenet.gr,            
Nikolaos Tsevrentzis,Leiter After Sales,Telefon: +30 (2310) 751939,Mobil: -,Fax: +30 (2310) 752345,E-Mail: manara1@otenet.gr,            





CHARIS NERANTZIDIS & SOEHNE OE,Servicepartner,"Chalkero, 64006 Kavala, Griechenland, , ",+30 (2510) 317318,+30 (2510) 317316,nervang@otenet.gr,,yes,no,no,,,,,,,,,,,,,,,,,,,,,,
Archontia Nerantzidou,Geschäftsführer,Telefon: +30 (2510) 317318,Mobil: -,Fax: +30 (2510) 317316,E-Mail: nervang@otenet.gr,            
Evaggelos Nerantzidis,Leiter Werkstatt,Telefon: +30 (2510) 317318,Mobil: +30 (6979) 139140,Fax: +30 (2510) 317316,E-Mail: nervang@otenet.gr,            
Georgios Nerantzidis,Leiter Teile und Zubehör,Telefon: +30 (2510) 317318,Mobil: +30 (6947) 902519,Fax: +30 (2510) 317316,E-Mail: nervang@otenet.gr,            





EFTHIMIOU SP. IOANNIS,Servicepartner,"10th km National Road Mytilini - Kalloni, 81100 Mytilini, Griechenland, , ",+30 (22510) 45880,+30 (22510) 45870,eftimiou@otenet.gr,,yes,no,no,,,,,,,,,,,,,,,,,,,,,,
Ioannis Efthimiou,Geschäftsführer,Telefon: +30 (22510) 45880,Mobil: +30 (697) 3230874,Fax: +30 (22510) 45870,E-Mail: eftimiou@otenet.gr,            





ELENI ANDREA KOTSIOPOULOU & SIA OE,Servicepartner,"4th. km. Argos- Tripoli, 21200 Argos, Griechenland, , ",+30 (27510)663 05,+30 (27510) 635 02,kotsiop1@otenet.gr,,yes,no,no,,,,,,,,,,,,,,,,,,,,,,
Andreas Kotsiopoulos,Geschäftsführer,Telefon: +30 (27510) 66305,Mobil: -,Fax: +30 (27510) 63502,E-Mail: akotsiopoulos@arg.forthnet.gr,            
Antonis Zepatos,Leiter After Sales,Telefon: +30 (27510) 66305,Mobil: +30 (694) 7814015,Fax: +30 (27510) 63502,E-Mail: kotsiop1@otenet.gr,            





ERGOTRAK SA,Servicepartner,"Thesi Patima, 19600 Mandra, Griechenland, , ",+30 (210) 5538690,+30 (210) 5584212,info@sfakianakis.gr,,yes,yes,no,,,,,,,,,,,,,,,,,,,,,,
Pantelis Melidis,Leiter Teile und Zubehör,Telefon: +30 (210) 6293428,Mobil: -,Fax: -,E-Mail: -,            
Nikolaos Patsatzis,Geschäftsführer,Telefon: +30 (210) 6293400,Mobil: -,Fax: +30 (210) 6201945,E-Mail: ptz@sfakianakis.gr,            





EUROEPISKEVASTIKI EPE,Servicepartner,"26 km. Old National Road Athens-Thiva, 19600 Mandra, Griechenland, , ",+30(210)5551777,+30(210)5551888,info@evroepiskevastiki.gr,http://www.evroepiskevastiki.gr,yes,no,no,,,,,,,,,,,,,,,,,,,,,,





HELMA A.E.,Servicepartner,"Athinon 129, 10447 Athens, Griechenland, , ",+30(210)5152069,+30(210)5152068,helma@helma.gr,,yes,no,no,,,yes,,,,,,,,,,,,,,,,,,,
Yannis Tselikas,Direktor,Telefon: +30(210)5152069,Mobil: -,Fax: -,E-Mail: ytselikas@helma.gr,            
Dimitrios Tsoumas,Geschäftsführer,Telefon: +30(210)5152069,Mobil: -,Fax: -,E-Mail: helma@helma.gr,            





KLONARIS NIKOLAOS,Servicepartner,"ANTIMACHIA, 85302 KOS, Griechenland, , ",+30 (22420)49636,+30 (22420)49638,klonarisn@gmail.com,,yes,yes,no,,,,,,,,,,,,,,,,,,,,,,
NIKOLAOS KLONARIS,Geschäftsführer,Telefon: +30 (22420)49636,Mobil: +30 (694)4548895,Fax: +30 (22420)49638,E-Mail: klonarisn@gmail.com,            





MED BUS TRUCK CENTER,Servicepartner,"Aerodromiou, 193, 19200 Elefsina, Griechenland, , ",+30(210)5565041,+30(210)5565044,kostas.g.papadakis@neoplan.gr,,yes,yes,no,,,,,,,,,,,,,,,,,,,,,,





PAPADAKIS BROS SA,Servicepartner,"Aerodromiou 29, 19200 Elefsina, Griechenland, , ",+30 (210)5545581,+30 (210) 5545582,kostas.i.papadakis@neoplan.gr,,,,,,,yes,yes,,,,yes,yes,,,,,,,,,,,,,
Konstantinos G. Papadakis,Leiter After Sales,Telefon: +30 (210) 5545581,Mobil: +30 (693) 7210650,Fax: +30 (210) 5545582,E-Mail: kostas.g.papadakis@neoplan.gr,            
Konstantinos I. Papadakis,Leiter Verkauf BUS,Telefon: +30 (210) 5545581,Mobil: -,Fax: +30 (210) 5545582,E-Mail: kostas.i.papadakis@neoplan.gr,            
Ilias Papadakis,Geschäftsführer,Telefon: +30 (210) 5545581,Mobil: -,Fax: +30 (210) 5545582,E-Mail: neoplan@otenet.gr,            
Kostas Ganatsios,Leiter Werkstatt,Telefon: +30 (210) 55 45 581,Mobil: +30 (697) 699 50 89,Fax: +30 (210) 55 65 044,E-Mail: kostas.ganatsios@neoplan.gr,            





PAPATHEOCHARIS EVAG. KONSTANTINOS,Servicepartner,"3th km Old National Road Katerini-Thessaloniki, 60100 Katerini, Griechenland, , ",+30 (23510) 23187,+30 (23510) 23871,evroserviceman@yahoo.gr,,yes,no,no,,,,,,,,,,,,,,,,,,,,,,
Konstantinos Papatheocharis,Geschäftsführer,Telefon: +30 (23510) 23187,Mobil: +30 (697) 4654194,Fax: +30 (23510) 23871,E-Mail: evroserviceman@yahoo.gr,            





PAPOUTSIS I. KONSTANTINOS,Servicepartner,"Periferiaki Ioanninon, 45500 Ioannina, Griechenland, , ",+30 (26510) 43814,+30 (26510) 43814,papoutsisk@hol.gr,,yes,no,no,,,,,,,,,,,,,,,,,,,,,,
Papoutsis Konstantinos,Geschäftsführer,Telefon: +30 (26510) 43814,Mobil: +30 (697) 3531106,Fax: +30 (26510) 43814,E-Mail: papoutsisk@hol.gr,            





VEZIRGIANNIS SA,Servicepartner,"Koritsas 8, 57009 Thessaloniki, Griechenland, , ",+30(2310)789048,,info@vezirgiannis.gr,,yes,yes,no,,,,,,,,,,,,,,,,,,,,,,
Anastasia Bezyrgianni,Leiter After Sales,Telefon: +30(2310)789048,Mobil: -,Fax: -,E-Mail: -,            
Konstantin Bezyrgiannis,Geschäftsführer,Telefon: +30(2310)789048,Mobil: -,Fax: -,E-Mail: -,            
Pavlos Berberidis,Leiter Werkstatt,Telefon: +30(2310)789048,Mobil: -,Fax: -,E-Mail: berberidis@vezirgiannis.gr,            





YIOI I. BEZEVEGI OE,Servicepartner,"Bizaniou 20, 48200 Filippiada Prevezis, Griechenland, , ",+30 (26830) 22657,+30 (26830) 24577,bezeveg1@otenet.gr,,yes,no,no,,,,,,,,yes,,,,,,,,,,,,,,
Dimitrios Bezevegis,Leiter After Sales,Telefon: +30 (26830) 22657,Mobil: +30 (694) 7890078,Fax: +30 (26830) 24577,E-Mail: bezeveg1@otenet.gr,            





