﻿Company Name,Service Partner,Address,Phone Number,Fax,Email,Website,LKW-Service,Bus-Service,MAN Van-Service,Schiffsmotoren-Service,Industriemotoren-Service,LKW-Verkauf,Bus-Verkauf,MAN Van-Verkauf,Schiffsmotoren-Verkauf,Industriemotoren-Verkauf,LKW-MAN_TopUsed,Bus-MAN_TopUsed,MAN Van-MAN_TopUsed,Schiffsmotoren-MAN_TopUsed,Industriemotoren-MAN_TopUsed,LKW-BusTopService,Bus-BusTopService,MAN Van-BusTopService,Schiffsmotoren-BusTopService,Industriemotoren-BusTopService,LKW-eMobility,Bus-eMobility,MAN Van-eMobility,Schiffsmotoren-eMobility,Industriemotoren-eMobility
A N RICHARDS LTD,Servicepartner,"The Garage, Froncysyllte, LL20 7RA Llangollen, Wrexham, Großbritannien, , ",+44 (1691)777 835,+44 (1691) 774 201,,,yes,yes,yes,,,,,yes,,,yes,,,,,,,,,,,,,,
David Charles,Leiter Verkauf Dienstleistungen,Telefon: +44 (1691) 777835,Mobil: -,Fax: -,E-Mail: dcharles@anrichards.com,            
Peter Carless,Leiter Teile und Zubehör,Telefon: +44 (1691) 777835,Mobil: -,Fax: +44 (1691) 774201,E-Mail: pcarless@anrichards.com,            
Steven Drury,Leiter Teile und Zubehör,Telefon: +44 (1691) 777835,Mobil: -,Fax: +44 (1691) 774201,E-Mail: sdrury@anrichards.com,            
Johanna Cooke,Betriebsleiter,Telefon: +44 (1691) 777835,Mobil: -,Fax: -,E-Mail: jcooke@anrichards.com,            
Chris Clee,Verkäufer LKW,Telefon: +44(7587) 631918,Mobil: -,Fax: -,E-Mail: -,            
Matt Jacob,Verkäufer BUS,Telefon: +44(7920) 239467,Mobil: -,Fax: -,E-Mail: -,            
Alun Jones,Verkäufer VAN,Telefon: +44(7702) 912741,Mobil: -,Fax: -,E-Mail: ajones@anrichards.com,            





ACORN TRUCKS LTD,Servicepartner,"Acorn Industrial Estate, Crayford Road, DA1 4AL Crayford, Großbritannien, , ",+44 (1322) 556415,+44 (1322) 550403,,,yes,yes,yes,,,,,,,,,,,,,,,,,,,,,,
Lee Cox,Leiter Teile und Zubehör,Telefon: +44 (1322) 621815,Mobil: -,Fax: +44 (1322) 525315,E-Mail: lee.cox@acorntrucks.com,            
Guy Robinson,Betriebsleiter,Telefon: +44 (1322) 621815,Mobil: -,Fax: -,E-Mail: guy.robinson@acorntrucks.com,            
Andy Morris,Centerleiter,Telefon: +44 (1322) 621815,Mobil: -,Fax: -,E-Mail: andy.morris@harris-group.co.uk,            
Philip Martin,Verkäufer LKW,Telefon: +44(7921) 03877,Mobil: -,Fax: -,E-Mail: -,            
Jeff Edwards,Verkäufer BUS,Telefon: +44(7885) 285376,Mobil: -,Fax: -,E-Mail: -,            





AQUILA TRUCK CENTRES LIMITED (GLOUCESTER),Servicepartner,"Pearce Way, Bristol Road, GL2 5YB Gloucester, Großbritannien, , ",+44 (01452) 314900,+44 (01452)314909,,,yes,yes,yes,,,,,,,,,,,,,,,,,,,,,,
Gary Mullaney,Geschäftsführer,Telefon: +44 (1452) 314900,Mobil: -,Fax: -,E-Mail: gmullaney@aquilatrucks.com,            
Mitch Reynolds,Management,Telefon: +44 (1452) 314900,Mobil: -,Fax: -,E-Mail: mreynolds@aquilatrucks.com,            
Peter Jones ,Management,Telefon: +07 (709) 331097,Mobil: -,Fax: -,E-Mail: pjones@aquilatrucks.com,            





AQUILA TRUCK CENTRES LIMITED (KINGSBURY),Servicepartner,"Piccadilly Way, B78 2EB Kingsbury, Tamworth, Großbritannien, , ",+44 (1827) 871810,+44 (1827) 875277,,,yes,no,yes,,,,,,,,,,,,,,,,,,,,,,
Gary Mullaney,Direktor,Telefon: +44 (1827) 871810,Mobil: -,Fax: +44 (1827) 875277,E-Mail: gmullaney@aquilatrucks.com,            
Nathan Adcock,Betriebsleiter,Telefon: +44 (1827) 871810,Mobil: -,Fax: +44 (1827) 875277,E-Mail: nadcock@aquilatrucks.com,            
Lee Stilling,Verkäufer LKW,Telefon: +44(7435) 780979,Mobil: -,Fax: -,E-Mail: -,            
Matt Jacob,Verkäufer BUS,Telefon: +44(7920)293467,Mobil: -,Fax: -,E-Mail: -,            
Mick  Polito ,Leiter Teile und Zubehör,Telefon: +01 (827) 871810,Mobil: -,Fax: -,E-Mail: mpolito@aquilatrucks.com,            





AQUILA TRUCK CENTRES LIMITED (TELFORD),Servicepartner,"Deer Park Court, Donnington Wood Business Park, TF2 7NA Telford, Großbritannien, , ",+44 (1952) 293361,+44 (1952) 290821,,,yes,no,yes,,,,,,,,yes,,,,,,,,,,,,,,
Mitchell Reynolds,Betriebsleiter,Telefon: +44 (1952) 293361,Mobil: -,Fax: -,E-Mail: m.reynolds@aquilatrucks.com,            
Gary Mullaney,DirektorCenterleiter,Telefon: +44 (1952) 293361,Mobil: -,Fax: -,E-Mail: gmullaney@aquilatrucks.com,            
Tom Brazier,Leiter Verkauf DienstleistungenWerkstattmeister LKW,Telefon: +44 (1952) 293361,Mobil: -,Fax: -,E-Mail: t.brazier@aquilatrucks.com,            
mick polito,Leiter Teile und Zubehör,Telefon: +44 (1952) 293361,Mobil: -,Fax: -,E-Mail: mpolito@aquilatrucks.com,            
Tony Bobs,Verkäufer LKW,Telefon: +44(7587) 134430,Mobil: -,Fax: -,E-Mail: -,            
Matt Jacob,Verkäufer BUS,Telefon: +44(07920) 293467,Mobil: -,Fax: -,E-Mail: -,            
Ian Statham ,Leiter Teile und Zubehör,Telefon: +01 (195) 2293361,Mobil: -,Fax: -,E-Mail: istatham@aquilatrucks.com,            





AQUILA TRUCK CENTRES LIMITED (TIPTON),Servicepartner,"Chimney Road, DY4 7BY Great Bridge, Tipton, Großbritannien, , ",+44 (1215) 201234,+44(1215) 5201800,,,yes,yes,yes,,,,,yes,,,yes,,,,,,,,,,,,,,
Gary Mullaney,Direktor,Telefon: +44 (1215) 201234,Mobil: -,Fax: +44 (1215) 201800,E-Mail: gmullaney@aquilatrucks.com,            
Gary  Wilson,MA Ersatzteilverkauf LKWBetriebsleiter,Telefon: +44 (1215) 201234,Mobil: -,Fax: -,E-Mail: gwilson@aquilatrucks.com,            
Andy Gibbons,Centerleiter,Telefon: +44 (1215) 201234,Mobil: -,Fax: -,E-Mail: agibbons@aquilatrucks.com,            
Mick Polito,Leiter Teile und ZubehörMA Ersatzteilverkauf LKW,Telefon: +44 (1215) 201234,Mobil: -,Fax: +44 (1215) 201800,E-Mail: mpolito@aquilatrucks.com,            
Frank Albanese,Leiter Verkauf Dienstleistungen,Telefon: +44 (1215) 201234,Mobil: -,Fax: +44 (1215) 201800,E-Mail: falbanese@aquilatrucks.com,            
Peter Jones,Direktor,Telefon: +44 (1215) 201234,Mobil: -,Fax: +44 (1215) 201800,E-Mail: pjones@aquilatrucks.com,            
Lynette Merrick,Verkäufer LKW,Telefon: +44(7825) 313650,Mobil: -,Fax: -,E-Mail: -,            
Matt Jacob,Verkäufer BUS,Telefon: +44(7920) 293467,Mobil: -,Fax: -,E-Mail: -,            
Mike Richards,Verkäufer LKW,Telefon: +44 (7740) 922790,Mobil: -,Fax: -,E-Mail: -,            
Neil Cox,Verkäufer LKW,Telefon: +44(7740) 922737,Mobil: -,Fax: -,E-Mail: -,            





AQUILA TRUCK CENTRES LIMITED (WORCESTER),Servicepartner,"16A Blackpole Trading Estate East, WR3 8SG Worcester, Großbritannien, , ",+44 (1905) 756089,+44 (1905) 753206,,,yes,no,yes,,,,,,,,yes,,,,,,,,,,,,,,
Gary Mullaney,CenterleiterDirektor,Telefon: +44 (1905) 756089,Mobil: -,Fax: +44 (1905) 753206,E-Mail: gmullaney@aquilatrucks.com,            
Lisa Kerridge,Leiter Verkauf Dienstleistungen,Telefon: +44 (1905) 756089,Mobil: -,Fax: -,E-Mail: lkerridge@aquilatrucks.com,            
Mark Price,Betriebsleiter,Telefon: +44 (1905) 756089,Mobil: -,Fax: +44 (1905) 753206,E-Mail: mprice@aquilatrucks.com,            
Peter Jones,Management,Telefon: +44 (1905) 756089,Mobil: -,Fax: +44 (1905) 753206,E-Mail: pjones@aquilatrucks.com,            
Matt Jacob,Verkäufer BUS,Telefon: +44 (7920) 293467,Mobil: -,Fax: -,E-Mail: -,            
Bob Birch,Verkäufer LKW,Telefon: +44(7921) 038784,Mobil: -,Fax: -,E-Mail: -,            
Mick  polito ,Leiter Teile und Zubehör,Telefon: +01 (905) 756089,Mobil: -,Fax: -,E-Mail: mpolito@aquilatrucks.com,            





COMMERCIAL MOTORS (WALES) LTD,Servicepartner,"Unit A, Newport Business Centre, Corporation Road, NP19 4RF Newport, South Wales, Großbritannien, , ",+44 (1633) 273000,+44 (1633) 277980,,,yes,yes,yes,,,,,yes,,,yes,,,,,,,,,,,,,,
Grant Little,Leiter Verkauf Dienstleistungen,Telefon: +44 (1633) 273000,Mobil: -,Fax: +44 (1633) 277980,E-Mail: GrantL@Commercial-Motors.com,            
Robert Manchip,Direktor,Telefon: +44 (1633) 251576,Mobil: -,Fax: +44 (1633) 220543,E-Mail: robertm@commercial-motors.com ,            
Roger Sheddick,Direktor,Telefon: +44 (1633) 273000,Mobil: -,Fax: -,E-Mail: rogers@commercial-motors.com,            
Mick Roberts,ServiceassistenzBetriebsleiter,Telefon: +44 (1633) 273000,Mobil: -,Fax: -,E-Mail: mickroberts@commercial-motors.com,            
Stuart Beamand,Verkäufer LKW,Telefon: +44(7435) 788054,Mobil: -,Fax: -,E-Mail: -,            





CORDWALLIS GROUP (HEATHROW),Servicepartner,"Great South West Road, TW14 8ND Bedfont, Middlesex, Großbritannien, , ",+44 (2085)826002,+44 (2085) 826031,,,yes,yes,yes,,,,,,,,yes,,,,,,,,,,,,,,
Ian Thomas,Direktor,Telefon: +44 (208) 5826000,Mobil: -,Fax: +44 (2085) 826031,E-Mail: ian.thomas@cordwallis.co.uk,            
Mark Haines,Centerleiter,Telefon: +44 (2085) 826002,Mobil: -,Fax: +44 (2085) 826031,E-Mail: mark.haines@cordwallis.co.uk,            
Ian Bonner,Verkäufer LKW,Telefon: +44(7881) 911820,Mobil: -,Fax: -,E-Mail: -,            
Jason Paskin,Verkäufer LKW,Telefon: +44(7740) 922736,Mobil: -,Fax: -,E-Mail: -,            
Jeff Edwards,Verkäufer BUS,Telefon: +44(7885) 285376,Mobil: -,Fax: -,E-Mail: -,            
Mark Borrett,Verkäufer VAN,Telefon: +44(7876) 141219,Mobil: -,Fax: -,E-Mail: -,            
Jack  Thomas ,Leiter Teile und Zubehör,Telefon: +07(985) 417399,Mobil: -,Fax: -,E-Mail: jack.thomas@cordwallis.co.uk,            





CORDWALLIS GROUP (OXFORD),Servicepartner,"Unit11, Oakfield Industrial Estate, Stanton Harcourt Road, OX29 4TH Eynsham, Großbritannien, , ",+44 (1865) 882885,+44 (1865) 882012,,,yes,yes,yes,,,,,,,,yes,,,,,,,,,,,,,,
Nick Grover,Leiter Teile und Zubehör,Telefon: +44 (1865) 882885,Mobil: -,Fax: + 44 (1865) 882 012,E-Mail: nick.grover@cordwallis.co.uk,            
Mark Haines,Centerleiter,Telefon: +44 (1865) 882885,Mobil: -,Fax: + 44 (1865) 882 012,E-Mail: mark.haines@cordwallis.co.uk,            
Daniel Holman,Leiter Verkauf Dienstleistungen,Telefon: +44 (1865) 882885,Mobil: -,Fax: -,E-Mail: daniel.homan@cordwallis.co.uk,            
Lee Stoddard,Verkäufer LKW,Telefon: +44(7435) 780979,Mobil: -,Fax: -,E-Mail: -,            
Jeff Edwards,Verkäufer BUS,Telefon: +44(7885) 285376,Mobil: -,Fax: -,E-Mail: -,            
Mark Borrett,Verkäufer VAN,Telefon: +44(7876) 141219,Mobil: -,Fax: -,E-Mail: -,            





CORDWALLIS GROUP (READING),Servicepartner,"Bennet Road, RG2 0QX Reading, Großbritannien, , ",+44 (118) 913 1780,+44 (118) 9860110,,,yes,yes,yes,,,,,yes,,,yes,,,,,,,,,,,,,,
Simon Oak,Leiter Verkauf Dienstleistungen,Telefon: +44 (1189) 131780,Mobil: -,Fax: +44 (1189)  860110,E-Mail: simon.oak@cordwallis.co.uk,            
Mark Haines,Centerleiter,Telefon: +44 (1189) 131780,Mobil: -,Fax: +44 (1189)  860110,E-Mail: mark.haines@cordwallis.co.uk,            
Nick Grover,Leiter Teile und Zubehör,Telefon: +44 (1189) 131780,Mobil: -,Fax: +44 (1189)  860110,"E-Mail: nick,grover@cordwallis.co.uk",            
Peter Robinson,Verkäufer LKW,Telefon: +44(7740) 922705,Mobil: -,Fax: -,E-Mail: -,            
Jeff Edwards,Verkäufer BUS,Telefon: +44(7885) 285376,Mobil: -,Fax: -,E-Mail: -,            
Mark Borrett,Verkäufer VAN,Telefon: +44(7876) 141219,Mobil: -,Fax: -,E-Mail: -,            





DSV COMMERCIALS,Servicepartner,"Eastfield Road, DN40 3DR Immingham, South Killingholme, Großbritannien, , ",+44 (1469) 553672,+44 (1469) 553689,,,yes,yes,yes,,,,,,,,yes,,,,,,,,,,,,,,
Simon Bradley,Leiter Teile und Zubehör,Telefon: +44 (1469) 553672,Mobil: -,Fax: +44 (1469) 553631,E-Mail: simon.bradley@uk.dsv.com,            
Chris Marshall,Direktor,Telefon: +44 (1469) 553672,Mobil: +44(7860) 311234,Fax: -,E-Mail: -,            
Jason Dawson,Verkäufer LKW,Telefon: +44(78240) 16336,Mobil: -,Fax: -,E-Mail: -,            
Matt Jacob,Verkäufer BUS,Telefon: +44 (7920) 293467,Mobil: -,Fax: -,E-Mail: -,            
Katherine  Kirk,Vertriebsmanager Service &amp; Teile,Telefon: +44 (1469) 553684,Mobil: -,Fax: -,E-Mail: Katherine.Kirk@uk.dsv.com,            





ELGIN TRUCK & VAN CENTRE LTD,Servicepartner,"7 Linkwood Place, IV30 1HZ Elgin, Großbritannien, , ",+44 (1343) 555312,+44 (1343) 555310,,,yes,yes,yes,,,,,,,,yes,,,,,,,,,,,,,,
Craig Easton,Verkäufer LKW,Telefon: +44 (7808) 713740,Mobil: -,Fax: -,E-Mail: -,            
Matt Jacob,Verkäufer BUS,Telefon: +44(7920) 293467,Mobil: -,Fax: -,E-Mail: -,            





ETS TRUCKS LTD,Servicepartner,"6 Witney Road, Nuffield Industrial Estate, BH17 0GH Poole, Großbritannien, , ",+44 (01202) 669339,+44 (01202) 669660,,,yes,yes,yes,,,,,yes,,,yes,,,,,,,,,,,,,,
Colin Gale,Direktor,Telefon: +44 (1202) 669339,Mobil: -,Fax: -,E-Mail: colin2@etstrucks.co.uk,            
Darren Gale,Leiter Verkauf DienstleistungenCenterleiter,Telefon: +44 (1202) 669339,Mobil: -,Fax: +44 (1202) 669918,E-Mail: service@etstrucks.co.uk,            
Ryan Parker,Leiter Teile und Zubehör,Telefon: +44 (1202) 669339,Mobil: -,Fax: +44 (1202) 669918,E-Mail: parts@etstrucks.co.uk,            
Ryan Gilmer,Verkäufer LKW,Telefon: +44 (7885) 932555,Mobil: -,Fax: -,E-Mail: -,            
Jeff Edwards,Verkäufer BUS,Telefon: +44(7885) 285376,Mobil: -,Fax: -,E-Mail: -,            





ETV INVERNESS,Servicepartner,"38, IV3 8EX Inverness, Großbritannien, , ",+44 (1343) 555312,,,,yes,yes,yes,,,,,,,,yes,,,,,,,,,,,,,,
Colin  Scott,Geschäftsführer,Telefon: +44 (1463) 231727,Mobil: +44 (7836) 200050,Fax: -,E-Mail: colin@etvc.co.uk,            
Grant Reynolds,Vertriebsmanager Service &amp; Teile,Telefon: +44 (1463) 231727,Mobil: -,Fax: -,E-Mail: grant.reynolds@etvc.co.uk,            





FISHLAKE COMMERCIAL MOTORS,Servicepartner,"Jubilee Bridge Works, Selby Road, Thorne, DN8 4JD Doncaster, Großbritannien, , ",+44 (1405)740086,+44 (1405) 740931,,,yes,yes,yes,,,,,,,,,,,,,,,,,,,,,,
Peter Furr,Direktor,Telefon: +44 (1405) 740086,Mobil: +44 (7501) 254076 ,Fax: +44 (1405) 740931,E-Mail: peter@fishlakecommercial.co.uk,            
Anthony Kearney,Vertriebsmanager Service &amp; Teile,Telefon: +44 (7918) 746544,Mobil: +44 (7918) 746544,Fax: +44 (1405) 740931,E-Mail: anthony@fishlakecommercial.co.uk,            
Renetta Edwards,Centerleiter,Telefon: +44 (1405) 740086,Mobil: +44 (7710) 265903 ,Fax: +44 (1405) 740931,E-Mail: renetta@fishlakecommercial.co.uk,            
Jason Dawson,Verkäufer LKW,Telefon: +44(7768) 792902,Mobil: -,Fax: -,E-Mail: -,            
Matt Jacob,Verkäufer BUS,Telefon: +44(7920) 293467,Mobil: -,Fax: -,E-Mail: -,            





HARRIS TRUCK & VAN LTD,Servicepartner,"Unit 5, Wheaton Road, CM8 3UJ Witham, Großbritannien, , ",+44 (1376) 533692,+44 (1376) 533699,,,yes,yes,yes,,,,,,,,,,,,,,,,,,,,,,
Clinton Fitt,SER_1564982231659,Telefon: +44 (1376) 533692,Mobil: -,Fax: -,E-Mail: clinton.fitt@purcom.com,            
Adam French,MA Ersatzteilverkauf LKWLeiter Teile und Zubehör,Telefon: +44 (1376) 533692,Mobil: -,Fax: -,E-Mail: adam.french@harris-group.co.uk,            
Mark Richmond,Verkäufer LKW,Telefon: +44(7710)123005,Mobil: -,Fax: -,E-Mail: -,            
Jeff Edwards,Verkäufer BUS,Telefon: +44(7885) 285376,Mobil: -,Fax: -,E-Mail: -,            





HARWOODS TRUCK CENTRE,Servicepartner,"Nutsey Lane, Totton, SO40 3NB Southampton, Großbritannien, , ",+44 (2380) 580364,+44 (2380) 863750,,,yes,yes,yes,,,,,yes,,,yes,,,,,,,,,,,,,,
Gareth Harvey,Leiter Teile und Zubehör,Telefon: +44 (2380) 580364,Mobil: -,Fax: +44 (2380) 863750 ,E-Mail: gharvey@harwoods.uk.com,            
Darren  Wiles ,Direktor,Telefon: +44 (2380) 580364,Mobil: -,Fax: -,E-Mail: dwiles@harwoods.uk.com,            
Dave Rogers,Werkstattmeister LKW,Telefon: +44 (2380) 580364,Mobil: -,Fax: -,E-Mail: drogers@harwoods.co.uk,            
Lindsay Ridge,Leiter Teile und Zubehör,Telefon: +44 (2380) 580364,Mobil: -,Fax: +44(2380) 580364,E-Mail: lridge@harwoods.uk.com,            
Aaron Tamplin,Verkäufer LKW,Telefon: +44(7831) 104469,Mobil: -,Fax: -,E-Mail: -,            
Jeff Edwards,Verkäufer BUS,Telefon: +44(7885) 285376,Mobil: -,Fax: -,E-Mail: -,            





HRVS (BEECH'S),Servicepartner,"Shelton New Road, ST4 7DL Stoke on Trent, Großbritannien, , ",+44(1782)848485,+44 (1782)844200,,,yes,yes,yes,,,,,,,,yes,,,,,,,,,,,,,,
Darren Jenkinson,ServiceberaterLeiter Werkstatt,Telefon: +44(1782)848485,Mobil: -,Fax: +44(1782)844200,E-Mail: darren.jenkinson@hrvs.co.uk,            
Toby Hollamby,Verkäufer LKW,Telefon: +44(7768) 792934,Mobil: -,Fax: -,E-Mail: -,            
Matt Jacob,Verkäufer BUS,Telefon: +44(7920) 293467,Mobil: -,Fax: -,E-Mail: -,            
Simon Hallen,Leiter Teile und Zubehör,Telefon: +44 (1782) 848485,Mobil: -,Fax: -,E-Mail: simon.hallen@hrvs.co.uk ,            
Rob Lockwood,DEA_1565098970935,Telefon: +07 (887) 537000,Mobil: -,Fax: -,E-Mail: rob@lockwoodgrp.co.uk,            





HRVS (RIPLEY),Servicepartner,"Heage Road Industrial Estate, Heage Road, DE5 3GH Ripley, Großbritannien, , ",+44 (1773) 745311,+44 (1773) 741599,,,yes,yes,yes,,,,,,,,yes,,,,,,,,,,,,,,
Ty Rhodes,Leiter Teile und Zubehör,Telefon: +44 (01773) 745311,Mobil: -,Fax: +44 (01773) 741599,E-Mail: ty@hrvs.co.uk,            
Rob Lockwood,DEA_1565098970935,Telefon: +07 (887) 537000,Mobil: -,Fax: -,E-Mail: rob@lockwoodgrp.co.uk,            
Simon Walters ,Leiter Verkauf Dienstleistungen,Telefon: +44 (1773) 745311,Mobil: -,Fax: -,E-Mail: simon.walters@hrvs.co.uk,            
John Taylor,Verkäufer LKW,Telefon: +44(7768) 792903,Mobil: -,Fax: -,E-Mail: -,            
Matt Jacob,Verkäufer BUS,Telefon: +44(7920) 293467,Mobil: -,Fax: -,E-Mail: -,            





HRVS (SCUNTHORPE),Servicepartner,"Ermine Street, DN20 0AQ Broughton, near Brigg, Scunthorpe, Großbritannien, , ",+44 (01652) 650404,+44 (01652) 658659,,,yes,yes,yes,,,,,,,,yes,,,,,,,,,,,,,,
Rob Lockwood,DEA_1565098970935,Telefon: +07 (887) 537000,Mobil: -,Fax: -,E-Mail: rob@lockwoodgrp.co.uk,            
Jess Adlard,Leiter Verkauf Dienstleistungen,Telefon: +44 (1652) 65040,Mobil: -,Fax: -,E-Mail: jess.adlard@hrvs.co.uk,            
Ty Rhodes,Leiter Teile und Zubehör,Telefon: +44 (1652) 650404,Mobil: -,Fax: -,E-Mail: ty@hrvs.co.uk,            
Steve Richardson,Verkäufer LKW,Telefon: +44(7824) 016335,Mobil: -,Fax: -,E-Mail: -,            
Matt Jacob,Verkäufer BUS,Telefon: +44(7920) 239467,Mobil: -,Fax: -,E-Mail: -,            





HRVS (SHEFFIELD),Servicepartner,"Shepcote Lane, S9 1TX Sheffield, Großbritannien, , ",+44 (1142) 417850,+44 (01142) 437860,,,yes,yes,yes,,,,,yes,,,yes,,,,,,,,,,,,,,
Phil Walters,Leiter Verkauf Dienstleistungen,Telefon: +44 (1142) 417850 ,Mobil: -,Fax: +44 (01142) 560145,E-Mail: philip.walters@hrvs.co.uk,            
John Nixon,Verkäufer LKW,Telefon: +44(7802) 211341,Mobil: -,Fax: -,E-Mail: -,            
Matt Jacob,Verkäufer BUS,Telefon: +44(7920) 293467,Mobil: -,Fax: -,E-Mail: -,            
Ty Rhodes,Leiter Teile und Zubehör,Telefon: +07 (824)  893203,Mobil: -,Fax: -,E-Mail: ty@hrvs.co.uk,            
Rob  Lockwood,DEA_1565098970935,Telefon: +07 (887) 537000,Mobil: -,Fax: -,E-Mail: rob@lockwoodgrp.co.uk,            





HRVS LTD (SLEAFORD),Servicepartner,"Oakside Park Industrial Estate, NG34 7EQ Sleaford, Großbritannien, , ",+44 (1529) 416231,+44(1529) 307577,,https://www.hrvs.co.uk/,yes,yes,yes,,,,,,,,yes,,,,,,,,,,,,,,
Nigel Wensley,Leiter Teile und Zubehör,Telefon: +44 (01529) 416231,Mobil: -,Fax: -,E-Mail: nigel.wensley@hrvs.co.uk,            
Steve Richardson,Verkäufer LKW,Telefon: +44(7824) 016335,Mobil: -,Fax: -,E-Mail: -,            
Matt Jacob,Verkäufer BUS,Telefon: +44(7920) 293467,Mobil: -,Fax: -,E-Mail: -,            
Rob Lockwood,DEA_1565098970935,Telefon: +07 (887) 537000,Mobil: -,Fax: -,E-Mail: rob@lockwoodgrp.co.uk,            





HUSK UK LTD,Servicepartner,"The Freight Terminal, Lydden Hill, CT15 7JW Dover, Großbritannien, , ",+44 (1304) 831222,+44 (1304) 830841,,,yes,yes,yes,,,,,,,,,,,,,,,,,,,,,,
Andy Hogben,Centerleiter,Telefon: +44 (1304) 831222,Mobil: -,Fax: +44 (1304) 831944,E-Mail: ahogben@huskuk.co.uk,            
Tom James,Direktor,Telefon: +44 (1304) 831222,Mobil: -,Fax: +44 (1304) 830841,E-Mail: tjames@huskuk.co.uk,            
jon cook,Leiter Verkauf Dienstleistungen,Telefon: +44 (1304) 831222,Mobil: -,Fax: +44 (1304) 831944,E-Mail: jcook@huskuk.co.uk,            
Lee Wallace,Leiter Teile und Zubehör,Telefon: +44 (1304) 831222,Mobil: -,Fax: +44 (1304) 831944,E-Mail: lwallace@huskuk.co.uk,            
Jeff Edwards,Verkäufer BUS,Telefon: +44 (7885) 285376,Mobil: -,Fax: -,E-Mail: jeff.edwards@man.eu,            
Kevin Young,Leiter Verkauf LKW,Telefon: +44 (7710) 060665,Mobil: -,Fax: -,E-Mail: kevin.young@man.eu ,            





JOHN ARNOLD COMMERCIALS,Servicepartner,"6 Kenneth Way, Wilstead Industrial Park, MK45 3PD Bedford, Großbritannien, , ",+44 (1234)742266,+44 (1234) 743090,,,yes,yes,yes,,,,,yes,,,yes,,,,,,,,,,,,,,
John Arnold,Direktor,Telefon: +44 (1234) 742266,Mobil: -,Fax: +44 (1234) 743090,E-Mail: ja@johnarnoldcommercials.com,            
Gary Inwood,Betriebsleiter,Telefon: +44 (1234) 742266,Mobil: -,Fax: +44 (1234) 743090,E-Mail: ginwood@johnarnoldcommercials.com,            
Hannah Arnold,Leiter Verkauf Dienstleistungen,Telefon: +44 (1234) 742266,Mobil: -,Fax: +44 (1234) 743090,E-Mail: harnold@johnarnoldcommercials.com,            
John Reynolds,Verkäufer LKW,Telefon: +44(7710) 317053,Mobil: -,Fax: -,E-Mail: -,            
Jeff Edwards,Verkäufer BUS,Telefon: +44(7885) 285376,Mobil: -,Fax: -,E-Mail: -,            
Daniel Bone,Verkäufer VAN,Telefon: +44(07957) 152313,Mobil: -,Fax: -,E-Mail: -,            





MAN TRUCK & BUS BELLSHILL,MAN-Servicebetrieb,"Clark Way, ML4 3NX Bellshill, Großbritannien, , ",+44 (1698)327328,+44 (1698) 327894,,,yes,yes,yes,,,yes,yes,,,,yes,,,,,,,,,,,,,,
Robbie Brown,Verkäufer LKW,Telefon: +44(7436) 274673,Mobil: -,Fax: -,E-Mail: -,            
Matt Jacob,Verkäufer BUS,Telefon: +44(7920) 293467,Mobil: -,Fax: -,E-Mail: -,            
Matt Watson,Verkäufer VAN,Telefon: +44(77857) 16598,Mobil: -,Fax: -,E-Mail: -,            
George  Gray,Management,Telefon: +44 (1698) 327328,Mobil: -,Fax: +44 (1698) 327329,E-Mail: George.Gray@man.eu,            
Alasdair McWhirter,Betriebsleiter,Telefon: + 01 (698) 327328,Mobil: -,Fax: -,E-Mail: alasdair.mcwhirter@man.eu,            
Steven Grant ,Leiter Teile und Zubehör,Telefon: +07 (909) 251174,Mobil: -,Fax: -,E-Mail: Steven.grant@man.eu,            





MAN TRUCK & BUS BRISTOL,MAN-Servicebetrieb,"Third Way, BS11 9YS Bristol, Großbritannien, , ",+44 (01179) 821241,+44 (01179) 160497,,,yes,yes,yes,,,yes,yes,,,,yes,,,,,,,,,,,,,,
Darren Smith,Werkstattmeister LKW,Telefon: +44 (1179) 821241,Mobil: -,Fax: +44 (1179) 160497,E-Mail: darren.smith@man.eu,            
Andy West,Leiter Teile und Zubehör,Telefon: +44 (01179) 821241,Mobil: -,Fax: +44 (01179) 160497,E-Mail: andy.west@man.eu,            
Jason Moore,Centerleiter,Telefon: +44 (01179) 821241,Mobil: -,Fax: +44 (01179) 160497,E-Mail: jason.moore@man.eu,            
Paul Trickett,Verkäufer LKW,Telefon: +44(07740) 922760,Mobil: -,Fax: -,E-Mail: -,            
Jeff Edwards,Verkäufer BUS,Telefon: +44(07885) 285376,Mobil: -,Fax: -,E-Mail: -,            
Georgina Harvey,Verkäufer VAN,Telefon: +44(07483) 927032,Mobil: -,Fax: -,E-Mail: -,            
David Littlejohn,Management,Telefon: +07 (715) 172270,Mobil: -,Fax: -,E-Mail: david.littlejohn@man.eu,            





MAN TRUCK & BUS BROXBURN,MAN-Servicebetrieb,"Westerton Road, East Mains Industrial Estate, EH52 5AU Broxburn, West Lothian, Großbritannien, , ",+44 (1506) 858344,+44 (1506) 857332,,,yes,yes,yes,,,yes,yes,,,,yes,,,,,,,,,,,,,,
Blair McMeechan,Leiter Teile und Zubehör,Telefon: +44 (1506) 858344,Mobil: -,Fax: +44 (1506) 857332,E-Mail: blair.mcmeechan@man.eu,            
Hamish Stephen,Verkäufer LKW,Telefon: +44(07435) 754750,Mobil: -,Fax: -,E-Mail: -,            
Mark Jacob,Verkäufer BUS,Telefon: +44(0720) 293467,Mobil: -,Fax: -,E-Mail: -,            





MAN TRUCK & BUS EXETER,MAN-Servicebetrieb,"Peamore Road, EX2 9SL Alphington, Exeter, Großbritannien, , ",+44 (1392) 833600,+44 (1392) 833885,,,yes,yes,yes,,,yes,yes,yes,,,yes,,,,,,,,,,,,,,
Linzi Conday,Centerleiter,Telefon: +44 (1392) 833433,Mobil: -,Fax: +44 (1392) 833885,E-Mail: linzi.conday@man.eu,            
Stuart Jeffrey,Leiter Teile und Zubehör,Telefon: +44 (1392) 833433,Mobil: -,Fax: -,E-Mail: stuart.jeffrey@man.eu,            
Alan Rabbage,Verkäufer LKW,Telefon: +44(07718) 779666,Mobil: -,Fax: -,E-Mail: -,            
Jeff Edwards,Verkäufer BUS,Telefon: +44(07885) 285376,Mobil: -,Fax: -,E-Mail: -,            





MAN TRUCK & BUS FELIXSTOWE,MAN-Servicebetrieb,"Bryon Avenue, The Dock, IP11 3HZ Felixstowe, Großbritannien, , ",+44 (1394) 67 56 20,+44 (1394) 675618,,,yes,yes,yes,,,yes,yes,,,,yes,,,,,,,,,,,,,,
Kevin Sheldon,Leiter Teile und Zubehör,Telefon: +44 (1394) 675620,Mobil: -,Fax: -,E-Mail: kevin.sheldon@man.eu,            
Alan Clark,Verkäufer LKW,Telefon: +44(07801) 021138,Mobil: -,Fax: -,E-Mail: -,            
Jeff Edwards,Verkäufer BUS,Telefon: +44(07885) 285376,Mobil: -,Fax: -,E-Mail: -,            
Richard Handy,Betriebsleiter,Telefon: +44 (1394) 675620,Mobil: -,Fax: +44 (1394) 675618,E-Mail: richard.handy@man.eu,            
David Littlejohn ,Management,Telefon: +07 (715) 172270,Mobil: -,Fax: -,E-Mail: david.littlejohn@man.eu ,            





MAN TRUCK & BUS FIFE,MAN-Servicebetrieb,"Cross Gate Road, KY11 7EG Halbeath, Fife, Großbritannien, , ",+44 (1383) 626277,+44 (1383) 625217,,,yes,yes,yes,,,yes,yes,yes,,,yes,,,,,,,,,,,,,,
Ronnie McGregor,Leiter Verkauf DienstleistungenCenterleiter,Telefon: +44 (1383) 626277,Mobil: -,Fax: -,E-Mail: ronniemcgregor@man.eu,            
Andrew Sharpe,Leiter Teile und Zubehör,Telefon: +44 (1383)626277,Mobil: -,Fax: -,E-Mail: andrew.sharpe@man.eu,            
George Gray,,Telefon: +44 (1383) 626277,Mobil: -,Fax: +44 (1383) 587040,E-Mail: george.gray@man.eu,            
Hamish Stephen ,Verkäufer LKW,Telefon: +44(07435) 754750,Mobil: -,Fax: -,E-Mail: -,            
Matt Jacob,Verkäufer BUS,Telefon: +44(07920) 793467,Mobil: -,Fax: -,E-Mail: -,            





MAN TRUCK & BUS GATESHEAD,MAN-Servicebetrieb,"Earlsway, Team Valley Trading Estate, NE11 0RQ Gateshead, Großbritannien, , ",+44 (01914) 211 111,+44 (01914) 211 112,,,yes,yes,yes,,,yes,yes,yes,,,yes,,,,,,,,,,,,,,
Matthew Forth,Betriebsleiter,Telefon: +44 (01914) 211111,Mobil: -,Fax: +44 (01914) 211112,E-Mail: matthew.forth@man.eu,            
Jonathan Phillips,Leiter Teile und Zubehör,Telefon: +44 (01914) 211111,Mobil: -,Fax: -,E-Mail: jonathan.phillips@man.eu,            
David Bell,Verkäufer LKW,Telefon: +44(07720) 879251,Mobil: -,Fax: -,E-Mail: -,            
Steve Maddison,Verkäufer LKW,Telefon: +44(07764) 922699,Mobil: -,Fax: -,E-Mail: -,            
Matt Jacob,Verkäufer BUS,Telefon: +44 (07920) 293467,Mobil: -,Fax: -,E-Mail: -,            





MAN TRUCK & BUS MANCHESTER,MAN-Servicebetrieb,"Bailey Road, off Ashburton Road West, M17 1SA Trafford Park, Manchester, Großbritannien, , ",+44 (161) 8488331,+44 (161) 8728334,,,yes,yes,yes,,,yes,yes,,,,yes,yes,,,,,,,,,,,,,
Vincent Montague,Verkäufer Gebrauchtwagen LKW,Telefon: +44 (7736) 499904,Mobil: -,Fax: +44 (161) 8484380,E-Mail: Vincent.Montague@man.eu,            
Joe Davidson,BetriebsleiterWerkstattmeister LKW,Telefon: +44 (161) 8488331,Mobil: -,Fax: +44 (161) 8484380,E-Mail: Joe.Davidson@man.eu,            
Craig Shannon,Leiter Teile und Zubehör,Telefon: +44 (161) 8488331,Mobil: -,Fax: +44 (161) 8484380,E-Mail: craig.shannon@man.eu,            
Simon Hill,Management,Telefon: +44(07920) 257022,Mobil: -,Fax: -,E-Mail: -,            
Matt Jacob,Verkäufer BUS,Telefon: +44(07920) 293467,Mobil: -,Fax: -,E-Mail: -,            
Thomas Coleman,Verkäufer VAN,Telefon: +44(07442) 499320,Mobil: -,Fax: -,E-Mail: -,            
David Littlejohn ,Management,Telefon: +07 (715) 172270,Mobil: -,Fax: -,E-Mail: david.littlejohn@man.eu,            





MAN TRUCK & BUS NORTHAMPTON,MAN-Servicebetrieb,"14 Gambrel Road; Westgate Ind Estate, NN5 5BB Northampton, Großbritannien, , ",+44 (1604) 588555,+44 (1604) 587040,,http://northampton.man-dealer.co.uk/,yes,yes,no,,,yes,yes,,,,yes,,,,,,,,,,,,,,
Scott Munton,Verkäufer LKW,Telefon: +44 (7802) 304818,Mobil: -,Fax: -,E-Mail: -,            
Vince Cox,Leiter Verkauf Dienstleistungen,Telefon: +44 (1604) 588555 ,Mobil: -,Fax: -,E-Mail: vince.cox@man.eu,            
Kevin Sheldon,Leiter Teile und Zubehör,Telefon: +44 (1604) 588555 ,Mobil: -,Fax: -,E-Mail: Kevin.sheldon@man.eu,            
Gary  Stannett ,Geschäftsführer,Telefon: +44 (1604) 588555 ,Mobil: -,Fax: -,E-Mail: Gary.Stannett@man.eu,            
Mark Jacob,Verkäufer BUS,Telefon: +44(07920) 293467,Mobil: -,Fax: -,E-Mail: -,            
Jason Kemp,Verkäufer VAN,Telefon: +44(07889) 815316,Mobil: -,Fax: -,E-Mail: -,            





MAN TRUCK & BUS NUNEATON,MAN-Servicebetrieb,"Harrington Way, CV10 7SA Nuneaton, Großbritannien, , ",+44 (02476) 357800,+44 (02476) 35 78 10,,,yes,yes,yes,,,yes,yes,yes,,,yes,,,,,,,,,,,,,,
Adrian Kerby,Centerleiter,Telefon: +44 (02476) 357800,Mobil: -,Fax: +44 (02476) 357810,E-Mail: Adrian.Kerby@man.eu,            
Nick Tracey,,Telefon: +44 (02476) 357800,Mobil: -,Fax: +44 (02476) 357810,E-Mail: nick.tracey@man.eu,            
Kevin Sheldon,Leiter Teile und Zubehör,Telefon: +44 (02476) 357800,Mobil: -,Fax: +44 (02476) 357810,E-Mail: kevin.sheldon@man.eu,            
Lee Stilling ,Verkäufer LKW,Telefon: +44(07435) 780979,Mobil: -,Fax: -,E-Mail: -,            
Patrick Connolly,Verkäufer LKW,Telefon: +44(07425) 624030,Mobil: -,Fax: -,E-Mail: -,            
Matt Jacob,Verkäufer BUS,Telefon: +44(07920) 293467,Mobil: -,Fax: -,E-Mail: -,            
Mitchell Holmes,Verkäufer VAN,Telefon: +44(074365) 42785,Mobil: -,Fax: -,E-Mail: -,            





MAN TRUCK & BUS PLYMOUTH,MAN-Servicebetrieb,"Texaco Site 2, Cattedown Road, Cattedown Wharf, PL4 0RW Plymouth, Devon, Großbritannien, , ",+44 (1752)223162,+44 (1752) 256793,,,yes,yes,yes,,,yes,yes,yes,,,yes,,,,,,,,,,,,,,
Steve Brown,Leiter Teile und Zubehör,Telefon: +44 (1752) 223 162,Mobil: -,Fax: +44 (1752) 256 793,E-Mail: steve.brown@man.eu,            
Linzi Conday,Centerleiter,Telefon: +44 (1752) 223 162,Mobil: -,Fax: -,E-Mail: linzi.conday@man.eu,            
Alan Rabbage,Verkäufer LKW,Telefon: +44(07718) 779666,Mobil: -,Fax: -,E-Mail: -,            
Jeff Edwards ,Verkäufer BUS,Telefon: +44(07885) 285376,Mobil: -,Fax: -,E-Mail: -,            





MAN TRUCK & BUS PRESTON,MAN-Servicebetrieb,"Unit 1, 69 Walton Summit Road, PR5 8AD Bamber Bridge, Preston, Großbritannien, , ",+44 (1772)313070,+44 (1772) 313216,,,yes,yes,yes,,,yes,yes,yes,,,yes,,,,,,,,,,,,,,
Chris Vickers,Leiter Verkauf Dienstleistungen,Telefon: +44 (1772) 313070,Mobil: -,Fax: +44 (1772) 313216,E-Mail: chris.vickers@man.eu,            
Andrew Sheppard,Leiter Teile und Zubehör,Telefon: +44 (1772) 313070,Mobil: -,Fax: +44 (1772) 313216,E-Mail: andrew.sheppard@man.eu,            
Darren Newton,Verkäufer LKW,Telefon: +44(07823) 401706,Mobil: -,Fax: -,E-Mail: -,            
Matt Jacob,Verkäufer BUS,Telefon: +44(07920) 293467,Mobil: -,Fax: -,E-Mail: -,            
Simon Whittlaker,Verkäufer VAN,Telefon: +44(07857) 033413,Mobil: -,Fax: -,E-Mail: -,            





MAN TRUCK & BUS SHEPTON MALLET,MAN-Servicebetrieb,"Waterlip Business Park, BA4 4RN Shepton Mallet, Großbritannien, , ",+44 (1749) 880339,,,,yes,yes,yes,,,,,,,,yes,yes,yes,,,,,,,,,,,,
Richard Daly,Betriebsleiter,Telefon: +44 (1749) 880339 ,Mobil: +44 (7770) 817519,Fax: -,E-Mail: richard.daly@man.eu,            
Karon Levy,Serviceberater,Telefon: +44 (1749) 880339 ,Mobil: -,Fax: -,E-Mail: karon.levy@man.eu,            
Matthew Haskins          ,Monteur/Mechaniker,Telefon: +44 (1749) 880339 ,Mobil: -,Fax: -,E-Mail: matthew.haskins@man.eu,            
Jacob Phillimore,Management,Telefon: +44 (1749) 880339 ,Mobil: -,Fax: -,E-Mail: jacob.phillimore@man.eu,            
David  Littlejohn,Betriebsleiter,Telefon: +07 (715) 172270,Mobil: -,Fax: -,E-Mail: david.littlejohn@man.eu,            
Andy  West,Leiter Teile und Zubehör,Telefon: +07 (881) 911821,Mobil: -,Fax: -,E-Mail: andy.west@man.eu,            





MAN TRUCK & BUS STOCKTON,MAN-Servicebetrieb,"Bowesfield Lane, TS18 3HJ Stockton on Tees, Großbritannien, , ",+44 (1642) 611812,+44 (1642) 618430,,,yes,yes,yes,,,yes,yes,,,,yes,,,,,,,,,,,,,,
Tony Johnson,Betriebsleiter,Telefon: +44 (1642) 611812,Mobil: -,Fax: +44 (1642) 618430,E-Mail: tony.johnson@man.eu,            
John Clarkson,,Telefon: +44 (1642) 611812,Mobil: -,Fax: +44 (1642) 618430,E-Mail: john.clarkson@man.eu,            
David Gardiner,Verkäufer LKW,Telefon: +44(07880) 195090,Mobil: -,Fax: -,E-Mail: -,            
Matt Jacob,Verkäufer BUS,Telefon: +44(07920) 293467,Mobil: -,Fax: -,E-Mail: -,            
Glenn Ashcroft,Verkäufer LKW,Telefon: +44(07808) 713738,Mobil: -,Fax: -,E-Mail: -,            
John Johnston,Verkäufer VAN,Telefon: +44(07713) 188968,Mobil: -,Fax: -,E-Mail: -,            
Richard Johnston,Verkäufer BUS,Telefon: +44(077131) 88962,Mobil: -,Fax: -,E-Mail: -,            





MAN TRUCK & BUS SWINDON,MAN-Servicebetrieb,"Frankland Road, SN5 8YU Swindon, Großbritannien, , ",+44 (1793) 486462,+44 (1793) 614360,,,yes,no,yes,,,yes,,yes,,,yes,,,,,,,,,,,,yes,,
Ian Wiggins,Leiter Verkauf Dienstleistungen,Telefon: +44 (1793) 486 462,Mobil: -,Fax: -,E-Mail: ian.wiggins@man.eu,            
John Knight ,Leiter Teile und Zubehör,Telefon: +44 (1793) 486462,Mobil: -,Fax: -,E-Mail: john.knight@man.eu,            
Jason Moore,Betriebsleiter,Telefon: +44 (1793) 486462,Mobil: -,Fax: +44 (1793) 614 360,E-Mail: Jason.Moore@man.eu,            
Gavin Paskin,Verkäufer LKW,Telefon: +44(07850) 293838,Mobil: -,Fax: -,E-Mail: -,            
Jeff Edwards,Verkäufer BUS,Telefon: +44(07885)285376,Mobil: -,Fax: -,E-Mail: -,            





MAN TRUCK & BUS WELLINGBOROUGH,MAN-Servicebetrieb,"1-3 Meadow Close, NN8 4BH Wellingborough, Großbritannien, , ",+44(0)07921 038791,,gary.stannett@man.eu,,yes,no,yes,,,,,,,,yes,yes,yes,,,,,,,,,,,,





MAN TRUCK & BUS WESTBURY,MAN-Servicebetrieb,"24 Headquarters Road, West Wilts Trading Estate, BA13 4JR Westbury, Großbritannien, , ",+44 (1373) 864148,+44 (1373) 858656,,,yes,yes,yes,,,yes,yes,yes,,,yes,,,,,,,,,,,,,,
Neko Daniels,Leiter Verkauf Dienstleistungen,Telefon: +44 (1373) 864148,Mobil: -,Fax: -,E-Mail: neko.daniels@man.eu,            
Andy West ,Leiter Teile und Zubehör,Telefon: +44 (1373) 864148,Mobil: +44 (1373) 864148,Fax: +44 (1373) 856656,E-Mail: andy.west@man.eu,            
Chris  Poynton,Verkäufer LKW,Telefon: +44(07483)452919,Mobil: -,Fax: -,E-Mail: -,            
Jeff Edwards,Verkäufer BUS,Telefon: +44(07885) 285376,Mobil: -,Fax: -,E-Mail: -,            
Richard Daly,Geschäftsführer,Telefon: +07 (770) 817519,Mobil: -,Fax: -,E-Mail: richard.daly@man.eu,            
David  Littlejohn,Management,Telefon: +07 (715) 172270,Mobil: -,Fax: -,E-Mail: david.littlejohn@man.eu,            





MANCHETTS,Servicepartner,"1 Victoria Way, CB8 7SH Newmarket, Großbritannien, , ",+44(1638) 661113,,,,yes,yes,yes,,,,,,,,,,,,,,,,,,,,,,
Colin Bass,Leiter Teile und Zubehör,Telefon: +44(1638)661113,Mobil: -,Fax: -,E-Mail: colin@manchetts.co.uk,            
Andy Clarke,Verkäufer LKW,Telefon: +44(07825) 535337 ,Mobil: -,Fax: -,E-Mail: -,            
Jeff Edwards,Verkäufer BUS,Telefon: +44(07885) 285376,Mobil: -,Fax: -,E-Mail: -,            
Glenn Manchett,Geschäftsführer,Telefon: +44(1638)661113,Mobil: -,Fax: -,E-Mail: Glenn@manchetts.co.uk,            





MOTUS COMMERCIALS (NORWICH),Servicepartner,"Barnard Road, Bowthorpe Industrial Estate, NR5 9JB Norwich, Norfolk, Großbritannien, , ",+44 (1603) 741741,+44 (1603) 741742,,,yes,yes,yes,,,,,,,,yes,,,,,,,,,,,,,,
Ian Wright,MA Ersatzteilverkauf LKWLeiter Teile und Zubehör,Telefon: +44 (1603) 741741,Mobil: -,Fax: -,E-Mail: Ian.Wright2@imperialcommercials.co.uk,            
peter bradshaw,Centerleiter,Telefon: +44 (1603) 741741,Mobil: -,Fax: -,E-Mail: peter.bradshaw@imperialcommercials.co.uk,            
Andy Clarke,Verkäufer LKW,Telefon: +44(7825) 5355337,Mobil: -,Fax: -,E-Mail: -,            
Jeff Edwards,Verkäufer BUS,Telefon: +44(7885) 285376,Mobil: -,Fax: -,E-Mail: -,            
Janice  Howell,Management,Telefon: +44 (7747) 100305,Mobil: -,Fax: -,E-Mail: Janice.Howell@imperialcommercials.co.uk,            





MOTUS COMMERCIALS (PETERBOROUGH),Servicepartner,"Fengate, PE1 5XG Peterborough, Cambridgeshire, Großbritannien, , ",+44 (1733) 560591,+44 (1733) 891122,,,yes,yes,yes,,,,,,,,yes,,,,,,,,,,,,,,
Peter Bradshaw,Centerleiter,Telefon: +44 (1733) 560591,Mobil: -,Fax: +44 (1733) 891122,E-Mail: peter.bradshaw@imperialcommercials.co.uk,            
Jeff Edwards,Verkäufer BUS,Telefon: +44(7885) 285376,Mobil: -,Fax: -,E-Mail: -,            
Joanna White,Leiter Teile und ZubehörErsatzteilverkauf,Telefon: +44 (1733) 560591,Mobil: -,Fax: -,E-Mail: Joanna.white@imperialcommercials.co.uk,            
Janice Howell,Management,Telefon: +44 (173) 3560591,Mobil: -,Fax: -,E-Mail: Janice.Howell@imperialcommercials.co.uk,            





MTC NORTHWEST LTD,Servicepartner,"Gores Road, Knowsley Industrial Park, L33 7XS Liverpool, Großbritannien, , ",+44 (1515) 454750,,,,yes,yes,yes,,,,,yes,,,yes,,,,,,,,,,,,,,
Billy Rimmer,Leiter Teile und Zubehör,Telefon: +44 (1515) 454750,Mobil: -,Fax: -,E-Mail: billy.rimmer@mtcnorthwest.co.uk,            
Katie White ,MA Reparaturannahme LKWBetriebsleiter,Telefon: +44 (1515) 454750,Mobil: -,Fax: -,E-Mail: katie.white@mtcnorthwest.co.uk,            
Stephen Gray,Direktor,Telefon: +44 (1515) 454750,Mobil: -,Fax: -,E-Mail: stephen.gray@mtcnorthwest.co.uk,            
Anthony Davidson,Verkäufer LKW,Telefon: +44(07587) 134431,Mobil: -,Fax: -,E-Mail: -,            
Matt Jacob,Verkäufer BUS,Telefon: +44(07920) 293467,Mobil: -,Fax: -,E-Mail: -,            
Alan Clark,Verkäufer VAN,Telefon: +44 (07523) 519503,Mobil: -,Fax: -,E-Mail: -,            





NORSCOT TRUCK & VAN LTD (ABERDEEN),Servicepartner,"Minto Road, Altens Industrial Estate, AB12 3LU Aberdeen, Großbritannien, , ",+ 44 (1224) 875757,+ 44 (1224) 895 968,,,yes,yes,yes,,,,,yes,,,yes,,,,,,,,,,,,,,
Colin Keenan,Leiter Teile und Zubehör,Telefon: + 44 (1224) 875757,Mobil: -,Fax: + 44 (1224) 895 968,E-Mail: colin.keenan@norscot.uk.com,            
Gordon Harper,Centerleiter,Telefon: + 44 (1224) 875757,Mobil: -,Fax: + 44 (1224) 895 968,E-Mail: gordon.harper@norscot.uk.com,            
Andrew Rennie,Verkäufer LKW,Telefon: +44 (7808) 713739,Mobil: +44 (7808) 713739,Fax: -,E-Mail: Andrew.Rennie@man.eu,            
Jamie Miller,Leiter Verkauf Dienstleistungen,Telefon: + 07 (801) 193118,Mobil: -,Fax: -,E-Mail: jamie.miller@norcot.uk.com,            
Matt Jacob,Verkäufer BUS,Telefon: +44(07920) 293467,Mobil: -,Fax: -,E-Mail: -,            
Craig Easton,Verkäufer LKW,Telefon: +44(07808) 713740,Mobil: -,Fax: -,E-Mail: -,            
Richard Taylor,Verkäufer VAN,Telefon: +01 (224)  875757 ,Mobil: -,Fax: -,E-Mail: Richard.taylor@norscot.uk.com ,            
Holly Barrack,Management,Telefon: +01 (224) 824444,Mobil: -,Fax: -,E-Mail: holly.barrack@norscot.uk.com,            
Christopher  Hunt ,Verkäufer BUS,Telefon: +  07 (825) 095155 ,Mobil: -,Fax: -,E-Mail: Christopher.hunt@man.eu,            
Calum McDonald,Verkäufer LKW,Telefon: +07 (483) 385701,Mobil: -,Fax: -,E-Mail: calum.mcdonald@man.eu ,            
George Barrack ,Betriebsleiter,Telefon: +01 (224) 824444,Mobil: +07 (803) 210697,Fax: -,E-Mail: George.barrack@norscot.uk.com,            





NORTH EAST TRUCK & VAN LTD (CARLISLE),Servicepartner,"49 Parkhill Road, Kingstown Industrial Estate, CA3 0EX Carlisle, Großbritannien, , ",+44 (1228) 404400,+44 (1228) 596 555,,,yes,yes,yes,,,,,,,,yes,,,,,,,,,,,,,,
Sandy McDonald,Management,Telefon: +44 (1228) 404400,Mobil: -,Fax: -,E-Mail: s.mcdonald@netvltd.co.uk,            
Neil Carruthers,Leiter Teile und Zubehör,Telefon: +44 (1228) 404400,Mobil: -,Fax: +44 (1228) 40 44 17,E-Mail: neil.carruthers@netv.co.uk,            
Alan Fletcher,Leiter Verkauf Dienstleistungen,Telefon: +44 (1228) 404400,Mobil: -,Fax: -,E-Mail: afletcher@netv.co.uk,            
Ian Hopkins,Direktor,Telefon: +44 (1228) 404400,Mobil: -,Fax: -,E-Mail: i.hopkins@netvltd.co.uk,            
Graham Coulthard,Verkäufer LKW,Telefon: +44(07321) 038779,Mobil: -,Fax: -,E-Mail: -,            
Matt Jacob,Verkäufer BUS,Telefon: +44(07920) 293467,Mobil: -,Fax: -,E-Mail: -,            
John Stiff,Betriebsleiter,Telefon: +44 (7961) 836819,Mobil: -,Fax: -,E-Mail: John.stiff@netv.co.uk ,            
John Joyce,Betriebsleiter,Telefon: +01 (228) 404400,Mobil: -,Fax: -,E-Mail: john.joyce@netv.co.uk,            





NORTH EAST TRUCK & VAN LTD (HULL),Servicepartner,"Littlefair Road, off Hedon Road, HU9 5LP Hull, Großbritannien, , ",+44 (1482)899099,+44 (1482) 895858,,,yes,yes,yes,,,,,,,,yes,,,,,,,,,,,,,,
Sandy McDonald,Management,Telefon: +44 (1482)899099,Mobil: -,Fax: -,E-Mail: s.mcdonald@netvltd.co.uk,            
Mark Jones,Leiter Teile und Zubehör,Telefon: +44 (1482) 899099,Mobil: -,Fax: +44 (1482) 895858,E-Mail: m.jones@netvltd.co.uk,            
Ian Hopkins,Direktor,Telefon: +44 (1482) 899099,Mobil: -,Fax: +44 (1482) 895858,E-Mail: i.hopkins@netvltd.co.uk,            
Sam Jeffrey,Verkäufer LKW,Telefon: +44(078240) 16336,Mobil: -,Fax: -,E-Mail: -,            
Matt Jacob,Verkäufer BUS,Telefon: +44(07920) 293467,Mobil: -,Fax: -,E-Mail: -,            
Michael Lockwood,Vertriebsmanager Service &amp; Teile,Telefon: +44 (7803) 077660,Mobil: -,Fax: -,E-Mail: michael.lockwood@netv.co.uk,            
John  Joyce,Betriebsleiter,Telefon: +01 (482) 899099,Mobil: -,Fax: -,E-Mail: john.joyce@netv.co.uk,            





NORTH YORKSHIRE COMMERCIALS,Servicepartner,"Dalton Industrial Estate, YO7 3HE Dalton, Thirsk, Großbritannien, , ",+44 (1845) 578123,+44 (1845) 577586,,,yes,yes,yes,,,,,,,,yes,,,,,,,,,,,,,,
Charles Payne,Direktor,Telefon: +44 (1845) 578 123,Mobil: -,Fax: +44 (1845) 577 586,E-Mail: charles.payne@paynesdairies.co.uk,            
Steve Wade,Centerleiter,Telefon: +44 (7825) 304791,Mobil: +44 (7825) 304791,Fax: +44 (1845) 577 586,E-Mail: swade@northyorkscommercials.co.uk,            
Richard Wilbor,Leiter Teile und Zubehör,Telefon: +44 (1845) 578 123,Mobil: -,Fax: +44 (1845) 577 586,E-Mail: rwilbor@northyorkscommercials.co.uk,            
Karen Davidson,Leiter Teile und Zubehör,Telefon: +44 (1845) 578 123,Mobil: -,Fax: +44 (1845) 577 586,E-Mail: kdavidson@northyorkscommercials.co.uk,            
David Gardiner,Verkäufer LKW,Telefon: +44(07880) 195090,Mobil: -,Fax: -,E-Mail: -,            
Matt Jacob,Verkäufer BUS,Telefon: +44 (07920) 293467,Mobil: -,Fax: -,E-Mail: -,            





PATRICK UREN COMMERCIALS (REDRUTH),Servicepartner,"17 Jon Davey Drive, Treleigh Industrial Estate, TR16 4AX Redruth, Großbritannien, , ",+44 (1209)313377,+44 (1209) 313399,,,yes,yes,yes,,,,,,,,yes,,,,,,,,,,,,,,
Patrick Uren,Direktor,Telefon: +44 (1209) 313377,Mobil: -,Fax: -,E-Mail: patrickuren@patrickurencommercials.com,            
Alex Thomas,Leiter Verkauf Dienstleistungen,Telefon: +44 (1209) 313377,Mobil: -,Fax: -,E-Mail: alexthomas@patrickurencommercials.com,            
Ian Jackson,Leiter Teile und Zubehör,Telefon: +44 (1209) 313377,Mobil: -,Fax: -,E-Mail: Ian.jackson@patrickurencommercials.com          ,            
James Smith,Verkäufer LKW,Telefon: +44(077409) 22709,Mobil: -,Fax: -,E-Mail: -,            
Jeff Edwards,Verkäufer BUS,Telefon: +44(07885) 285376,Mobil: -,Fax: -,E-Mail: -,            





PCL GATWICK,Servicepartner,"Salfords Industrial Estate, RM1 5ES Salfords, Großbritannien, , ",+44 (1293) 783166,+44 (1293) 786379,,,yes,yes,yes,,,,,,,,yes,,,,,,,,,,,,,,
John Vickery,Geschäftsführer,Telefon: +44 (1293) 783166,Mobil: -,Fax: -,E-Mail: john.vickey@purcom.com,            
Gary Acott,Leiter Teile und Zubehör,Telefon: +44 (1293) 783166,Mobil: -,Fax: -,E-Mail: gacott@mvtrucks.co.uk,            
Philip Martin,Verkäufer LKW,Telefon: +44(07921) 038777,Mobil: -,Fax: -,E-Mail: -,            
Jeff Edwards,Verkäufer BUS,Telefon: +44(07885) 285376,Mobil: -,Fax: -,E-Mail: -,            
John Kirrage,Verkäufer VAN,Telefon: +44(075258) 86997,Mobil: -,Fax: -,E-Mail: -,            
Simon Ward,Verkäufer LKW,Telefon: +44(07808) 713739,Mobil: -,Fax: -,E-Mail: -,            
Matthew Rochester,Vertriebsmanager Service &amp; Teile,Telefon: +44 (1293) 783166,Mobil: -,Fax: -,E-Mail: matthew.rochester@purcom.com,            
Russell Hopkins,Betriebsleiter,Telefon: +44 (1293) 783166,Mobil: -,Fax: -,E-Mail: russell.hopkins@purcom.com,            
Peter  Harlow,Geschäftsführer,Telefon: + 79 (502) 65500,Mobil: -,Fax: -,E-Mail: peter.harlow@purcom.com,            
Andy Morris ,Betriebsleiter,Telefon: +07 (793) 876656,Mobil: -,Fax: -,E-Mail: andy.morris@harris-group.co.uk,            





PCL MAIDSTONE,Servicepartner,"New Hythe Lane, ME20 7PW Aylesford, Großbritannien, , ",+44 (1622) 711060,+44 (1622) 790249,,,yes,yes,yes,,,,,yes,,,yes,,,,,,,,,,,,,,
Martin Hake,Leiter Verkauf Dienstleistungen,Telefon: +44 (1622) 711060,Mobil: -,Fax: -,E-Mail: martin.hake@purcom.com,            
John Vickery,Direktor,Telefon: +44 (1622) 711060,Mobil: -,Fax: -,E-Mail: john.vickery@purcom.com,            
Jim Souter,Centerleiter,Telefon: +44 (1622) 711060,Mobil: -,Fax: -,E-Mail: jim.souter@purcom.com,            
Gary Acott,Leiter Teile und Zubehör,Telefon: +44 (1622) 711060,Mobil: -,Fax: -,E-Mail: gary.acott@purcom.com,            
Matt Rochester,Leiter Verkauf Dienstleistungen,Telefon: +44 (1622) 711060,Mobil: -,Fax: -,E-Mail: matthew.rochester@purcom.com,            
Mark Roberson,Verkäufer LKW,Telefon: +44(07740) 922701,Mobil: -,Fax: -,E-Mail: -,            
Jeff Edwards,Verkäufer BUS,Telefon: +44(07885) 285376,Mobil: -,Fax: -,E-Mail: -,            
John Kirrage,Verkäufer VAN,Telefon: +44(075258) 86997,Mobil: -,Fax: -,E-Mail: -,            
Andy Morris,Betriebsleiter,Telefon: +44 (1322) 621815,Mobil: -,Fax: -,E-Mail: andy.morris@purcom.com,            





PCL NORTH LONDON,Servicepartner,"New Ford Road, EN8 7PG Waltham Cross, Großbritannien, , ",+44(1992) 655950,+44 (1992) 655958,,,yes,yes,yes,,,,,,,,yes,,,,,,,,,,,,,,
John Vickery,Direktor,Telefon: +44 (1992) 655950,Mobil: -,Fax: -,E-Mail: john.vickery@purcom.com,            
Paul Palmer,Leiter Teile und Zubehör,Telefon: +44 (1992) 655950,Mobil: -,Fax: -,E-Mail: paul.palmer@purcom.com,            
Gavin Kemp,Leiter Verkauf Dienstleistungen,Telefon: +44 (1992) 655950,Mobil: -,Fax: +44 (208) 805 96 90,E-Mail: gavin.kemp@purcom.com,            
Jeff Hammond,Verkäufer LKW,Telefon: +44(07740) 922733,Mobil: -,Fax: -,E-Mail: -,            
Jeff Edwards,Verkäufer BUS,Telefon: +44(07885) 285376,Mobil: -,Fax: -,E-Mail: -,            
John Kirrage,Verkäufer VAN,Telefon: +44(07525) 886997,Mobil: -,Fax: -,E-Mail: -,            





PCL WEST THURROCK,Servicepartner,"Parker House Estate, Manor Road, RM20 4EH West Thurrock, Großbritannien, , ",+44 (1708) 686268,+44 (1708) 861913,,,yes,yes,yes,,,,,,,,yes,,,,,,,,,,,,,,
Gary Packer,Centerleiter,Telefon: +44 (1708) 686268,Mobil: -,Fax: +44 (1708) 868226,E-Mail: gary.packer@purcom.com,            
John Vickery,Direktor,Telefon: +44 (1708) 686268,Mobil: -,Fax: +44 (1708) 868 226,E-Mail: john.vickery@purcom.com,            
Paul Palmer,Leiter Teile und Zubehör,Telefon: +44 (1708) 686268,Mobil: -,Fax: -,E-Mail: paul.palmer@purcom.com,            
Scott Fowler,Leiter Teile und Zubehör,Telefon: +44 (1708) 686268,Mobil: -,Fax: -,E-Mail: scott.fowler@purcom.com,            
Paul Hughes,Verkäufer LKW,Telefon: +44(07435) 780840,Mobil: -,Fax: -,E-Mail: -,            
Jeff Edwards,Verkäufer BUS,Telefon: +44(07885) 285376,Mobil: -,Fax: -,E-Mail: -,            
John Kirrage,Verkäufer VAN,Telefon: +44(07525) 886997,Mobil: -,Fax: -,E-Mail: -,            
Vaidas Stonys,Betriebsleiter,Telefon: +44 (7500) 835398,Mobil: -,Fax: -,E-Mail: Vaidas.stonys@purcom.com ,            





PELICAN ENGINEERING GROUP,Servicepartner,"Pope Street, Wakefield Europort, WF6 2TA Normanton, Wakefield, Großbritannien, , ",+44 (1924) 228722,+44 (1924) 228723,,,yes,yes,yes,,,,,,,,yes,,,,,,,,,,,,,,
Chris Lawrence,Centerleiter,Telefon: +44(1924) 227722,Mobil: +44 (7976) 359797,Fax: +44 (1924) 228723,E-Mail: chris.lawrence@pelican-eng.co.uk,            
Howard Roscoe,Leiter Verkauf Dienstleistungen,Telefon: +44(1924) 227722,Mobil: +44 (7976) 359787,Fax: +44 (1924) 228723,E-Mail: howard.roscoe@pelican-eng.co.uk,            
Richard Crump,Direktor,Telefon: +44(1924) 227722,Mobil: +44 (7860) 921412,Fax: +44(1924) 227723,E-Mail: rbcrump@pelican-eng.co.uk,            
Chris Murrell,Centerleiter,Telefon: +44(1924) 227722,Mobil: -,Fax: -,E-Mail: chris.murrell@pelican-eng.co.uk,            
Lee  Reynolds,Leiter Teile und Zubehör,Telefon: +44(1924) 227722,Mobil: -,Fax: -,E-Mail: lee.reynolds@pelican-eng.co.uk,            
Graham Ward,Verkäufer LKW,Telefon: +44(07435) 753891,Mobil: -,Fax: -,E-Mail: -,            
Matt Jacob,Verkäufer BUS,Telefon: +44(07920) 293467,Mobil: -,Fax: -,E-Mail: -,            
Simon Thompson,Verkäufer VAN,Telefon: +44(07973) 980128,Mobil: -,Fax: -,E-Mail: -,            
Samantha Barrett,Verkäufer VAN,Telefon: +44(07976) 359797,Mobil: -,Fax: -,E-Mail: -,            





PULLMAN ELLESMERE PORT,Servicepartner,"Unit 1, Bridges Road, CH65 4LB Ellesmere Port, Großbritannien, , ",+44 (151) 355 2793,+44 (151) 355 2793,,,yes,yes,yes,,,,,,,,yes,,,,,,,,,,,,,,
Glyn Moores,DEA_1565098970935,Telefon: +44 (1513) 552793,Mobil: -,Fax: +44 (1513) 552304,E-Mail: glyn.moores@pullmanfleet.co.uk,            
Samantha Lockley,Leiter Verkauf DienstleistungenServiceassistenz,Telefon: +44 (1513) 552793,Mobil: -,Fax: +44 (1513) 552304,E-Mail: samatha.lockley@pullmanfleet.co.uk,            
Chris  Clee,Verkäufer LKW,Telefon: +44(07587) 631918,Mobil: -,Fax: -,E-Mail: -,            
Matt Jacob,Verkäufer BUS,Telefon: +44(07920) 293467,Mobil: -,Fax: -,E-Mail: -,            
Paul Keowski,Leiter Teile und Zubehör,Telefon: + 44 (151) 355 2793,Mobil: -,Fax: -,E-Mail: paul.keowski@pullmanfleet.co.uk,            





PULLMAN HAYDOCK,Servicepartner,"Kilbuck Lane, Yew Tree Trading Estate, WA11 9UX Haydock, St Helens, Merseyside, Großbritannien, , ",+44 (1942) 402268,+44 (1942) 274 589,,,yes,yes,yes,,,,,,,,yes,,,,,,,,,,,,,,
Paul Keowski,Leiter Teile und Zubehör,Telefon: +44 (1942) 402260,Mobil: -,Fax: +44 (1942) 274 590,E-Mail: paul.keowski@pktruckcentre.co.uk,            
James Hipkiss,DEA_1565098970935,Telefon: +44 (1942) 402260,Mobil: -,Fax: -,E-Mail: james.hipkiss@pullmanfleet.co.uk,            
Anthony Davidson,Verkäufer LKW,Telefon: +44(07587) 134431,Mobil: -,Fax: -,E-Mail: -,            
Matt Jacob,Verkäufer BUS,Telefon: +44(07920) 293467,Mobil: -,Fax: -,E-Mail: -,            
Kyle Rogers ,Management,Telefon: +44 (1942) 402268,Mobil: -,Fax: -,E-Mail: Kyle.Rogers1@pullmanfleet.co.uk,            





R & A SCOTT AUTO SERVICES LTD,Servicepartner,"5 Sandars Road, Heapham Road Industrial Estate, DN21 1RZ Gainsborough, Großbritannien, , ",+44 (1427) 612 210,+44 (1427) 614 255,,,yes,yes,yes,,,,,,,,yes,,,,,,,,,,,,,,
David Goodwin,Leiter Teile und Zubehör,Telefon: +44 (1427) 612210,Mobil: -,Fax: +44 (1427) 614255,E-Mail: dgoodwin@ra-scott.com,            
Andrew Scott,Leiter Verkauf Dienstleistungen,Telefon: +44 (1427) 612210,Mobil: -,Fax: +44 (1427) 614255,E-Mail: ascott@ra-scott.com,            
Gavin Scott,DirektorCenterleiter,Telefon: +44 (1427) 612210,Mobil: -,Fax: +44 (1427) 614255,E-Mail: gscott@ra-scott.com,            
Jason Dawson,Verkäufer LKW,Telefon: +44(078240) 16336,Mobil: -,Fax: -,E-Mail: -,            
Matt Jacob,Verkäufer BUS,Telefon: +44(07920) 293467,Mobil: -,Fax: -,E-Mail: -,            





RING ROAD GARAGE,Servicepartner,"Gawcott Road, MK18 1DR Buckingham, Milton keynes, Großbritannien, , ",+44 (1280) 814741,+44 (1280) 815684,,,yes,yes,yes,,,,,,,,yes,,,,,,,,,,,,,,
Des Dowling,Leiter Teile und Zubehör,Telefon: +44 (1280) 814741,Mobil: -,Fax: +44 (1280) 815684,E-Mail: des@ringroadgarage.co.uk,            
Stuart Chalmers,Direktor,Telefon: +44 (1280) 814741,Mobil: -,Fax: +44 (1280) 815684,E-Mail: stuart@ringroadgarage.co.uk,            
Scott Munton,Verkäufer LKW,Telefon: +44 (7802) 304818,Mobil: -,Fax: -,E-Mail: -,            
Simon Thompkins,,Telefon: +44 (1280) 814741,Mobil: -,Fax: -,E-Mail: simon@ringroadgarage.co.uk,            
Matt Jacob,Verkäufer BUS,Telefon: +44 (07920) 293467,Mobil: -,Fax: -,E-Mail: -,            





RK TRUCK CENTRE LTD (BELFAST),Servicepartner,"Unit 12, Edgar Road, BT8 8NB Carryduff, Belfast, Großbritannien, , ",+44 (2890) 813600,+44 (2890) 81 41 15,,,yes,yes,yes,,,,,,,,yes,,,,,,,,,,,,,,
John Donnelly,Leiter Verkauf Dienstleistungen,Telefon: +44 (7813) 813 100,Mobil: +44 (7813) 813 100,Fax: +44 (2890) 814115,E-Mail: john@rktrucks.com,            
Alan Rea,Leiter Teile und Zubehör,Telefon: +44 (2890) 813600,Mobil: -,Fax: +44 (2890) 814115,E-Mail: alan@rktrucks.com,            
Donal Rice,Direktor,Telefon: +44 (7710) 813577,Mobil: +44 (7710) 813577,Fax: -,E-Mail: donal@rktrucks.com,            
Brain Beattie,Verkäufer LKW,Telefon: +44(07710) 813573,Mobil: -,Fax: -,E-Mail: -,            
Graham Boyd,Verkäufer LKW,Telefon: +44(07802) 512433,Mobil: -,Fax: -,E-Mail: -,            
Matt Jacob,Verkäufer BUS,Telefon: +44(07920) 293467,Mobil: -,Fax: -,E-Mail: -,            
Mark Charles,Verkäufer VAN,Telefon: +44(077367) 24641,Mobil: -,Fax: -,E-Mail: -,            





RK TRUCK CENTRE LTD (DUNGANNON),Servicepartner,"126 Tamnamore Road, BT71 6HW Dungannon, Großbritannien, , ",+44 (2887)722111,+44 (2887) 727393,,,yes,yes,yes,,,,,,,,yes,,,,,,,,,,,,,,
Ashley McFarland,Leiter Teile und Zubehör,Telefon: +44 (2887) 722111,Mobil: -,Fax: -,E-Mail: ashley@rktrucks.com,            
John Donnelly,Leiter Verkauf Dienstleistungen,Telefon: +44 (2887) 722111,Mobil: -,Fax: -,E-Mail: john@rktrucks.com,            
Donal Rice,Direktor,Telefon: +44 (2887) 722111,Mobil: -,Fax: -,E-Mail: donal@rktrucks.com,            
Mark Lennox,Verkäufer LKW,Telefon: +44(07435) 787329,Mobil: -,Fax: -,E-Mail: -,            
Matt Jacob,Verkäufer BUS,Telefon: +44(07920) 293467,Mobil: -,Fax: -,E-Mail: -,            
Mark Charles,Verkäufer VAN,Telefon: +44(077367) 24641,Mobil: -,Fax: -,E-Mail: -,            





SMV COMMERCIALS,Servicepartner,"Lynx West Trading Estate, Brympton Way, BA20 2HP Yeovil, Großbritannien, , ",+44 (1935) 478826,+44 (1935) 432353,,,yes,yes,yes,,,,,yes,,,yes,,,,,,,,,,,,,,
Doug Mowat,Leiter Verkauf Dienstleistungen,Telefon: +44 (1935) 478826,Mobil: -,Fax: +44 (1935) 432353,E-Mail: dougmowat@vincentmotor.com,            
Steve Cowley,Leiter Teile und Zubehör,Telefon: +44 (01935) 478826,Mobil: -,Fax: +44 (01935) 432353,E-Mail: stevecowley@vincentmotor.com,            
Stephen Goss,Direktor,Telefon: +44 (01935) 478826,Mobil: -,Fax: -,E-Mail: sg@smvcommercials.co.uk,            
Chris Poynton,Verkäufer LKW,Telefon: +44(07483) 452919,Mobil: -,Fax: -,E-Mail: -,            
Jeff Edwards,Verkäufer BUS,Telefon: +44(07885) 285376,Mobil: -,Fax: -,E-Mail: -,            





STEADPLAN LIMITED (BURNLEY),Servicepartner,"Kirby Road, BB9 6RS Nelson, Großbritannien, , ",+44(1282)611616,,,,yes,yes,yes,,,,,,,,,,,,,,,,,,,,,,
Hal Jackson,Management,Telefon: +44(1282)611616,Mobil: -,Fax: -,E-Mail: -,            
Stephen Hulme ,Leiter Teile und Zubehör,Telefon: +07 (557) 358986,Mobil: -,Fax: -,E-Mail: shulme@steadplan.co.uk,            
Jim Smith,DEA_1565098970935,Telefon: +44 (128) 2611616,Mobil: -,Fax: -,E-Mail: jsmith@steadplan.co.uk,            





STEADPLAN LIMITED (LEEDS),Servicepartner,"Ashfield Way, Whitehall Road Industrial Estate, LS12 5JB Leeds, Großbritannien, , ",+44 (1132) 791566,+44(1132) 793911,,,yes,no,yes,,,,,,,,yes,,,,,,,,,,,,,,
Jim Smith,Direktor,Telefon: +44 (1132) 791566,Mobil: -,Fax: -,E-Mail: jsmith@steadplan.co.uk,            
Hal Jackson,Centerleiter,Telefon: +44 (1132) 791566,Mobil: -,Fax: -,E-Mail: hjackson@steadplan.co.uk,            
Stephen Hulme ,Leiter Teile und Zubehör,Telefon: +07 (557) 358986,Mobil: -,Fax: -,E-Mail: shulme@steadplan.co.uk,            





STEADPLAN LIMITED (ROCHDALE),Servicepartner,"Prestige House, Chichester Street, OL16 2AU Rochdale, Großbritannien, , ",+44 (1706) 868668,+44 (1706) 868698,rochdale@steadplan.co.uk,,yes,yes,yes,,,,,,,,yes,,,,,,,,,,,,,,
Hal Jackson,Management,Telefon: +44 (1706) 868668,Mobil: -,Fax: +44 (1706) 868698,E-Mail: jhall@steadplan.co.uk,            
Jim Smith,Direktor,Telefon: +44 (1706) 868668,Mobil: -,Fax: -,E-Mail: jsmith@steadplan.co.uk,            
Steve Hulme,Leiter Teile und ZubehörMA Ersatzteilverkauf LKW,Telefon: +44 (1706) 868668,Mobil: -,Fax: +44 (1706) 868698,E-Mail: shulme@steadplan.co.uk,            
Mark Patterson,Verkäufer LKW,Telefon: +44(07710) 339856,Mobil: -,Fax: -,E-Mail: -,            
Matt Jacob,Verkäufer BUS,Telefon: +44(07920) 293467,Mobil: -,Fax: -,E-Mail: -,            
Joshua Gray,Verkäufer VAN,Telefon: +44(07974) 952895,Mobil: -,Fax: -,E-Mail: -,            
Neil Turner,Verkäufer LKW,Telefon: +44(07740) 698085,Mobil: -,Fax: -,E-Mail: -,            
Simon Makin,Verkäufer LKW,Telefon: +44(07920) 257022,Mobil: -,Fax: -,E-Mail: -,            





WG DAVIES (CARDIFF),Servicepartner,"Newlands Road, Wentloog Corporate Park, CF3 2EU Cardiff, Großbritannien, , ",+44 (2920)361133,+44 (2920) 796423,,,yes,yes,yes,,,,,,,,yes,,,,,,,,,,,,,,
Neil Osbourne,Leiter Teile und ZubehörPannenmonteur LKW,Telefon: +44 (2920) 361133,Mobil: -,Fax: +44 (2920) 796423,E-Mail: neil.osborne@wgdavies.com,            
Roger Davies,Direktor,Telefon: +44 (2920) 361133,Mobil: -,Fax: +44 (2920) 796423,E-Mail: roger.davies@wgdavies.com,            
Gareth Lewis,Leiter Verkauf Dienstleistungen,Telefon: +44(7974) 652572,Mobil: -,Fax: -,E-Mail: gareth.lewis@wgdavies.com,            
Malcolm Jones,Centerleiter,Telefon: +44 (2920) 361133,Mobil: -,Fax: -,E-Mail: malcolm.jones@wgdavies.com,            
David Hopkins,Verkäufer LKW,Telefon: +44(07587) 135898,Mobil: -,Fax: -,E-Mail: -,            
Matt Jacob,Verkäufer BUS,Telefon: +44(07920) 293467,Mobil: -,Fax: -,E-Mail: -,            
Jason Gray,Verkäufer VAN,Telefon: +44(07497) 203683,Mobil: -,Fax: -,E-Mail: -,            
Neil Osborne ,Leiter Teile und Zubehör,Telefon: +44 (2920) 361133,Mobil: -,Fax: -,E-Mail: neil.osborne@wgdavies.com,            





WG DAVIES (SWANSEA),Servicepartner,"Unit 11, St David's Road, Morriston Enterprise Park, SA6 8QL Morriston, Swansea, West Glamorgan, Großbritannien, , ",+44 (1792)795705,+44 (1792) 797823,,,yes,yes,yes,,,,,yes,,,yes,,,,,,,,,,,,,,
Andrew Dyer,Leiter Verkauf Dienstleistungen,Telefon: +44 (1792) 795705,Mobil: -,Fax: +44 (1792) 797823,E-Mail: andrew.dyer@wgdavies.com,            
Roger Davies,Direktor,Telefon: +44 (1792)795705,Mobil: -,Fax: +44 (1792) 797823,E-Mail: roger.davies@wgdavies.com,            
Malcolm Jones,Centerleiter,Telefon: +44 (1792) 795705,Mobil: -,Fax: +44 (1792) 797823,E-Mail: malcolm.jones@wgdavies.com,            
Kaine Charles,Verkäufer VAN,Telefon: +44(07971) 789486,Mobil: -,Fax: -,E-Mail: -,            
David Hopkins,Verkäufer LKW,Telefon: +44(07587) 135898,Mobil: -,Fax: -,E-Mail: -,            
Matt Jacob,Verkäufer BUS,Telefon: +44(07920) 293467,Mobil: -,Fax: -,E-Mail: -,            
Neil  Osborne ,Leiter Teile und Zubehör,Telefon: +44 (179) 2795705,Mobil: -,Fax: -,E-Mail: neil.osborne@wgdavies.com,            





