﻿Company Name,Service Partner,Address,Phone Number,Fax,Email,Website,LKW-Service,Bus-Service,MAN Van-Service,Schiffsmotoren-Service,Industriemotoren-Service,LKW-Verkauf,Bus-Verkauf,MAN Van-Verkauf,Schiffsmotoren-Verkauf,Industriemotoren-Verkauf,LKW-MAN_TopUsed,Bus-MAN_TopUsed,MAN Van-MAN_TopUsed,Schiffsmotoren-MAN_TopUsed,Industriemotoren-MAN_TopUsed,LKW-BusTopService,Bus-BusTopService,MAN Van-BusTopService,Schiffsmotoren-BusTopService,Industriemotoren-BusTopService,LKW-eMobility,Bus-eMobility,MAN Van-eMobility,Schiffsmotoren-eMobility,Industriemotoren-eMobility
PT DUTA PUTERA SUMATERA - SURABAYA,Servicepartner,"Jl. Margomulyo Indah No.31B, Tendes, 10000 Surabaya, Indonesien, , ",+62(31)7493247,,agus.setiawan@man-mn.co.id,,yes,no,no,,,yes,,,,,,,,,,,,,,,,,,,
Agus Setiawan,Leiter Verkauf LKW,Telefon: +62(31)7493247,Mobil: -,Fax: -,E-Mail: agus.setiawan@man-mn.co.id,            





PT. DUTA PUTERA SUMATERA,Servicepartner,"Jl. D.I Panjaitan No. 138, 13410 Jakarta, Indonesien, , ",+62(21)859 07989,+62(21)859 07780,nungroho@ske.co.id,,yes,yes,no,,,yes,yes,,,,,,,,,,,,,,,,,,
Nungroho Tjandrakusuma,Geschäftsführer,Telefon: +62(21)8518888,Mobil: -,Fax: +62(21)8580374,E-Mail: nungroho@ske.co.id,            
Handoku Handoku,Kundenbetreuer,Telefon: +62(21)85908191,Mobil: -,Fax: -,E-Mail: handoku@man-mn.co.id,            
Abdul Hanan,Leiter After SalesKulanzabfrager,Telefon: +62 (21) 8590 7989,Mobil: -,Fax: +62 (21) 8590 7780,E-Mail: abdul.hanan@man-mn.co.id,            
Angga Ressa,Kulanzabfrager,Telefon: +62(21)8518888,Mobil: -,Fax: -,E-Mail: angga.ressa@man-mn.co.id,            





PT. DUTA PUTERA SUMATERA - BALIKPAPAN,Servicepartner,"Jl. Soekarno Hatta Km. 2.5 No. 66, 76125 Balikpapan, Indonesien, , ",+62 (542) 748 748,+62 (542) 748 758,truck-bus@man-mn.co.id,http://ww.man-mn.co.id,yes,no,no,,,yes,,,,,,,,,,,,,,,,,,,
Indra Susanto,Leiter After SalesKulanzabfrager,Telefon: +62 (542) 748 748,Mobil: +62 (852) 3177 3256,Fax: -,E-Mail: indra.susanto@man-mn.co.id,            
Nara Setia,Kundenbetreuer,Telefon: +62 (542) 748 748,Mobil: -,Fax: -,E-Mail: nara.setia@man-mn.co.id,            





PT. DUTA PUTERA SUMATERA - MEDAN,Servicepartner,"Jl. Gatot Subroto No. 361A , Sei Kambing D, 20119 Medan, Indonesien, , ",+62(61)455 4222,+62(61)455 4222,,,yes,no,no,,,yes,,,,,,,,,,,,,,,,,,,





PT. DUTA PUTERA SUMATERA - SEMARANG,Servicepartner,"Jl. Madukoro No. 4 - 5, Komp SUN Motor, 20000 Semarang, Indonesien, , ",+62(24)602401,,agus.setiawan@man-mn.co.id,,yes,no,no,,,yes,,,,,,,,,,,,,,,,,,,





