﻿Company Name,Service Partner,Address,Phone Number,Fax,Email,Website,LKW-Service,Bus-Service,MAN Van-Service,Schiffsmotoren-Service,Industriemotoren-Service,LKW-Verkauf,Bus-Verkauf,MAN Van-Verkauf,Schiffsmotoren-Verkauf,Industriemotoren-Verkauf,LKW-MAN_TopUsed,Bus-MAN_TopUsed,MAN Van-MAN_TopUsed,Schiffsmotoren-MAN_TopUsed,Industriemotoren-MAN_TopUsed,LKW-BusTopService,Bus-BusTopService,MAN Van-BusTopService,Schiffsmotoren-BusTopService,Industriemotoren-BusTopService,LKW-eMobility,Bus-eMobility,MAN Van-eMobility,Schiffsmotoren-eMobility,Industriemotoren-eMobility
AL BAR WA AL BAHAR FOR AUTOMOTIVE & MACHINERY TRADING CO.LLC(TERRAMAR BASRA OFFICE),Servicepartner,"Way to Hamdan Industrial Area, Bahaderiya, NA Basrah, Irak, , ",+964 (78)19079913,,office-south@man-iraq.com,http://www.terramar.de,yes,yes,no,,,yes,yes,,,,,,,,,,,,,,,,,,
Thaer Ibrahim Al-Asadi,Leiter After Sales,Telefon: +964 (781) 9079913,Mobil: -,Fax: -,E-Mail: thaer.ibrahim@man-iraq.com  ,            





AL BAR WA AL BAHAR LLC (TERRAMAR BAGHDAD OFFICE),Servicepartner,"Baghdad - Jadriya - opposite Baghdad University - MAN Showroom., -- Baghdad, Irak, , ",+964 (77)26135245,,office-center@man-iraq.com,http://www.terramar.de,yes,yes,no,,,yes,yes,,,,,,,,,,,,,,,,,,
Ali Zainy,Leiter After Sales,Telefon: +964 (0) 7903938565,Mobil: -,Fax: -,E-Mail: ali.zainy@man-iraq.com,            
Moutaz Youssef,Verkäufer LKWVerkäufer BUSGeschäftsführer,Telefon: +964 (0) 7726135245,Mobil: -,Fax: -,E-Mail: moutaz.youssef@man-iraq.com,            
Rahim Thaer,MA Ersatzteilverkauf LKW,Telefon: +964 (0) 7901972829,Mobil: -,Fax: -,E-Mail: thaer.rahim@man-iraq.com,            
Haider Ismail,Werkstattmitarbeiter LKW,Telefon: +964 (0) 7903938565,Mobil: -,Fax: -,E-Mail: haider.ismail@man-iraq.com,            





"TERRAMAR COMPANY FOR AUTO TRADING, SPARE PARTS & GENERAL TRADING LLC (ERBIL)",Servicepartner,"Gazna Road, N/A Erbil, Irak, , ",+964 (75) 12307548,,office-kurdistan@man-iraq.com,http://www.terramar.de,yes,yes,no,,,yes,yes,,,,,,,,,,,,,,,,,,
Achim Eckert,Geschäftsführer,Telefon: +964 (0) 7504696005,Mobil: -,Fax: -,E-Mail: achim.eckert@man-iraq.com,            
Salwan Ismail,Leiter Werkstatt,Telefon: +964 (0) 7510150863,Mobil: -,Fax: -,E-Mail: salwan.ismail@man-iraq.com,            
Ahmad Zoher Al-Zahawy ,Leiter Teile und Zubehör,Telefon: +964 (0) 7510150862,Mobil: -,Fax: -,E-Mail: ahmad.zoher@man-iraq.com,            
Carsten Schroeder,Centerleiter,Telefon: +964 (0) 7512307548,Mobil: -,Fax: -,E-Mail: Carsten.Schroeder@terramar.com,            





