﻿Company Name,Service Partner,Address,Phone Number,Fax,Email,Website,LKW-Service,Bus-Service,MAN Van-Service,Schiffsmotoren-Service,Industriemotoren-Service,LKW-Verkauf,Bus-Verkauf,MAN Van-Verkauf,Schiffsmotoren-Verkauf,Industriemotoren-Verkauf,LKW-MAN_TopUsed,Bus-MAN_TopUsed,MAN Van-MAN_TopUsed,Schiffsmotoren-MAN_TopUsed,Industriemotoren-MAN_TopUsed,LKW-BusTopService,Bus-BusTopService,MAN Van-BusTopService,Schiffsmotoren-BusTopService,Industriemotoren-BusTopService,LKW-eMobility,Bus-eMobility,MAN Van-eMobility,Schiffsmotoren-eMobility,Industriemotoren-eMobility
A. AMIN DIESEL,Servicepartner,"Beit Zarzir, 10600 Beit Nehalel, Israel, , ",+972(4)65 15552,,amindiesel@gmail.com,,yes,yes,no,,,,,,,,,,,,,,,,,,,,,,
Ahnan  xMustafa ,Leiter Werkstatt,Telefon: +972(4) 6515552,Mobil: +972(4) 6514570,Fax: +972(4) 6514570,E-Mail: amindiesel@gmail.com ,            
Ahnan  Mustafa ,Leiter Werkstatt,Telefon: +972(4) 6515552,Mobil: +972(4) 6514570,Fax: +972(4) 6514570,E-Mail: amindiesel@gmail.com ,            





A.Z,Servicepartner,"P.O.B 5184, 88108 Eilat, Israel, , ",+972(8)6378 073,+972(8)6316 642,azltd@bezeqint.net,,yes,yes,no,,,,,,,,,,,,,,,,,,,,,,





AUTOMOTIVE EQUIPMENT & TRUCKS LP (HAIFA),Servicepartner,"118, Haluzei Ha Taasia Str., 31012 Haifa, Israel, , ",+972(4)8493855,+972(4)8490417,TaliV@man-1.co.il,,yes,yes,no,,,,,,,,,,,,,,,,,,,,,,
Shlomo Maler,Leiter Werkstatt,Telefon: +972(4)8493855,Mobil: +972(50)7801110,Fax: +972(4)8423368,E-Mail: TaliV@man-1.co.il,            





"AUTOMOTIVE EQUIPMENT & TRUCKS LP , RISHON LE ZION",Servicepartner,"10-12 Ginzburg Street, New Industrial Zone, 75150 Rishon Lezion, Israel, , ",+972(3)9639044,+972(3)9639014,shaulm@man-1.co.il,,yes,yes,no,,,yes,yes,,,,,yes,,,,,,,,,,,,,
Elinora  Or,Kaufmännischer LeiterAfter Sales Leiter Assistenz BUS,Telefon: +972(3)9639026,Mobil: +972(3)9639026,Fax: +972(3)9639096,E-Mail: ElinoraO@man-1.co.il,            
Or Elinora ,,Telefon: +972(3)9639044,Mobil: -,Fax: +972(3)9639096,E-Mail: ElinoraO@man-1.co.il ,            





BAR GIL,Servicepartner,"Lew Ha-arez, 48104 Rosh Ha Ain, Israel, , ",+972(3)9379121,+972(3)9379584,yoel@bargil.com,,yes,yes,no,,,,,,,,,,,,,,,,,,,,,,
Yoel ofir,Geschäftsführer,Telefon: +972(3)9379121,Mobil: -,Fax: -,E-Mail: office@bargil.com,            
ilanit  Yizhak,KulanzabfragerLeiter After SalesKulanzabfrager,Telefon: +972 (3) 9379121,Mobil: -,Fax: -,E-Mail: ilanit yizhak ,            





BOW INDSUTRIAL CO,Servicepartner      Verkaufsstandort des Händlers -Automotive Equipment and Trucks – LP-,"Beit Sahour Dar salah street, 91220 Bethlehem, Israel, , ",+972(59)992500,,exc@bow-i.com,,yes,yes,yes,,,,,,,,,,,,,,,,,,,,,,





DAVID MALKA,Servicepartner,"INDUSTRIAL ZONE, 1514800 AFIKIM, Israel, , ",+972 (4) 6754893,,shimon7550@gmail.com,,yes,yes,no,,,,,,,,,,,,,,,,,,,,,,





DAVIDOV MCT-GROUP,Servicepartner,"Atzmona Str. 16, 98510 Mishor Edumim, Israel, , ",+972(2)5905777,,Ziv@mct-group.co.il,,yes,yes,no,,,,,,,,,,,,,,,,,,,,,,





DIESEL HADERA,Servicepartner,"Matachot Street, South Area, 383869 Hadera, Israel, , ",+972(4)6343332,,diesel.dudi@gmail.com,,yes,yes,no,,,,,,,,,,,,,,,,,,,,,,





DIESEL HASSAN SHEUAN,Servicepartner,"P.O.B. 673, 16920 Kfar Iksayil, Israel, , ",+972(4)6463986,,bilal495@gmail.com,,yes,yes,no,,,,,,,,,,,,,,,,,,,,,,





DIESEL TAMRA,Servicepartner,"tamra, 453 tamra, Israel, , ",+972(76)8109352,,alibakir1966@gmail.com,,yes,yes,no,,,,,,,,,,,,,,,,,,,,,,
Ali Bakir,WerkstattmeisterLeiter Teile und Zubehör,Telefon: +972(46)794569,Mobil: -,Fax: -,E-Mail: alibakir1966@GMAIL.COM,            





KALDERON,Servicepartner,"Ha nechoshet 14, 84845 Beer Sheva, Israel, , ",+972(8)6282299,,EliK@kalderon.co.il,,yes,yes,no,,,,,,,,,,,,,,,,,,,,,,
Maria Dalert,Leiter Verkauf DienstleistungenKulanzabfragerAnsprechpartner Zahlungsgarantie BUS,Telefon: +972(8) 6295925,Mobil: -,Fax: -,E-Mail: maria@KALDERON.CO.IL,            





KFAR KASEM,Servicepartner,"P.O.B. 1808, 49940 Kfar Kasem, Israel, , ",+972(3)9071423,,mosakhkq@hotmail.com,,yes,no,no,,,,,,,,,,,,,,,,,,,,,,





M.S.A,Servicepartner,"P.O.B 2700, 56216 Yahud, Israel, , ",+972(3)6321772,,msatrucks@gmail.com,,yes,no,no,,,,,,,,,,,,,,,,,,,,,,





METAILEY ERON,Servicepartner,"Yosef Lewi Street 10, 103240 Mifraz Haifa, Israel, , ",+972(4)8729686,,yuval507@gmail.com,,yes,yes,no,,,,,,,,,,,,,,,,,,,,,,





MILENIUM,Servicepartner,"Ha Pninim 2, 78151 Ashkelon, Israel, , ",+972(8)6777877,,balag@walla.com,,yes,yes,no,,,,,,,,,,,,,,,,,,,,,,





S.H.B SERVICE,Servicepartner,"TSERUFA, 3085000 TSERUFA, Israel, , ",+972(4)6293338,,yaniv.kraif@gmail.com,,yes,yes,no,,,,,,,,,,,,,,,,,,,,,,
Yanif Kraif,Auftragszentrum VerkaufGeschäftsführer,Telefon: +972 (46)293233,Mobil: -,Fax: -,E-Mail: yaniv.kraif@gmail.com,            





SHCHADE FARACH AND SONS,Servicepartner,"P.O.B. 789, 24908 Kfar Yasif, Israel, , ",+972(4)9962845,,garage.shhade@gmail.com,,yes,yes,no,,,,,,,,,,,,,,,,,,,,,,





