﻿Company Name,Service Partner,Address,Phone Number,Fax,Email,Website,LKW-Service,Bus-Service,MAN Van-Service,Schiffsmotoren-Service,Industriemotoren-Service,LKW-Verkauf,Bus-Verkauf,MAN Van-Verkauf,Schiffsmotoren-Verkauf,Industriemotoren-Verkauf,LKW-MAN_TopUsed,Bus-MAN_TopUsed,MAN Van-MAN_TopUsed,Schiffsmotoren-MAN_TopUsed,Industriemotoren-MAN_TopUsed,LKW-BusTopService,Bus-BusTopService,MAN Van-BusTopService,Schiffsmotoren-BusTopService,Industriemotoren-BusTopService,LKW-eMobility,Bus-eMobility,MAN Van-eMobility,Schiffsmotoren-eMobility,Industriemotoren-eMobility
A.I.B. SERVICES S.R.L.,Servicepartner,"Via Provinciale 5, 25050 Rodengo Saiano, Italien, , ",+39(030)6817111,+39 (030) 611067,info@aibservices.it,http://www.aibservices.it,yes,yes,yes,,,,,,,,,,,,,,,,,,,,,,





ALPISERVICE S.R.L.,Servicepartner,"via degli Artigiani 18, 12016 Peveragno (CN), Italien, , ",+39 (0171) 384651,,service@alpiservice.net,,yes,yes,yes,,,yes,,yes,,,,,,,,,,,,,,,,,





ALPISERVICE S.R.L. (SEDE DI ALBA),Servicepartner      Verkaufsstandort des Händlers -Alpiservice S.r.l.-,"LOCALITA' SAN CASSIANO 7/G, 12051 ALBA, Italien, , ",+39(0173)328164,,,,yes,yes,yes,,,yes,,,,,,,,,,,,,,,,,,,





ARDUINI E NERBOLDI S.R.L,Servicepartner      Verkaufsstandort des Händlers -Eurodiesel S.r.l.-,"Via della Meccanica 32, 37139 Verona, Italien, , ",+39 (045) 851 54 11,+39 (045) 851 54 82,info@eurodiesel.it,http://www.eurodiesel.it,yes,yes,yes,,,,,,,,,,,,,,,,,,,,,,
Nicola Arduini,Geschäftsführer,Telefon: +39 (045) 8515411,Mobil: -,Fax: +39 (045) 8515412,E-Mail: nicola.arduini@eurodiesel.it,            
ANDREA CORDIOLI ,BetriebsleiterServiceberater,Telefon: +39 (045) 8515473,Mobil: -,Fax: -,E-Mail: andrea.cordioli@eurodiesel.it,            





ARSACAR S.N.C. DI ARISIO S. E SANTAPAGA A. & C.,Servicepartner,"via Caduti sul lavoro - Z.I., 28883 Gravellona Toce (VB), Italien, , ",+39 (0323)86 48 28,+39 (0323) 34 55 40,arsacar@libero.it,,yes,no,yes,,,,,,,,,,,,,,,,,,,,,,
Antonio Santapaga,Geschäftsführer,Telefon: +39(0323)864828,Mobil: -,Fax: -,E-Mail: amministrazionearsacar@live.it,            





AUTODIESEL S.R.L.,Servicepartner,"Via Milano; 8, 20020 Ceriano Laghetto (MI), Italien, , ",+39 (02)96461173,+39 (02) 966 10 41,ufficio@autodieselsrl.it,,yes,yes,yes,,,,,,,,,,,,,,,,,,,,,,





AUTOFFICINA MONTEVECCHIA S.R.L.,Servicepartner,"via degli Artigiani 7-11, 23874 Montevecchia (LC), Italien, , ",+39 (039) 993 03 10,+39 (039) 993 08 70,gpanzeri@officinamontevecchia.it,,yes,no,yes,,,,,,,,,,,,,,,,,,,,,,
Giorgio Panzeri,Geschäftsführer,Telefon: +39 (039)993 03 10,Mobil: +39 (338) 746 67 22,Fax: -,E-Mail: gpanzeri@officinamontevecchia.it,            
Luana Casiraghi,Kalkulator,Telefon: +39 (039) 9930310,Mobil: -,Fax: -,E-Mail: gpanzeri@officinamontevecchia.it,            





BELLIZZI S.R.L.,Servicepartner,"Viale Columbo, 29, 70123 Bari, Italien, , ",+39 (080) 505 82 96,+39 (080) 505 02 02,info@bellizzisrl.it,,yes,yes,yes,,,,,,,,,,,,,,,,,,,,,,





BOCCIA SPA,Servicepartner,"Via delle Calabrie 37, 84131 Salerno, Italien, , ",+39 (089) 301924,,info@bocciaspa.it,,,,,,,yes,,yes,,,,,,,,,,,,,,,,,





C. & B. OFFICINE MECCANICHE S.R.L.,Servicepartner,"Via Delle Industrie, 38, 84092 Bellizzi, Italien, , ",+39 (0828) 51153,+39 (0828) 351046,cerinogiovanni@tiscali.it,http://www.cebofficine.it/,yes,no,yes,,,,,,,,,,,,,,,,,,,,,,





C.A.M. DI PANI FRANCESCO,Servicepartner,"SS126 - km 115, 09094 Marrubiu (OR), Italien, , ",+39 (0783)85 84 92,,cam.pani13@libero.it,,yes,yes,yes,,,,,,,,,,,,,,,,,,,,,,





C.D.E.M.C. SAS,Servicepartner,"Zona Industriale VI° Strada -1'trav.2, 95121 Catania, Italien, , ",+39 (095) 592946,+39 (095) 592946,cdemc@tiscali.it,,yes,yes,yes,,,,,,,,,,,,,,,,,,,,,,





CANEVER MARIO OFFICINE SRL,Servicepartner,"Via Galvani; 6, 30020 Noventa di Piave (VE), Italien, , ",+39 (0421)65114,+39 (0421) 659098,info@officinecanever.it,,yes,no,yes,,,,,,,,,,,,,,,,,,,,,,





CAPACCHIONE S.R.L.,Servicepartner,"Cervito 1, 84084 Fisciano, Italien, , ",+39 (089) 826775,+39 (089) 8201861,info@eurobussrl.it,,yes,yes,yes,,,,,,,,,,,,,,,,,,,,,,
Andrea Capacchione ,Geschäftsführer,Telefon: +39 (089) 826775,Mobil: -,Fax: +39 (089) 8201861,E-Mail: capacchione@eurobussrl.it,            





CAR DIESEL S.R.L.,Servicepartner,"Via Po; 30, 66020 San Giovanni Teatino (CH), Italien, , ",+39 (085)4460764,+39 (085) 9431916,amministrazione@cardisel.eu,,yes,yes,yes,,,,,,,,,,,,,,,,,,,,,,





CAR SYSTEM S.R.L.,Servicepartner,"Via Caduti di Navicello, 12, 41030 Villavara di Bomporto (MO), Italien, , ",+39 (059)819177,+39 (059)819180,info@carsystemsrl.com,,yes,no,yes,,,,,,,,,,,,,,,,,,,,,,





CARBONE SANTO S.R.L.,Servicepartner,"Via Giuseppe Sapeto, 26, 87036 Rende (CS), Italien, , ",+39 (0984)83 83 41,+39 (0984) 83 83 41,mobile24@gruppocarbone.com,,yes,yes,yes,,,,,,,,,,,,,,,,,,,,,,
Santo Carbone,Leiter After SalesGeschäftsführer,Telefon: +39 (0984)83 83 41,Mobil: +39 (348) 7085992,Fax: -,E-Mail: -,            
Danilo Tomasi,Werkstattmeister,Telefon: +39 (348) 7085992,Mobil: +39 (348) 7085992,Fax: -,E-Mail: service@gruppocarbone.com,            





CARMAN S.R.L.,Servicepartner,"Via Greifenstein 4, 39018 Terlano (BZ), Italien, , ",+39 (0471)91 31 51,+39 (0471) 204246,benjamin.puntscher@carmantrucks.com,http://www.carman.man.it,yes,yes,yes,,,,,,,,,,,,,,,,,,,,,,
Hans-Georg Heinze,Werkstattmeister BUSWerkstattmeister LKW,Telefon: +39 (0471) 50 72 95,Mobil: -,Fax: +39 (0471) 92 26 71,E-Mail: hg.heinze@carmantrucks.com,            
Hubertus-Mayer Kaibitsch,Geschäftsführer,Telefon: +39 (0471) 913151,Mobil: -,Fax: +39 (0471) 204246,E-Mail: benjamin.puntscher@carmantrucks.com,            





CARMAN S.R.L. - FILIALE DI CHIENES,Servicepartner,"Zona Artigianale, 11, 39030 CHIENS (BZ), Italien, , ",+39 (0474) 561106,,hg.heinze@carmantrucks.com,,yes,yes,yes,,,,,,,,,,,,,,,,,,,,,,





CENTRAUTO RICAMBI S.R.L.,Servicepartner,"Via Emilia; 102, 47900 Rimini, Italien, , ",+39 (0541)74 01 59,+39 (0541) 743328,info@centrauto.rimini.it,,yes,yes,yes,,,,,,,,,,,,,,,,,,,,,,
Daniela Fattori	,MA Buchhaltung BUSGeschäftsführerMA Buchhaltung LKW,Telefon: +39(0541) 740159,Mobil: -,Fax: -,E-Mail: daniela@centrauto.rimini.it	,            
Vito Bezzecchi,Kontaktperson Solution Guide LKWGeschäftsführerKontaktperson Solution Guide BUSWerkstattmeister BUSWerkstattmeister LKWPannenmonteur LKW,Telefon: +39 (0541) 74 01 59,Mobil: +39 (348) 2252614,Fax: -,E-Mail: info@centrauto.rimini.it,            





COMMERCIALE NORD DIESEL S.R.L.,Servicepartner,"Via Ferrara, 1, 33010 Tavagnacco, Italien, , ",+39 (0432) 572733,+39 (0432) 688076,info@norddiesel.it,,,,,,,yes,,yes,,,,,,,,,,,,,,,,,





COVI SERVIZI S.R.L.,Servicepartner,"Contrada Cerreto MIglianico, 66010 Miglianico, Italien, , ",+39(0871)951725,+39(0871)950254,info@coviservizi.it,,yes,yes,yes,,,,,,,,,,,,,,,,,,,,,,
Fulvio Forcina,Verkäufer LKWGeschäftsführer,Telefon: +39 (335) 7068689,Mobil: -,Fax: -,E-Mail: info@coviservizi.it,            





DIESEL NORD S.R.L.,Servicepartner,"Via Varese 27, 21040 Caronno Varesino, Italien, , ",+39 (0331)980890,+39 (0331) 980128,dieselnord1@libero.it,,yes,yes,yes,,,,,,,,,,,,,,,,,,,,,,





DIESEL SERVICE DUE S.R.L.,Servicepartner,"Via Buronzo; 27-29, 14100 Asti, Italien, , ",+39 (0141)27 24 05,+39 (0141) 27 22 53,direzione@dieselserviceasti.it,,yes,no,yes,,,,,,,,,,,,,,,,,,,,,,





DITTA CHIRIATTI LUIGI,Servicepartner,"Via Portogallo, sn - Zona PIP -C.P. 63, 73021 Calimera (LE), Italien, , ",+39 (0832) 871017,+39 (0832) 876043,offchiriatti@tiscali.it,,yes,yes,yes,,,,,,,,,,,,,,,,,,,,,,





ELETTRODIESEL S.N.C.,Servicepartner,"Via Autostrada; 42a, 12060 Magliano Alpi (CN), Italien, , ",+39 (0174)62 78 35,+39 (0174) 62 79 56,occelli@elettrodiesel-man.it,,yes,yes,yes,,,,,,,,,,,,,,,,,,,,,,





EURO-S.A.M. S.R.L.,Servicepartner,"Via dell`Industria, 38, 29100 Piacenza, Italien, , ",+39 (0523)57 98 21,+39 (0523) 57 01 40,posta@eurosam-srl.it,,yes,no,yes,,,,,,,,,,,,,,,,,,,,,,





EURO-SAM COMMERCIALE S.R.L.,Servicepartner,"viale dell'Industria, 38, 29122 Piacenza, Italien, , ",+39 (0523) 593337,+39 (0523) 570140,info@eurosamcommerciale.it,http://www:eurosamcommerciale.it,,,,,,yes,,yes,,,,,,,,,,,,,,,,,





EUROCARS S.R.L.,Servicepartner,"Via Mezzaniello, 84036 Sala Consilina, Italien, , ",+39 (0975) 2704111,+39 (0975) 2704100,team@eurocarssrl.com,,yes,yes,yes,,,yes,,yes,,,,,,,,,,,,,,,,,





EURODIESEL S.R.L.,Servicepartner,"Via della Meccanica, 32, 37139 Verona, Italien, , ",+39 (045)8515411,+39 (045) 8515412,info@eurodiesel.it,http://www.eurodiesel.it,,,,,,yes,,yes,,,,,,,,,,,,,,,,,
Davide Arduini,Leiter Verkauf GebrauchtwagenLeiter Verkauf LKW,Telefon: +39 (045)8515411,Mobil: -,Fax: -,E-Mail: davide.arduni@eurodiesel.it,            
Nicola  Della Chiesa ,Leiter Verkauf LKWVerkäufer LKW,Telefon: +39 (045) 8515425,Mobil: +39 (340) 1592296,Fax: -,E-Mail: nicola.dellachiesa@eurodiesel.it,            
Jader Morando ,Leiter Verkauf LKWVerkäufer LKW,Telefon: +39 (045) 8515423,Mobil: +39 (388) 2593627,Fax: -,E-Mail: jader.morando@eurodiesel.it,            
Giorgio  Pigozzi ,Leiter Verkauf MAN TopUsedVerkäufer MAN TopUsed,Telefon: +39 (045) 8515429,Mobil: +39 (340) 4196517,Fax: -,E-Mail: giorgio.pigozzi@eurodiesel.it,            
Junior  Daiprai ,Leiter Verkauf VANVerkäufer VAN,Telefon: +39 (045) 8515421,Mobil: +39 (327) 6941934,Fax: -,E-Mail: junior.daiprai@eurodiesel.it,            





EUROMAN S.R.L.,Servicepartner,"Via Negrelli; 40, 35043 Monselice (PD), Italien, , ",+39 (0429)783637,+39 (0429) 711750,euroman@eurom.191.it,,,,,,,yes,,yes,,,,,,,,,,,,,,,,,
Massimo Quaglio,Verkäufer LKW,Telefon: +39 (0429) 783637,Mobil: -,Fax: +39 (0429) 711750,E-Mail: commerciale@euromansrl.it,            
Fabio Guglielmo,Verkäufer LKWLeiter Verkauf GebrauchtwagenGeschäftsführerLeiter Verkauf LKW,Telefon: +39 (0429)783637,Mobil: -,Fax: -,E-Mail: direzione@euromansrl.it,            





F.L.F. S.R.L.,Servicepartner,"Via Montello, 32, 31040 Nervesa della Battaglia (TV), Italien, , ",+39 (0422)72 51 54,+39 (0422) 72 53 32,accettazione@flf.it,,yes,yes,yes,,,,,,,,,,,,,,,,,,,,,,
Marco Furlan	,Werkstattmeister LKW,Telefon: +39 (0422) 725154,Mobil: -,Fax: -,E-Mail: info@flf.it,            
Franco Furlan,Geschäftsführer,Telefon: +39 (0422)72 51 54,Mobil: -,Fax: -,E-Mail: info@flf.it,            





F.LLI PIRRO G.A. & L. S.N.C.,Servicepartner,"Viale Europa, 3/G, 70123 Bari, Italien, , ",+39 (080) 5 34 14 29,+39 (080) 5 34 14 29,luipirr@tin.it,,yes,yes,yes,yes,no,,,,,,,,,,,,,,,,,,,,





FRENAUTO S.R.L.,Servicepartner,"Via Giancarlo Pernigotti 16a, 15057 Tortona, Italien, , ",+39 (0131)815 089,+39 (0131) 880315,amministrazione@frenauto.com,,yes,yes,yes,,,,,,,,,,,,,,,,,,,,,,





GAZZOLA S.P.A.,Servicepartner,"Via circonvallazione Ovest, 60, 31033 Castelfranco Veneto, Italien, , ",+39 (0423) 495993,+39 (0423) 497163,info@gazzolatrucks.com,http://www.gazzola.man.it,yes,no,yes,,,yes,,yes,,,,,,,,,,,,,,,,,
Barbara Gazzola,MA Verkauf LKW,Telefon: +39 (0423) 495993,Mobil: -,Fax: +39 (0423) 497163,E-Mail: barbara.gazzola@gazzolatrucks.com,            





GINO S.P.A.,Servicepartner,"Regione Torre Pernice 2, 17031 Albenga, Italien, , ",+39 (0182) 592624,+39 (0182) 21959,gianluca.conte@ginospa.com,,yes,yes,yes,,,,,,,,,,,,,,,,,,,,,,





GRAF DI ARIOLDI GIACOMO & C. S.A.S.,Servicepartner,"Via Don Bosco, 15, 24040 Suisio (BG), Italien, , ",+39 (035)90 20 74,+39 (035) 493 11 79,info@grafautofficina.com,,yes,yes,yes,,,,,,,,,,,,,,,,,,,,,,
Giacomo Arioldi,Geschäftsführer,Telefon: +39 (035)90 20 74,Mobil: -,Fax: -,E-Mail: info@grafautofficina.com,            
Michele Arioldi	,Werkstattmeister LKWWerkstattmeister BUS,Telefon: +39(035)902074,Mobil: -,Fax: -,E-Mail: michele@grafautofficina.com,            





GUGLIELMO S.N.C.,Servicepartner,"Via Negrelli 40, 35043 Monselice (PD), Italien, , ",+39 (0429)728 06,+39 (0429) 78 09 35,amministrazione@guglielmosnc.it,,yes,yes,yes,,,,,,,,,,,,,,,,,,,,,,
Fabio Guglielmo,Geschäftsführer,Telefon: +39 (0429)728 06 ,Mobil: -,Fax: -,E-Mail: direzione@guglielmosnc.it,            
Sante Mingardo	,MA Reparaturannahme BUSMA Reparaturannahme LKW,Telefon: +39 (0429)728 06 ,Mobil: -,Fax: -,E-Mail: officina@guglielmosnc.it	,            





GUIDOLIN S.R.L.,Servicepartner,"Via Cadore, 27, 31031 Caerano San Marco (TV), Italien, , ",+39 (0423)650768,+39 (0423) 650253,info@officinaguidolin.it,http://www.guidolin.com,yes,yes,yes,,,,,,,,,,,,,,,,,,,,,,
Francesco Guidolin ,Geschäftsführer,Telefon: +39 (335) 1207960,Mobil: +39 (338) 5036870,Fax: -,E-Mail: info@officinaguidolin.it,            





IMPROMART S.N.C. DI MARTONE M. & C.,Servicepartner,"Traversa Fossitelli, 80147 Napoli, Italien, , ",+39 (081) 5962139,+39 (081) 773 19 89,info@impromart.com,http://www.impromart.com/,yes,yes,yes,,,yes,,yes,,,,,,,,,,,,,,,,,





INTERSERVICE S.P.A.,Servicepartner,"Via San Sebastian, 4 - Zona Interporto, 38121 Trento, Italien, , ",+39 (0461) 383333,,info@interservice.tn.it,http://www.interservice.tn.it/,yes,yes,yes,,,,,,,,,,,,,,,,,,,,,,
Fabio Marino,Betriebsleiter,Telefon: +39 (342) 9507911,Mobil: -,Fax: -,E-Mail: -,            





L'AUTOINDUSTRIALE VALTELLINESE S.R.L.,Servicepartner,"Via Nazionale 1, 23012 Castione Andevenno SO, Italien, , ",+39 (0342)567034,+39 (0342) 567020,info@lautoindustriale.it,,yes,no,yes,,,,,,,,,,,,,,,,,,,,,,





LDM TRUCK AND BUS S.R.L.,Servicepartner,"Via Achille Grandi, 103, 52100 Arezzo, Italien, , ",+39 (0575)300 608,+39 (0575) 35 57 95,service@officinaldm.it,,yes,yes,yes,,,,,,,,,,,,,,,,,,,,,,
Andrea Bianchi,MA Ersatzteilverkauf LKWMA Ersatzteilverkauf BUS,Telefon: +39 (0575) 300608,Mobil: -,Fax: +39 (0575) 250443,E-Mail: magazzino@officinaldm.it	,            





LILLIU STEFANO SRL,Servicepartner,"9° STRADA OVEST - Z.I. MACCHIAREDDU, 09010 UTA, Italien, , ",+39 (070) 3325971,,officina@lilliustefanosrl.com,,yes,no,yes,,,,,,,,,,,,,,,,,,,,,,





L´AUTOINDUSTRIALE VALTELLINESE,Servicepartner,"Via Nazionale 1, 23012 Castione Andevenno Castione Andevenno, Italien, , ",+39 (0342) 567 034,,,http://www.lautoindustriale.it,yes,no,yes,yes,no,,,,,,,,,,,,,,,,,,,,





MAN TRUCK & BUS ITALIA S.P.A.- U.O. PIACENZA,MAN-Servicebetrieb,"Strada dei Dossarelli, 27, 29122 Piacenza, Italien, , ",+39 (0523)606023,+39 (0523) 578082,man-diesel@it.man-mn.com,http://www.man-topused.com,,,,,,,,,,,yes,yes,yes,,,,,,,,,,,,





MAN TRUCK & BUS ITALIA SPA - CENTER BRESCIA,MAN-Servicebetrieb,"VIA PADANA SUPERIORE, 46, 25045 CASTEGNATO, Italien, , ",+39(030)5780500,,mancenter.brescia@man.eu,,yes,yes,yes,,,yes,,yes,,,,,,,,,,,,,,,,,





MAN TRUCK & BUS ITALIA SPA - CENTER ROMA,MAN-Servicebetrieb,"Via dell'agricoltura, 18, 00065 Fiano Romano (RM), Italien, , ",+39 (0765) 250500,,,,yes,yes,no,,,yes,,,,,yes,yes,,,,,yes,,,,,,,,





MAN TRUCK & BUS ITALIA SPA – CENTER FORLÌ,MAN-Servicebetrieb,"Via Antico Acquedotto 27, 47122 Forlì, Italien, , ",+39 (0) 0543 1908500,,mancenter.forli@man.eu,,yes,yes,yes,,,yes,,yes,,,yes,,,,,,,,,,,,,,





MAN TRUCK & BUS ITALIA SPA – CENTER MILANO,MAN-Servicebetrieb,"Via Provinciale Saronnese 72, 20027 RESCALDINA, Italien, , ",+39 (0331) 1604500,,service24.milano-ovest@man.eu,,yes,yes,yes,,,yes,,yes,,,,,,,,,,,,,,,,,





MAN TRUCK & BUS ITALIA SPA – CENTER VENEZIA,MAN-Servicebetrieb,"VIA DELLE INDUSTRIE 49, 30020 MARCON, Italien, , ",+39 (041) 0986600,,mancenter.venezia@man.eu,,yes,yes,yes,,,,,,,,,,,,,,,,,,,,,,





MANSERVICE ROMA S.R.L.,Servicepartner,"Via Ponte del Tremio 1, 03012 Anagni (FR), Italien, , ",+39 (0775)77271,+39 (0775) 772717,info@manserviceroma.it,,yes,yes,yes,,,,,,,,,,,,,,,,,,,,,,
Luca Bottoni,,Telefon: +39(0775)772722,Mobil: + 39 (340) 8999342,Fax: -,E-Mail: assistenza@manserviceroma.it,            





MANSERVICE ROMA S.R.L. FILIALE DI MONTEROTONDO,Servicepartner,"Via Salaria km 25,4, 00015 Monterotondo Scalo, Italien, , ",+39 (06) 972 43 580,+39 (06) 900 41 88,accetazione.roma@manserviceroma.it,,yes,yes,yes,,,,,,,,,,,,,,,,,,,,,,
Carlo Saporetti,Centerleiter,Telefon: +39 (06) 97243580,Mobil: -,Fax: -,E-Mail: assistenza.roma@manserviceroma.it,            





MOCOR VEICOLI INDUSTRIALI S.N.C.,Servicepartner,"Zona Artig. Dolina, 542/2, 34018 San Dorligo della Valle (TS), Italien, , ",+39 (040)832 51 40,+39 (040) 22 86 18,amministrazione@mocorsnc.com,,yes,yes,yes,,,,,,,,,,,,,,,,,,,,,,





MONFREDA DI MONFREDA AMEDEO & C S.A.S.,Servicepartner,"Via Torino 550, 10032 Brandizzo (TO), Italien, , ",+39 (011)91 39 318,,info@monfredasas.com,http://www.monfredasas.com,yes,no,yes,,,,,,,,,,,,,,,,,,,,,,





NICAR S.R.L.,Servicepartner,"Via del Casale Lumbroso; 491, 00166 Roma, Italien, , ",+39 (06)65 000 998,+39 (06) 65 000 577,24H@nicar.it,,yes,yes,yes,,,,,,,,,,,,,,,,,,,,,,





NOVELLI 1934 S.R.L.,Servicepartner,"via Romairone 42 D, 16163 Genova Bolzaneto, Italien, , ",+39 (342) 0428453,,info@novelli1934.it,http://www.biasottigroup.it/index.php,yes,yes,yes,,,,,,,,,,,,,,,,,,,,,,





NUOVA OFFICINA S.A.R.A. S.N.C.,Servicepartner,"Via Brolo Sotto, 13/A, 42019 Chiozza di Scandiano, Italien, , ",+39 (0522)34 20 38,+39 (0522) 34 20 41,officina@nuovaofficinasara.it,,yes,no,yes,,,,,,,,,,,,,,,,,,,,,,





O.R.A. DI PEDRELLI MAURIZIO,Servicepartner,"Via Emilia 239, 40011 ANZOLA EMILIA, Italien, , ",+39 (051) 736 767,,info@officinaora.com,,yes,no,yes,,,,,,,,,,,,,,,,,,,,,,
Maurizio Pedrelli,Geschäftsführer,Telefon: +39 (051) 736767,Mobil: +39 (337) 577273,Fax: -,E-Mail: amministrazione@officinaora.com,            





OFFICINA EUROCAR 2000 S.A.S. DI PASERO GIOVANNI & C.,Servicepartner,"Via Laghi di Avigliana, 109, 12022 Busca (CN), Italien, , ",+39 (0171)94 62 41,+39 (0171) 94 82 85,officina@eurocar2000man.com,,yes,no,yes,,,,,,,,,,,,,,,,,,,,,,





OFFICINA MECCANICA PIERANTOZZI DI TANZI EOLINDA & C. SAS,Servicepartner,"c/o CIT - Loc. Villa S. Antonio, 63100 Ascoli Piceno, Italien, , ",+39 (0736)81 26 83,+39 (0736) 81 73 26,info@pierantozzisas.it,,yes,no,yes,,,,,,,,,,,,,,,,,,,,,,





OFFICINA NORD DIESEL S.R.L.,Servicepartner,"Via Ferrara, 1, 33010 Tavagnacco, Italien, , ",+39 (0432)57 27 33,+39 (0432) 68 80 76,info@norddiesel.it,http://www.norddiesel.it,yes,yes,yes,,,,,,,,,,,,,,,,,,,,,,





OFFICINE PAOLANGELI S.R.L.,Servicepartner,"Via Isarco, 4, 04011 Aprilia, Italien, , ",+39 (06) 927 049 81,,info@officinepaolangeli.it,,yes,no,yes,,,,,,,,,,,,,,,,,,,,,,





OFFICINE GIUSTI S.R.L.,Servicepartner,"Via dell`Artigianato, 11 - Z.I. Poggio Piccolo, 40023 Castel Guelfo (BO), Italien, , ",+39 (0542)670247,+39 (0542) 671448,info@officinegiusti.com,,yes,no,yes,,,,,,,,,,,,,,,,,,,,,,





PANDIM SNC DI DI MANNO PAOLO,Servicepartner,"Via Capocroce 49, 04022 Fondi, Italien, , ",+39 (0) 0771531580,,pandim2009@libero.it,,yes,yes,yes,,,,,,,,,,,,,,,,,,,,,,





PRIMO TIR SERVICE S.R.L.,Servicepartner,"via Ferruccio Parri 810, 47023 Cesena (FC), Italien, , ",+39 (0547)347595,+39 (0547)346226,info@primotir.it,,yes,no,yes,,,,,,,,,,,,,,,,,,,,,,





QUADRI INDUSTRIAL S.R.L.,Servicepartner,"Via Piave 20, 20873 Cavenago di Brianza, Italien, , ",+39 (02) 95919211,,info@quadriindustrial.com,http://quadriindustrial.com/,yes,yes,yes,,,yes,,yes,,,,,,,,,,,,,,,,,





RIZZO VEICOLI INDUSTRIALI SRL,Servicepartner,"S.S. 275 KM 12.400, 73030 Surano, Italien, , ",+39 (0836) 936630,,info@rizzovi.com,,,,,,,yes,,yes,,,,,,,,,,,,,,,,,
Fabio Rizzo,Verkäufer LKWGeschäftsführer,Telefon: +39 (340) 4699145,Mobil: +39 (340) 4699145,Fax: -,E-Mail: fabio.rizzo@rizzovi.com,            





RONCONI VALTER & FIGLI S.R.L.,Servicepartner,"Via dell'Artigianato, 5, 44026 Mesola (FE), Italien, , ",+39 (0533) 795469,+39 (0533) 795968,ronconi@global.it,,yes,no,yes,,,,,,,,,,,,,,,,,,,,,,





SALVATORI FLORIO & C. S.A.S. DI SALVATORI V.,Servicepartner,"via Seravezza; 185, 55046 Querceta di Seravezza (LU), Italien, , ",+39 (0584)76 92 37,+39 (0584) 74 02 24,florio.sa@tiscalinet.it,,yes,no,yes,,,,,,,,,,,,,,,,,,,,,,
Landi Moreno,Leiter After SalesLeiter Teile und Zubehör,Telefon: +39 (335) 625 51 09,Mobil: +39 (335) 625 51 09,Fax: -,E-Mail: florio.sa@tiscalinet.it,            
Vittorio Emanuele Salvatori,Werkstattmeister LKWGeschäftsführer,Telefon: +39 (335) 454262,Mobil: +39 (335) 454262,Fax: -,E-Mail: florio.sa@tiscali.it,            





SERVIZI INDUSTRIALI S.N.C. DI M. CORONA,Servicepartner,"Viale Monastir km. 4. 425, 09122 Cagliari, Italien, , ",+39 (070)53 21 39,+39 (070) 53 21 39,servizindustriali@tiscali.it,,yes,yes,yes,,,,,,,,,,,,,,,,,,,,,,
Mario Corona,Pannenmonteur LKWPannenmonteur BUSGeschäftsführer,Telefon: +39 (334) 3994009,Mobil: +39 (334) 3994009,Fax: +39 (070) 53 21 39,E-Mail: servizindustriali@tiscali.it,            





STAR DIESEL 2001 S.R.L.,Servicepartner,"Via Ignazio Silone 13, 60035 Jesi (AN), Italien, , ",+39 (0731)60 51 07,+39 (0731) 60 55 01,info@stardiesel2001.com,,yes,yes,yes,,,,,,,,,,,,,,,,,,,,,,
Paolo Cimarelli,MA Ersatzteilverkauf BUSMA Ersatzteilverkauf LKW,Telefon: +39 (0731) 605107,Mobil: -,Fax: +39 (0731) 605501,E-Mail: paolo@stardiesel2001.com,            
Fabio Morbidelli,MA Innendienst LKWMA Innendienst BUS,Telefon: +39 (335) 5492631,Mobil: +39 (335) 7092333,Fax: +39 (0731) 605501,E-Mail: info@stardiesel2001.com,            





SUMMANO VEICOLI INDUSTRIALI S.R.L.,Servicepartner,"Via Summano; 50, 36010 Zané (VI), Italien, , ",+39 (0445)314056,+39 (0445) 319433,info@summano.it,,yes,yes,yes,,,yes,,,,,,,,,,,,,,,,,,,
Antonio Dalle Carbonare,GeschäftsführerVerkäufer LKW,Telefon: +39(0445)314056,Mobil: -,Fax: -,E-Mail: antonio@summano.it,            





TECNOIDRO S.R.L.,Servicepartner,"via Bellino 79, 88100 Catanzaro Lido (CZ), Italien, , ",+39 (0961)71 93 10,+39 (0961) 71 91 36,info@technobus.it,http://www.technobus.it,yes,yes,yes,,,,,,,,,,,,,,,,,,,,,,





TIRRENIA TRUCKS S.R.L.,Servicepartner,"Via Baldanzese 126, 50041 Calenzano, Italien, , ",+39 (0586) 944111,+39 (0586) 944112,info@tirrenia-trucks.it,http://www.tirrenia-trucks.it,,,,,,yes,,yes,,,,,,,,,,,,,,,,,





TREZZO DIESEL S.R.L.,Servicepartner,"Liguria 1, 24041 Brembate (BG), Italien, , ",+39 (02) 90981134,+39 (02) 90967156,info@trezzodiesel.it,,yes,no,yes,,,,,,,,,,,,,,,,,,,,,,





TRUCK & BUS CENTER GMBH - SRL,Servicepartner,"Zona Artigianale; 3, 39040 Varna (BZ), Italien, , ",+39 (0472) 83 41 44,+39 (0472) 83 49 36,truck@truck-buscenter.it,http://www.truck-buscenter.it,yes,yes,yes,,,,,,,,,,,,,,,,,,,,,,





TRUCK 12 S.R.L.,Servicepartner,"Via Caduti di Navicello, 12, 41030 Bomporto, Italien, , ",+39 (0522) 342038,+39 (0522) 342041,ufficio@ufficio@truck12.it,http://www.truck12.it,,,,,,yes,,yes,,,,,,,,,,,,,,,,,





TRUCK 33 S.R.L.,Servicepartner,"via Giuseppe Sapeto, 26, 87036 Rende, Italien, , ",+39 (0984) 838341,+39 (0984) 838341,truck33srl@gmail.com,,,,,,,yes,,yes,,,,,,,,,,,,,,,,,





TRUCK ASSISTANCE UNIPERSONALE S.R.L.,Servicepartner,"Contrada Montedoro, 62010 Urbisaglia (MC), Italien, , ",+39 (0733)506824,,info@truckassistance.it,,yes,yes,yes,,,,,,,,,,,,,,,,,,,,,,
Arturo Pucciarelli,Pannenmonteur LKWPannenmonteur BUS,Telefon: +39 (0733) 506876,Mobil: +39 (329) 7680071,Fax: -,E-Mail: claudio.pucciarelli@truckassistance.it,            
Vasyl Hudz ,,Telefon: +39 (335) 1265682,Mobil: +39 (335) 1265682,Fax: -,E-Mail: info@truckassistance.it,            
Stefano 24H Vissani,,Telefon: +39 (335) 1265681,Mobil: +39 (335) 1265681,Fax: -,E-Mail: info@truckassistance.it,            
Claudio Pucciarelli,,Telefon: + 39 (335) 7717125,Mobil: + 39 (335) 7717125,Fax: -,E-Mail: claudio.pucciarelli@truckassistance.it,            





TRUCK FLORENCE S.R.L.,Servicepartner,"Via V. Emanuele II; 25, 50041 Calenzano (FI), Italien, , ",+39 (055) 88 74 554,,Man-24h@truckflorence.eu,,yes,yes,yes,,,,,,,,,,,,,,,,,,,,,,
Giulia Casati,MA Verkauf LKW,Telefon: +39 (055) 8873613,Mobil: -,Fax: -,E-Mail: giulia.casati@truckflorence.it,            
2. Kontakt Casati Giuseppe,Geschäftsführer,Telefon: +39 (055) 8874554,Mobil: +39 (335) 6120922,Fax: -,E-Mail: giuseppe.casati@truckflorence.it,            





TRUCK SERVICE S.R.L.,Servicepartner,"via Baldanzese, 124, 50041 Calenzano, Italien, , ",+39 (055) 8876292,+39 (055) 8878073,info@truck-service.it,http://www.truck-service.it/,yes,yes,yes,,,,,,,,,,,,,,,,,,,,,,





TRUCK SERVICE S.R.L. FILIALE DI LIVORNO,Servicepartner,"via Piemonte, s.n., 57017 Collesalvetti, Italien, , ",+39(0586)944111,+39(0586)944112,info@truck-service.it,http://www.truck-service.it/,yes,yes,yes,,,,,,,,,,,,,,,,,,,,,,





UMBRA CAR S.R.L.,Servicepartner,"Via Tiberina; 25, 06089 Pontenuovo di Torgiano (PG), Italien, , ",+39 (075)98 21 90,+39 (075) 98 25 93,amministrazione@umbracar.it,,yes,no,yes,,,,,,,,,,,,,,,,,,,,,,
Fabrizio Mariotti,Verkäufer LKW,Telefon: +39 (335) 6492208,Mobil: +39 (335) 6492208,Fax: +39 (075) 982593,E-Mail: umbracar24h@gmail.com,            





UMBRA CAR SERVICE S.R.L.,Servicepartner,"Via Leo Valiani, 52025 Bucine (AR), Italien, , ",+39 (055) 9180175,+39 (055) 9180175,umbracarservice@libero.it,,yes,no,yes,,,,,,,,,,,,,,,,,,,,,,





ZANONI S.R.L. (BRESCIA),Servicepartner,"Via Sandro Pertini, 16/A-B, 25014 Castenedolo, Italien, , ",+39 (030) 2040049,,accettazione.bs@zanoni-man.it,,yes,no,yes,,,,,,,,,,,,,,,,,,,,,,





ZANONI S.R.L.,Servicepartner,"via Casaloldo; 3, 46042 Castel Goffredo (MN), Italien, , ",+39 (0376)770382,,accettazione.cg@zanoni-man.it,http://www.zanoni-man.it,yes,no,yes,,,yes,,yes,,,,,,,,,,,,,,,,,
Claudio Contratti,Werkstattmeister LKW,Telefon: +39 (334) 7996522,Mobil: -,Fax: -,E-Mail: claudio.contratti@zanoni-man.it,            
Marco Zanoni,Leiter After SalesGeschäftsführer,Telefon: +39 (0376) 770382,Mobil: +39 (335) 6058411,Fax: -,E-Mail: marco.zanoni@zanoni-man.it,            
Francesco Zanoni,Geschäftsführer,Telefon: +39 (0376)770382,Mobil: +39 (335) 5213264,Fax: -,E-Mail: francesco.zanoni@zanoni-man.it,            





