﻿Company Name,Service Partner,Address,Phone Number,Fax,Email,Website,LKW-Service,Bus-Service,MAN Van-Service,Schiffsmotoren-Service,Industriemotoren-Service,LKW-Verkauf,Bus-Verkauf,MAN Van-Verkauf,Schiffsmotoren-Verkauf,Industriemotoren-Verkauf,LKW-MAN_TopUsed,Bus-MAN_TopUsed,MAN Van-MAN_TopUsed,Schiffsmotoren-MAN_TopUsed,Industriemotoren-MAN_TopUsed,LKW-BusTopService,Bus-BusTopService,MAN Van-BusTopService,Schiffsmotoren-BusTopService,Industriemotoren-BusTopService,LKW-eMobility,Bus-eMobility,MAN Van-eMobility,Schiffsmotoren-eMobility,Industriemotoren-eMobility
MAN TRUCK AND BUS CENTER SANA'A,Servicepartner,"7 July Street Ext. of Shumaila To Alhutheily zone, 3065 Sana'a, Republic of Yemen, Jemen, , ",+967(1)613662,+967(1)613864,s.harmal@alhutheilymotors.com,,yes,no,no,yes,yes,yes,,,,yes,,,,,,,,,,,,,,,
Friedel Gevers,Leiter Verkauf LKW,Telefon: +971(4)2779380,Mobil: +971(5)24463236,Fax: +971(4)2779381,E-Mail: friedel.gevers@alhutheily.com,            
Sultan A Naji,Leiter After Sales,Telefon: +967(1)613662,Mobil: +967(7)17000799,Fax: +967(1)613864,E-Mail: s.harmal@alhutheilymotors.com,            
Mukhtar Alhutheily,Leiter Teile und Zubehör,Telefon: +967(1)613662,Mobil: +967(7)77205163,Fax: +967(1)613864,E-Mail: mkalhutheily@alhutheilymotors.com,            





