﻿Company Name,Service Partner,Address,Phone Number,Fax,Email,Website,LKW-Service,Bus-Service,MAN Van-Service,Schiffsmotoren-Service,Industriemotoren-Service,LKW-Verkauf,Bus-Verkauf,MAN Van-Verkauf,Schiffsmotoren-Verkauf,Industriemotoren-Verkauf,LKW-MAN_TopUsed,Bus-MAN_TopUsed,MAN Van-MAN_TopUsed,Schiffsmotoren-MAN_TopUsed,Industriemotoren-MAN_TopUsed,LKW-BusTopService,Bus-BusTopService,MAN Van-BusTopService,Schiffsmotoren-BusTopService,Industriemotoren-BusTopService,LKW-eMobility,Bus-eMobility,MAN Van-eMobility,Schiffsmotoren-eMobility,Industriemotoren-eMobility
INTEGRATED AUTOMOTIVE,Servicepartner,"Alsalam Street, 1184 Amman, Jordanien, , ",+962(0)65728400,+962(0)65728700,iatallah@ia-jordan.com,http://www.ia-jordan.com,yes,yes,no,,,yes,yes,,,,,,,,,,,,,,,,,,
Issa Atallah,Leiter After Sales,Telefon: +962(6)5728400,Mobil: +962(7)99877629,Fax: +962(6)5728700,E-Mail: iatallah@ia-jordan.com,            
Ala'a Salem,Ersatzteilverkauf,Telefon: +962(6)5728400,Mobil: -,Fax: +962(6)5728700,E-Mail: asalem@ia-jordan.com,            





