﻿Company Name,Service Partner,Address,Phone Number,Fax,Email,Website,LKW-Service,Bus-Service,MAN Van-Service,Schiffsmotoren-Service,Industriemotoren-Service,LKW-Verkauf,Bus-Verkauf,MAN Van-Verkauf,Schiffsmotoren-Verkauf,Industriemotoren-Verkauf,LKW-MAN_TopUsed,Bus-MAN_TopUsed,MAN Van-MAN_TopUsed,Schiffsmotoren-MAN_TopUsed,Industriemotoren-MAN_TopUsed,LKW-BusTopService,Bus-BusTopService,MAN Van-BusTopService,Schiffsmotoren-BusTopService,Industriemotoren-BusTopService,LKW-eMobility,Bus-eMobility,MAN Van-eMobility,Schiffsmotoren-eMobility,Industriemotoren-eMobility
"MAN V. I. IMPORTADOR CANARIAS, S.L. (TENERIFE)",Servicepartner,"Polígono Industrial de Güimar, Manzana F, Parcela 1-20, 38509 P.I. Valle de Güimar - Tenerife, Kanarische Inseln, , ",+34 (922) 539 693,+34(922)539699,info@mancanarias.com,http://www.mancanarias.com,yes,yes,no,,,yes,yes,,,,,,,,,,,,,,,,,,





