﻿Company Name,Service Partner,Address,Phone Number,Fax,Email,Website,LKW-Service,Bus-Service,MAN Van-Service,Schiffsmotoren-Service,Industriemotoren-Service,LKW-Verkauf,Bus-Verkauf,MAN Van-Verkauf,Schiffsmotoren-Verkauf,Industriemotoren-Verkauf,LKW-MAN_TopUsed,Bus-MAN_TopUsed,MAN Van-MAN_TopUsed,Schiffsmotoren-MAN_TopUsed,Industriemotoren-MAN_TopUsed,LKW-BusTopService,Bus-BusTopService,MAN Van-BusTopService,Schiffsmotoren-BusTopService,Industriemotoren-BusTopService,LKW-eMobility,Bus-eMobility,MAN Van-eMobility,Schiffsmotoren-eMobility,Industriemotoren-eMobility
CBC TRANS LLP,Servicepartner,"Maylina street, 85, 050054 Almaty, Kasachstan, , ",+8 (727) 3 122 124,+8 (727) 3 122 124,info@man-mtb.kz,http://man-mtb.kz/,yes,no,no,,,yes,,,,,,,,,,,,,,,,,,,
Samat Ryspayev,Kundenbetreuer,Telefon: +8 (727) 3 122 123,Mobil: +7 (777) 355 8482,Fax: -,E-Mail: ryspayev.samat@cbc-group.kz,            
Nurlan Bayekenov,,Telefon: +7 (777) 005 7399,Mobil: +7 (777) 005 7399,Fax: -,E-Mail: bayekenov.nurlan@cbc-group.kz,            





EVROTEHSERVIS K,Servicepartner,"Startovy pereulok, stroenie 62, 100020 Karaganda, Kasachstan, , ",+7 (7212) 40 38 60,,info@man-service.kz,http://www.ets-k.kz,yes,yes,no,,,,,,,,,,,,,,,,,,,,,,





