﻿Company Name,Service Partner,Address,Phone Number,Fax,Email,Website,LKW-Service,Bus-Service,MAN Van-Service,Schiffsmotoren-Service,Industriemotoren-Service,LKW-Verkauf,Bus-Verkauf,MAN Van-Verkauf,Schiffsmotoren-Verkauf,Industriemotoren-Verkauf,LKW-MAN_TopUsed,Bus-MAN_TopUsed,MAN Van-MAN_TopUsed,Schiffsmotoren-MAN_TopUsed,Industriemotoren-MAN_TopUsed,LKW-BusTopService,Bus-BusTopService,MAN Van-BusTopService,Schiffsmotoren-BusTopService,Industriemotoren-BusTopService,LKW-eMobility,Bus-eMobility,MAN Van-eMobility,Schiffsmotoren-eMobility,Industriemotoren-eMobility
QATAR INTERNATIONAL AUTOMOBILES (QATAR),Servicepartner,"Industrial Area, Street No. 2, Opposite Police Workshop, PO BOX 8155, N/A Doha, Katar, , ",+974(44)503930-31,+974(44)503835,man_service_qatar@manqatar.com,http://www.qia-manqatar.com/en/index.html,yes,yes,no,,,yes,yes,,,,,,,,,,,,,,,,,,
Majdi Issa,Kundenbetreuer BusKundenbetreuer,Telefon: +974(44)503830,Mobil: +974(55)748504,Fax: +974(44)503835,E-Mail: majdi.i@manqatar.com,            
Iyad Jaradat,Leiter After Sales,Telefon: +974(44)503930,Mobil: +974(66)765498,Fax: +974(44)503835,E-Mail: iyad.jaradat@manqatar.com,            
Essam Helmy,Leiter Teile und Zubehör,Telefon: +974(44)503830,Mobil: +974(66)235927,Fax: +974(44)503835,E-Mail: essam.h@manqatar.com,            
Mohammed Iliyas Khan Mohammed Anees ,Leiter Werkstatt,Telefon: +974(44)503830,Mobil: +974(44)55098171,Fax: +974(66)602358,E-Mail: anees.m@manqatar.com,            





