﻿Company Name,Service Partner,Address,Phone Number,Fax,Email,Website,LKW-Service,Bus-Service,MAN Van-Service,Schiffsmotoren-Service,Industriemotoren-Service,LKW-Verkauf,Bus-Verkauf,MAN Van-Verkauf,Schiffsmotoren-Verkauf,Industriemotoren-Verkauf,LKW-MAN_TopUsed,Bus-MAN_TopUsed,MAN Van-MAN_TopUsed,Schiffsmotoren-MAN_TopUsed,Industriemotoren-MAN_TopUsed,LKW-BusTopService,Bus-BusTopService,MAN Van-BusTopService,Schiffsmotoren-BusTopService,Industriemotoren-BusTopService,LKW-eMobility,Bus-eMobility,MAN Van-eMobility,Schiffsmotoren-eMobility,Industriemotoren-eMobility
BIA RDC S.A.,Servicepartner      Verkaufsstandort des Händlers -Equipment et Service BIA-,"Avenue Hewa Bora 17, Quartier industriel, BP 1000 Lubumbashi, Kongo, Dem. Rep., , ",+243(8)48443000,,info.rdc@biagroup.com,,yes,no,no,,,yes,,,,,,,,,,,,,,,,,,,





