﻿Company Name,Service Partner,Address,Phone Number,Fax,Email,Website,LKW-Service,Bus-Service,MAN Van-Service,Schiffsmotoren-Service,Industriemotoren-Service,LKW-Verkauf,Bus-Verkauf,MAN Van-Verkauf,Schiffsmotoren-Verkauf,Industriemotoren-Verkauf,LKW-MAN_TopUsed,Bus-MAN_TopUsed,MAN Van-MAN_TopUsed,Schiffsmotoren-MAN_TopUsed,Industriemotoren-MAN_TopUsed,LKW-BusTopService,Bus-BusTopService,MAN Van-BusTopService,Schiffsmotoren-BusTopService,Industriemotoren-BusTopService,LKW-eMobility,Bus-eMobility,MAN Van-eMobility,Schiffsmotoren-eMobility,Industriemotoren-eMobility
AUTO HRVATSKA PSC KARLOVAC,Servicepartner,"Zagrebačka 15a, 47000 Karlovac, Kroatien, , ",+385 (47) 60 96 01,+385 (0) 47 65 45 89,ahpsckarlovac.servis@autohrvatska.hr,,yes,yes,no,,,yes,,,,,yes,,,,,,,,,,,,,,
Zoran Radusinović,Kundenbetreuer,Telefon: +385 (0) 47 609 611,Mobil: +385 (0) 98 983 6659,Fax: +385 (0) 47 654 589 ,E-Mail: zradusinovic@autohrvatska.hr,            
Vlado Prpić,Werkstattmeister LKW,Telefon: +385 (0) 47 609 609,Mobil: -,Fax: +385 (0) 47 654 589,E-Mail: -,            
Nikola Škrtić,MA Ersatzteilverkauf LKW,Telefon: +385 (0) 47 654 590,Mobil: -,Fax: +385 (0) 47 654 589,E-Mail: nskrtic@autohrvatska.hr,            
Mario Mikuc,MA Ersatzteilverkauf LKW,Telefon: +385 (0) 47 654 590,Mobil: -,Fax: +385 (0) 47 654 589,E-Mail: mmikuc@autohrvatska.hr,            
Krunoslav Lorković,Verkäufer LKWVerkäufer MAN TopUsed,Telefon: +385 (0) 47 609 605,Mobil: +385 (0) 98 297 845,Fax: +385 (0) 47 654 589,E-Mail: klorkovic@autohrvatska.hr,            
Tomislav Miletić,Leiter WerkstattMA Reparaturannahme LKW,Telefon: +385 (0) 47 609 606,Mobil: +385 (0) 98 1817 102,Fax: +385 (0) 47 654 589,E-Mail: tmiletic@autohrvatska.hr,            
Marija Pavlović,Kalkulator,Telefon: +385 (0) 47 609 601,Mobil: -,Fax: +385 (0) 47 654 589,E-Mail: marija.pavlovic@autohrvatska.hr,            
Mitarbeiter Pannedienst,,Telefon: +385 (98) 408 432,Mobil: +385 (98) 408 432,Fax: -,E-Mail: ahpsckarlovac.servis@autohrvatska.hr,            
Planinac Mladen,Elektriker LKWGeschäftsführer,Telefon: +385 (0) 47 609 600,Mobil: -,Fax: -,E-Mail: dvucetic@autohrvatska.hr,            
Goršćak Bruno,Ersatzteilverkauf,Telefon: +385 (0) 47 609 606,Mobil: -,Fax: -,E-Mail: bruno.gorscak@autohrvatska.hr,            
Horvat Marko,Auftragszentrum Service,Telefon: +385 (0) 47 609 611,Mobil: -,Fax: -,E-Mail: marko.horvat@autohrvatska.hr,            





AUTO HRVATSKA PSC OSIJEK,Servicepartner,"Sv.Leopolda Bogdana Mandića 31e, 31000 Osijek, Kroatien, , ",+385 (31) 63 67 73,+385 (31) 53 12 87,ahpscosijek.servis@autohrvatska.hr,http://www.man.hr,yes,yes,no,,,yes,,,,,yes,,,,,,,,,,,,,,
Mitarbeiter Pannendienst,Pannenmonteur LKWPannenmonteur BUS,Telefon: +385 (98) 22 80 156,Mobil: +385 (98) 22 80 156,Fax: -,E-Mail: ahpscosijek.servis@autohrvatska.hr,            
Goran Cindrić,Centerleiter,Telefon: +385 (31) 531 286,Mobil: +385 (98) 98 29 015 ,Fax: +385 (31) 531 287  ,E-Mail: goran.cindric@autohrvatska.hr,            
Marija Koenig Vidaković,MA Buchhaltung LKWMA Buchhaltung BUS,Telefon: +385 (31) 636 779,Mobil: -,Fax: +385 (31) 531 287,E-Mail: mkonig@autohrvatska.hr,            
Damir Lipar,MA Ersatzteilverkauf BUSMA Ersatzteilverkauf LKW,Telefon: +385 (31) 226 202,Mobil: -,Fax: +385 (31) 226 203,E-Mail: dlipar@autohrvatska.hr,            
Sven Miščević,Leiter After SalesMA Reparaturannahme LKWMA Reparaturannahme BUS,Telefon: +385 (31) 226 206,Mobil: +385 (99) 22 80 156,Fax: +385 (31) 531 287,E-Mail: smiscevic@autohrvatska.hr,            
Goran Dragojević,Verkäufer LKWVerkäufer BUS,Telefon: +385 (31) 531 288,Mobil: +385 (0) 99 663 630,Fax: +385 (31) 531 287,E-Mail: gdragojevic@autohrvatska.hr,            
Dario Ćeć,MA Ersatzteilverkauf LKWMA Ersatzteilverkauf BUS,Telefon: +385 (31) 226 202,Mobil: +385 (99) 21 17 475 ,Fax: +385 (31) 226 203,E-Mail: dcec@autohrvatska.hr,            
Marko Zakšek,MA Ersatzteilverkauf BUSMA Ersatzteilverkauf LKW,Telefon: +385 (31) 226 202,Mobil: -,Fax: +385 (31) 226 203,E-Mail: mzaksek@autohrvatska.hr,            
Goran Kovačević,Leiter Verkauf DienstleistungenKundenbetreuerKundenbetreuer Bus,Telefon: +385 (35) 638 650,Mobil: -,Fax: -,E-Mail: Goran.Kovacevic2@autohrvatska.hr,            
Igor Vuković,Ersatzteilverkauf,Telefon: +385 (0) 35 638 651,Mobil: -,Fax: +385 (0) 35 250 458,E-Mail: igor.vukovic@autohrvatska.hr,            
Mišo Horvat,Ersatzteilverkauf,Telefon: +385 (0) 35 250 455,Mobil: -,Fax: +385 (0) 35 250 458,E-Mail: miso.horvat@autohrvatska.hr,            
Antoni Mikulić,Ersatzteilverkauf,Telefon: +385 (0) 31 636 774,Mobil: -,Fax: +385 (0) 31 226 203,E-Mail: antoni.mikulic@autohrvatska.hr,            





AUTO HRVATSKA PSC PAZIN,Servicepartner,"Naselje Lovrin, Rogovići 82 D, 52000 Pazin, Kroatien, , ",+385 (52) 68 82 76,+385 (52) 68 80 74,ahpscpazin.servis@autohrvatska.hr,,yes,yes,no,,,yes,,,,,yes,,,,,,,,,,,,,,
Bojan Juretić,MA Ersatzteilverkauf LKWMA Ersatzteilverkauf BUS,Telefon: +385 (0)52 688 277,Mobil: -,Fax: +385 (0)52 688 274,E-Mail: bjuretic@autohrvatska.hr,            
Zdravko Bilić,MA Ersatzteilverkauf BUSMA Ersatzteilverkauf LKW,Telefon: +385 (0)52 688 274,Mobil: -,Fax: +385 (0)52 688 074,E-Mail: zbilic@autohrvatska.hr,            
Ljiljana Jelovac-Levak,MA Buchhaltung LKW,Telefon: +385 (0)52 688 276,Mobil: -,Fax: +385 (0)52 688 074,E-Mail: ljiljana.jelovaclevak@autohrvatska.hr,            
Mitarbeiter Pannedienst,,Telefon: +385 (0)52 688 239,Mobil: +385 (0)99 256 4012,Fax: +385 (0)52 688 074,E-Mail: ahpscpazin.servis@autohrvatska.hr,            
Andrea Rigo,Kundenbetreuer BusKundenbetreuer,Telefon: +385 (0)52 688 257,Mobil: -,Fax: +385 (0)52 688 074,E-Mail: -,            
Kristijan Koroman,Leiter Werkstatt,Telefon: +385 (0) 52 688 257,Mobil: +385 (0) 99 2630 147,Fax: -,E-Mail: kristijan.koroman@autohrvatska.hr,            
Andi Flegar,Verkäufer LKWVerkäufer MAN TopUsed,Telefon: +385 (0) 51 506 557,Mobil: +385 (0) 99 2442 184,Fax: -,E-Mail: Andi.Flegar@autohrvatska.hr,            





AUTO HRVATSKA PSC RIJEKA,Servicepartner,"Bujanovo 8, 51219 Čavle, Kroatien, , ",+ 385 (51) 50 65 55,+385 (0)51 50 65 56,ahpscrijeka.servis@autohrvatska.hr,http://www.man.hr,yes,yes,no,,,yes,,,,,yes,,,,,,,,,,,,,,
Luka Stradiot,MA Reparaturannahme LKWMA Reparaturannahme BUS,Telefon: +385 (0)51 50 65 30,Mobil: +385 (0)51 66 33 610,Fax: +385 (0)51 50 65 56,E-Mail: lstradiot@autohrvatska.hr,            
Mitarbeiter Pannedienst,,Telefon: +385 (0)98 98 34 726,Mobil: +385 (0)98 98 34 726,Fax: -,E-Mail: ahpscrijeka.servis@autohrvatska.hr,            
Ivan Francetic,Auftragszentrum ServiceAuftragszentrum Verkauf,Telefon: +385 (51) 506 532,Mobil: -,Fax: +385 (0) 51 506 556,E-Mail: Ivan.Francetic@autohrvatska.hr,            
Željka Žeželić,MA Buchhaltung LKW,Telefon: +385 (0)51 506 555,Mobil: -,Fax: +385 (0)51 506 552,E-Mail: zzezelic@autohrvatska.hr,            
Vedran Valentić,Leiter Werkstatt,Telefon: +385 (0)51 50 65 30,Mobil: +385 (0) 98 9834 726,Fax: +385 (0)51 506 556,E-Mail: vvalentic@autohrvatska.hr,            
Hrvoje Iveljić,Verkäufer LKWVerkäufer MAN TopUsed,Telefon: +385 (0)51 506 557,Mobil: +385 (0)91 2656 500,Fax: +385 (0)51 506 556,E-Mail: hiveljic@autohrvatska.hr,            
Darijan Rupčić,Verkäufer After Sales BUSVerkäufer After Sales LKW,Telefon: + 385 (0) 51 506 540,Mobil: -,Fax: +385 (0) 51 506 556,E-Mail: darijan.rupcic@autohrvatska.hr,            
Andi Flegar,Verkäufer MAN TopUsedVerkäufer LKW,Telefon: +385 (0) 51 506 557,Mobil: +385 (0) 99 2442 184,Fax: -,E-Mail: Andi.Flegar@autohrvatska.hr,            
Ana Čargonja,Auftragszentrum VerkaufAuftragszentrum Service,Telefon: +385 (0) 51 506 533,Mobil: -,Fax: -,E-Mail: Ana.Cargonja@autohrvatska.hr,            





AUTO HRVATSKA PSC SPLIT,Servicepartner,"Dugopoljska 2, 21204 Dugopolje, Kroatien, , ",+385 (21) 66 84 70,+385 (21) 66 84 91,ahpscsplit.servis@autohrvatska.hr,http://www.man.hr,yes,yes,no,,,yes,,,,,yes,,,,,,,,,,,,,,
Mitarbeiter Panendienst,Pannenmonteur BUSPannenmonteur LKW,Telefon: +385 (98) 30 42 37,Mobil: +385 (98) 30 42 37,Fax: -,E-Mail: ahpscsplit.servis@autohrvatska.hr,            
Goran Goreta,GarantieabwicklerCenterleiter,Telefon: +385 (21) 668 473,Mobil: +385 (98) 98 36 649,Fax: +385 (21) 668 471,E-Mail: ggoreta@autohrvatska.hr,            
Ozana Bezic,MA Buchhaltung LKW,Telefon: +385 (21) 66 84 92,Mobil: -,Fax: -,E-Mail: obezic@autohrvatska.hr,            
Jadran Kokeza,MA Ersatzteilverkauf LKWMA Ersatzteilverkauf BUS,Telefon: +385 (21) 668 490,Mobil: -,Fax: +385 (21) 668 491,E-Mail: jkokeza@utohrvatska.hr,            
Ante Baturina,Werkstattmeister LKWWerkstattmeister BUS,Telefon: +385 (21) 668 482,Mobil: -,Fax: +385 (21) 668 491,E-Mail: man.st@autohrvatska.hr,            
Ivana Kličinović,MA Buchhaltung LKW,Telefon: +385 (21) 668 470,Mobil: -,Fax: +385 (21) 668 471,E-Mail: iklicinovic@autohrvatska.hr,            
Tomislav Polić,Leiter Verkauf Dienstleistungen,Telefon: +385 (21) 668 480,Mobil: +385 (98) 30 42 37,Fax: +385 (21) 668 491,E-Mail: tpolic@autohrvatska.hr,            
Franjo Jakobljević,MA Ersatzteilverkauf BUSLeiter Teile und ZubehörMA Ersatzteilverkauf LKW,Telefon: +385 (21) 668 494,Mobil: -,Fax: +385 (21) 668 491,E-Mail: fjakobljevic@autohrvatska.hr,            
Ivica Dinarina Šimić,Verkäufer LKW,Telefon: +385 (21) 668 478,Mobil: -,Fax: +385 (21) 668 471,E-Mail: idinarina@autohrvatska.hr,            
Pavlović Marijo,MA Buchhaltung LKW,Telefon: +385 (0) 21 688 472,Mobil: -,Fax: -,E-Mail: marijo.pavlovic@autohrvatska.hr,            
Ante Džaja,Verkäufer LKWVerkäufer MAN TopUsed,Telefon: +385 (0) 91 4041 016,Mobil: +385 (0) 91 4041 016,Fax: -,E-Mail: Ante.Dzaja@autohrvatska.hr,            
Branimir Skušić,Leiter Werkstatt,Telefon: +385 (0) 21 668 482,Mobil: +385 (0) 99 3978 724,Fax: -,E-Mail: Branimir.Skusic@autohrvatska.hr,            





AUTO HRVATSKA PSC VARAŽDIN,Servicepartner,"Mavra Schlengera 13, 42204 Turčin, Kroatien, , ",+385 (42) 66 00 25,+385 (42) 66 00 02,ahpscvarazdin.servis@autohrvatska.hr,http://www.man.hr,yes,yes,no,,,yes,,,,,yes,,,,,,,,,,,,,,
Mitarbeiter Panendienst,Pannenmonteur LKWPannenmonteur BUS,Telefon: +385 (99) 263 0146,Mobil: +385 (99) 23 43 307,Fax: -,E-Mail: ahpscvarazdin.servis@autohrvatska.hr,            
Vitomir Varga,Verkäufer Gebrauchtwagen LKWCenterleiter,Telefon: +385 (42) 660 020,Mobil: +385 (99) 63 36 29,Fax: +385 (42) 660 003,E-Mail: vvarga@autohrvatska.hr,            
Zvonimir Benjak,Auftragszentrum Service,Telefon: +385 (0) 42 660 022,Mobil: +385 (0) 99 2630 146,Fax: -,E-Mail: zvonimir.benjak@autohrvatska.hr,            
Mario Furdi,MA Ersatzteilverkauf BUSMA Ersatzteilverkauf LKW,Telefon: +385 (42) 660 021,Mobil: -,Fax: +385 (42) 660 003,E-Mail: mfurdi@utohrvatska.hr,            
Tea Čalopa,Kalkulator,Telefon: +385 (42) 66 00 00,Mobil: -,Fax: -,E-Mail: tea.calopa@autohrvatska.hr,            
Robert Košutar,MA Reparaturannahme BUSMA Reparaturannahme LKW,Telefon: +385 (42) 660 010,Mobil: -,Fax: -,E-Mail: robert.kosutar@autohrvatska.hr,            
Josip Cikač,Werkstattmeister LKWWerkstattmeister BUS,Telefon: +385 (42) 660 004,Mobil: -,Fax: +385 (42) 660 003,E-Mail: man.vz@autohrvatska.hr,            
Lacković Josip,Leiter Werkstatt,Telefon: +385 (0) 42 660 029,Mobil: +385 (0) 99 3073 796,Fax: +385 (0) 42 660 003,E-Mail: Josip.Lackovic@autohrvatska.hr,            
Damir Šantek,Verkäufer LKWVerkäufer MAN TopUsed,Telefon: +385 (0) 42 660 020,Mobil: +385 (0) 99 2679 363,Fax: +385 (0) 42 660 003,E-Mail: Damir.Santek@autohrvatska.hr,            





AUTO HRVATSKA PSC ZADAR,Servicepartner,"Franka Lisice 85, 23000 Zadar, Kroatien, , ",+385 (23) 34 48 51,+385 (23) 34 48 44,ahpsczadar.servis@autohrvatska.hr,http://www.man.hr,yes,yes,no,,,yes,,,,,yes,,,,,,,,,,,,,,
Marko Brzoja,Auftragszentrum Service,Telefon: +385 (23) 344 855,Mobil: -,Fax: +385 (23) 344 844,E-Mail: Marko.Brzoja@autohrvatska.hr,            
Ante Pojed,Werkstattmeister BUSWerkstattmeister LKW,Telefon: +385 (23) 344 850,Mobil: -,Fax: +385 (23) 344 844,E-Mail: man.zd@autohrvatska.hr,            
Marin Badurina,Leiter Teile und ZubehörErsatzteilverkauf,Telefon: +385 (23) 344 851,Mobil: -,Fax: +385 (23) 344 844,E-Mail: mbadurina@autohrvatska.hr,            
Marija Mrvičić,MA Buchhaltung LKW,Telefon: +385 (23) 344 840,Mobil: -,Fax: +385 (23) 344 844,E-Mail: mmrvicic@autohrvatska.hr,            
Tomislav Švorinić,MA Ersatzteilverkauf BUSMA Ersatzteilverkauf LKW,Telefon: +385 (23) 344 852,Mobil: -,Fax: +385 (23) 344 844,E-Mail: tsvorinic@autohrvatska.hr,            
Jurica Ušljebrka,MA Ersatzteilverkauf BUSMA Ersatzteilverkauf LKW,Telefon: +385 (23) 344 853,Mobil: -,Fax: +385 (23) 344 844,E-Mail: jusljebrka@autohrvatska.hr,            
Mobile24 Kontakt za podršku od 0-24h,Pannenmonteur BUSPannenmonteur LKW,Telefon: +385 (98) 30 73 03,Mobil: +385 (98) 30 73 03,Fax: -,E-Mail: -,            
Iveljić Mateo,Leiter Werkstatt,Telefon: +385 (0) 23 344 843,Mobil: +385 (0) 99 6524 881,Fax: +385 (0) 23 344 844,E-Mail: Mateo.Iveljic@autohrvatska.hr,            





AUTO HRVATSKA PSC ZAGREB,Servicepartner,"Zastavnice 25c, 10251 Hrvatski Leskovac, Kroatien, , ",+385 (1) 6167 738,+385 (1) 20 10 507,ahpsczagreb.servis@autohrvatska.hr,,yes,yes,no,,,yes,yes,,,,yes,yes,,,,,,,,,,,,,
Mitarbeiter Pannendienst,Pannenmonteur LKWPannenmonteur BUS,Telefon: +385 (98) 32 92 15,Mobil: +385 (98) 32 92 15,Fax: -,E-Mail: ahpsczagreb.servis@autohrvatska.hr,            
Oliver Voss,MA Reparaturannahme LKWMA Reparaturannahme BUS,Telefon: +385 (0) 1 2056 462,Mobil: +385 (0) 99 23 64 980,Fax: +385 (0) 1 2010 507,E-Mail: Oliver.Voss@autohrvatska.hr,            
Zoran Mak,Pannenmonteur BUSPannenmonteur LKW,Telefon: +385 (1) 2056 462,Mobil: -,Fax: +385 (1) 2010 507,E-Mail: man.psc@autohrvatska.hr,            
Ivica Peršin,Leiter Werkstatt,Telefon: +385 (1) 6396 361,Mobil: +385 (99) 66 33 641,Fax: +385 (1) 2010 507,E-Mail: ipersin@autohrvatska.hr,            
Daniel Vranješ,CenterleiterLeiter Teile und Zubehör,Telefon: +385 (1) 2056 461,Mobil: -,Fax: +385 (1) 2056 507,E-Mail: dvranjes@autohrvatska.hr,            
Gordana Nikolić,MA Buchhaltung LKW,Telefon: +385 (0) 1 6167 775,Mobil: -,Fax: +385 (1) 2056 507,E-Mail: gnikolic@autohrvatska.hr,            
Nino Ćurin,Ersatzteilverkauf,Telefon: +385 (1) 6167 735,Mobil: -,Fax: +385 (1) 6167 651,E-Mail: ncurin@autohrvatska.hr,            
Snježana Andjel,MA Ersatzteilverkauf LKWMA Ersatzteilverkauf BUS,Telefon: +385 (1) 6167 629,Mobil: -,Fax: +385 (1) 6167 651,E-Mail: sandjel@autohrvatska.hr,            
Nikica Vlahov,MA Ersatzteilverkauf BUSLeiter Teile und ZubehörMA Ersatzteilverkauf LKW,Telefon: +385 (1) 6167 565,Mobil: +385 (0) 98 476 016,Fax: +385 (1) 6167 651,E-Mail: nvlahov@autohrvatska.hr,            
Zvonimir Krajačević,MA Ersatzteilverkauf BUSMA Ersatzteilverkauf LKW,Telefon: +385 (1) 6167 644,Mobil: -,Fax: +385 (1) 6167 651,E-Mail: zkrajacevic@autohrvatska.hr,            
Dario Stjepić,Werkstattmitarbeiter BusWerkstattmitarbeiter LKW,Telefon: +385 (0) 1 6167 593,Mobil: +385 (0) 98 476 359,Fax: +385 (0) 1 2010 507,E-Mail: Dario.Stjepic@autohrvatska.hr,            
Marijo Badanjak,MA Ersatzteilverkauf LKW,Telefon: +385 (1) 6167 565,Mobil: +385 (98) 98 30 040,Fax: -,E-Mail: mbadanjak@autohrvatska.hr,            
Zoran Jović,MA Ersatzteilverkauf LKW,Telefon: +385 (1) 6167 565,Mobil: +385 (98) 408 425,Fax: -,E-Mail: zjovic@autohrvatska.hr,            
Ivan  Mudronja,Verkäufer LKWVerkäufer MAN TopUsed,Telefon: +385 (1) 65 54 622,Mobil: +385 (0) 98 408 427,Fax: +385 (0) 1 6554 893,E-Mail: imudronja@autohrvatska.hr,            
Krešimir Prskalo,Verkäufer MAN TopUsedVerkäufer LKW,Telefon: +385 (0) 1 6553 020,Mobil: +385 (0) 98 479 284,Fax: +385 (0) 1 6554 893,E-Mail: kprskalo@autohrvatska.hr,            
Tomislav Hudi,MA Reparaturannahme BUSVerkäufer After Sales LKW,Telefon: +385 (0) 1 6167 732,Mobil: +385 (0) 99 2563 974,Fax: +385 (0) 1 6167 563,E-Mail: Tomislav.Hudi@autohrvatska.hr,            
Hrvoje Vojvodić,MA Reparaturannahme BUSMA Reparaturannahme LKW,Telefon: +385 (0) 1 2056 462,Mobil: +385 (0) 99 6633 634,Fax: -,E-Mail: Hrvoje.Vojvodic@autohrvatska.hr,            
Monika Brigljević,MA Buchhaltung LKW,Telefon: +385 (0) 1 6167 704,Mobil: -,Fax: -,E-Mail: Monika.Brigljevic@autohrvatska.hr,            
Miodrag Perić,Leiter Verkauf DienstleistungenVerkäufer After Sales LKWVerkäufer After Sales BUS,Telefon: +385 (1) 20 56 462,Mobil: +385 (0) 99 2343 307,Fax: -,E-Mail: Miodrag.Peric@autohrvatska.hr,            
Mario Ogorelc,Ersatzteilverkauf,Telefon: +385 (0) 1 6396 360,Mobil: -,Fax: -,E-Mail: Mario.Ogorelc@autohrvatska.hr,            
Mario Jurković,Ersatzteilverkauf,Telefon: +385 (0) 1 61677 13,Mobil: +385 (0) 99 2364 941,Fax: -,E-Mail: Mario.Jurkovic@autohrvatska.hr,            
Danijel Hrček,Leiter Verkauf MAN TopUsedLeiter Verkauf LKW,Telefon: +385 (0) 1 6554 790,Mobil: -,Fax: +385 (0) 1 6167 745,E-Mail: danijel.hrcek@autohrvatska.hr,            
Dalibor Štemberger,Verkäufer LKW,Telefon: +385 (0) 1 6554 623,Mobil: +385 (0) 98 408 426,Fax: -,E-Mail: dalibor.stemberger@autohrvatska.hr,            
Igor Prka,Verkäufer MAN TopUsedVerkäufer LKW,Telefon: +385 (0) 1 6167 678,Mobil: +385 (0) 99 3076 816,Fax: +385 (0) 1 6554 893,E-Mail: Igor.Prka@autohrvatska.hr,            
Krešimir Maretić,Leiter Verkauf BUS,Telefon: +385 (0) 1 6167 528,Mobil: +385 (0) 98 430 104,Fax: +385 (0) 1 6167 522,E-Mail: kresimir.maretic@autohrvatska.hr,            
Hrvoje Glavaš,Leiter Verkauf BUS,Telefon: +385 (0) 1 6167 677,Mobil: +385 (0) 98 446 691,Fax: +385 (0) 1 6167 522,E-Mail: hrvoje.glavas@autohrvatska.hr,            





PETRINEC - MAN SERVIS,Servicepartner,"Svete Barbare 27, 44322 Lipovljani, Kroatien, , ",+385 (44)67 67 66,+385 (44) 67 61 48,man@sk.t-com.hr,,yes,yes,no,,,,,,,,,,,,,,,,,,,,,,
Mitarbeiter Pannendienst,Pannenmonteur BUSPannenmonteur LKW,Telefon: +385 (98) 43 05 53,Mobil: +385 (98) 43 05 53,Fax: -,E-Mail: man@sk.t-com.hr,            
Dinko Lipovac,Elektriker LKW,Telefon: +385 (44) 676 177,Mobil: -,Fax: +385 (44) 676 148,E-Mail: man@sk.t-com.hr,            
Manuelo Petrinec,Geschäftsführer,Telefon: +385 (44) 676 177,Mobil: -,Fax: +385 (44) 676 148,E-Mail: -,            
Stevo Oljača ,MA Ersatzteilverkauf LKWCenterleiter,Telefon: +385 (44) 676 766,Mobil: -,Fax: +385 (44) 676 148,E-Mail: man@sk.t-com.hr,            
Martina Barudžija,MA Ersatzteilverkauf LKW,Telefon: +385 (44) 676 766,Mobil: -,Fax: +385 (44) 676 148,E-Mail: man@sk.t-com.hr,            
Martina Kordaš,,Telefon: +385 (44) 676910,Mobil: -,Fax: -,E-Mail: man@sk.t-com.hr,            





