﻿Company Name,Service Partner,Address,Phone Number,Fax,Email,Website,LKW-Service,Bus-Service,MAN Van-Service,Schiffsmotoren-Service,Industriemotoren-Service,LKW-Verkauf,Bus-Verkauf,MAN Van-Verkauf,Schiffsmotoren-Verkauf,Industriemotoren-Verkauf,LKW-MAN_TopUsed,Bus-MAN_TopUsed,MAN Van-MAN_TopUsed,Schiffsmotoren-MAN_TopUsed,Industriemotoren-MAN_TopUsed,LKW-BusTopService,Bus-BusTopService,MAN Van-BusTopService,Schiffsmotoren-BusTopService,Industriemotoren-BusTopService,LKW-eMobility,Bus-eMobility,MAN Van-eMobility,Schiffsmotoren-eMobility,Industriemotoren-eMobility
AL AHLIA HEAVY VEHICLES SELLING & IMP. CO.,Servicepartner,"Street no.34, Marzouq Al-Rashid Al-Rashdaan St., Block no. 1, Building no. 1861, .Safat 13076 Kuwait, Kuwait, , ",+965 (2) 4770909,+965 (2) 4770947,humak@alghanim.net,http://www.man-kuwait.com,yes,yes,no,yes,yes,yes,yes,,yes,,,,,,,,,,,,,,,,
Adham Zeidan,Leiter After Sales,Telefon: +965 (2) 4770905,Mobil: +965 (60) 307947,Fax: +965 (2) 4770947,E-Mail: adham@ali-alghanim.net,            
Adham Zeidan,Leiter Verkauf Dienstleistungen,Telefon: +965 (2) 4770905,Mobil: +965 (60) 307947,Fax: +965 (2) 4770947,E-Mail: adham@ali-alghanim.net,            
Walid R.Yousef,Leiter Verkauf LKW,Telefon: +965 (2) 4770902,Mobil: +965 (66) 674657,Fax: +965 (2) 4770947,E-Mail: walid.yousef@ali-alghanim.net,            
Samir Edward,Leiter Verkauf LKWVerkäufer LKWVerkäufer BUS,Telefon: +965 (2) 4770902,Mobil: +965 (97) 712616,Fax: +965 (2) 4770947,E-Mail: samir.edward@ali-alghanim.net,            





AL AHLIA HEAVY VEHICLES SELLING & IMP. CO.,Servicepartner,"Street No.17, Khalifa Al Jasim Road, Safat 13076 Kuwait, Kuwait, , ",+965 (2) 4770909,+965 (2) 4770947,humak@ali-alghanim.net,http://www.man-kuwait.com,yes,yes,no,yes,yes,yes,yes,,yes,,,,,,,,,,,,,,,,
Adham Zeidan,Leiter After Sales,Telefon: +965 (2) 4770905,Mobil: +965 (6) 0307947,Fax: +965 (2) 4770947,E-Mail: adham@ali-alghanim.net,            
Adham Zeidan,Leiter Werkstatt,Telefon: +965 (2) 4770905,Mobil: +965 (60) 307947,Fax: +965 (2) 4770947,E-Mail: adham@ali-alghanim.net,            
Walid R.Yousef,Leiter Verkauf LKW,Telefon: +965 (2) 4770902,Mobil: +965 (66) 674657,Fax: +965 (2) 4770947,E-Mail: walid.yousef@ali-alghanim.net,            
Samir Edward,Verkäufer LKWVerkäufer BUSLeiter Verkauf LKW,Telefon: +965 (2) 4770902,Mobil: +965 (97) 712616,Fax: +965 (2) 4770947,E-Mail: samir.edward@ali-alghanim.net,            





