﻿Company Name,Service Partner,Address,Phone Number,Fax,Email,Website,LKW-Service,Bus-Service,MAN Van-Service,Schiffsmotoren-Service,Industriemotoren-Service,LKW-Verkauf,Bus-Verkauf,MAN Van-Verkauf,Schiffsmotoren-Verkauf,Industriemotoren-Verkauf,LKW-MAN_TopUsed,Bus-MAN_TopUsed,MAN Van-MAN_TopUsed,Schiffsmotoren-MAN_TopUsed,Industriemotoren-MAN_TopUsed,LKW-BusTopService,Bus-BusTopService,MAN Van-BusTopService,Schiffsmotoren-BusTopService,Industriemotoren-BusTopService,LKW-eMobility,Bus-eMobility,MAN Van-eMobility,Schiffsmotoren-eMobility,Industriemotoren-eMobility
TERRAMAR MIDDLE EAST S.A.L.,Servicepartner,"A&K Industrial Center; Boulevard St. Antonios;, .... Jdeid El Metn - Beirut, Libanon, , ",+961(1) 885657,+961(1)885 658,office@beirut.terramar.com,http://www.terramar.com,yes,yes,no,,,yes,yes,,,,,,,,,,,,,,,,,,
Saleh Younes,Werkstattmitarbeiter BusWerkstattmitarbeiter LKW,Telefon: +961 (0) 1 88 56 57,Mobil: -,Fax: +961 (0) 1 88 56 58,E-Mail: tme.partsdepot@terramar.com,            
Andre Moussa,Werkstattmitarbeiter BusWerkstattmitarbeiter LKW,Telefon: +961 (0) 1 88 56 57,Mobil: -,Fax: +961 (0) 1 88 56 58,E-Mail: tme.partsdepot@terramar.com,            
Salah Itany,Werkstattmitarbeiter LKWWerkstattmitarbeiter Bus,Telefon: +961 (1) 88 56 57,Mobil: -,Fax: +961 (1) 88 56 58,E-Mail: tme.partsdepot@terramar.com,            
Sylvia Bitar,,Telefon: +961 (0) 1 88 56 57,Mobil: -,Fax: +961 (0) 1 88 56 58,E-Mail: sylvia.bitar@terramar.com,            
Kassem Abou Melhem,Leiter Teile und Zubehör,Telefon: +961 (0) 1 88 56 57,Mobil: -,Fax: +961 (0) 1 88 56 58,E-Mail: kassem.amelhem@terramar.com,            
Alaa Farhat,MA Ersatzteilverkauf LKWMA Ersatzteilverkauf BUS,Telefon: +961 (0) 1 88 56 57,Mobil: -,Fax: +961 (0) 1 88 56 58,E-Mail: tme.partsdepot@terramar.com,            
Fadi Maddah,Leiter Werkstatt,Telefon: +961(0) 1 88 56 57,Mobil: +961(0) 71 431147,Fax: +961(0) 1 88 56 58,E-Mail: service.beirut@terramar.com,            





