﻿Company Name,Service Partner,Address,Phone Number,Fax,Email,Website,LKW-Service,Bus-Service,MAN Van-Service,Schiffsmotoren-Service,Industriemotoren-Service,LKW-Verkauf,Bus-Verkauf,MAN Van-Verkauf,Schiffsmotoren-Verkauf,Industriemotoren-Verkauf,LKW-MAN_TopUsed,Bus-MAN_TopUsed,MAN Van-MAN_TopUsed,Schiffsmotoren-MAN_TopUsed,Industriemotoren-MAN_TopUsed,LKW-BusTopService,Bus-BusTopService,MAN Van-BusTopService,Schiffsmotoren-BusTopService,Industriemotoren-BusTopService,LKW-eMobility,Bus-eMobility,MAN Van-eMobility,Schiffsmotoren-eMobility,Industriemotoren-eMobility
EL MAYDAN COMPANY INC.,Servicepartner,"Km 15 Swani road, LY-15343 Tripoli, Libyen, , ",+21(8)911224466,+39(0)295441240,ayman@elmaydan.com,http://www.elgehani-group.com/Elmaydan,yes,yes,no,,,,,,,,,,,,,,,,,,,,,,
Nora Almajbari,Teamleiter Teile und ZubehörMA Ersatzteilverkauf BUS,Telefon: +218(9)13284275,Mobil: -,Fax: +39(0)295441240,E-Mail: nora@elmaydan.com,            
Wesam Hamam,Leiter WerkstattWerkstattmeister LKWWerkstattmeister BUS,Telefon: +218(9)13763510,Mobil: -,Fax: +39(0)295441240,E-Mail: wesam.hamam@elmaydan.com,            
Ayman Almajbari,Leiter After Sales,Telefon: +218(9)11224455,Mobil: -,Fax: -,E-Mail: ayman@elmaydan.com,            





