﻿Company Name,Service Partner,Address,Phone Number,Fax,Email,Website,LKW-Service,Bus-Service,MAN Van-Service,Schiffsmotoren-Service,Industriemotoren-Service,LKW-Verkauf,Bus-Verkauf,MAN Van-Verkauf,Schiffsmotoren-Verkauf,Industriemotoren-Verkauf,LKW-MAN_TopUsed,Bus-MAN_TopUsed,MAN Van-MAN_TopUsed,Schiffsmotoren-MAN_TopUsed,Industriemotoren-MAN_TopUsed,LKW-BusTopService,Bus-BusTopService,MAN Van-BusTopService,Schiffsmotoren-BusTopService,Industriemotoren-BusTopService,LKW-eMobility,Bus-eMobility,MAN Van-eMobility,Schiffsmotoren-eMobility,Industriemotoren-eMobility
UAB ADAMPOLIS,Servicepartner,"Rasu g. 39, 11351 Vilnius, Litauen, , ",+370 (5)26 111 61,+370 (5) 26 110 80,info@adampolis.lt,http://www.adampolis.lt,yes,yes,yes,no,yes,yes,yes,,,,yes,yes,,,,,,,,,,,,,
Zilvinas Sadzevicius,Leiter Werkstatt,Telefon: +370 (5)26 111 61,Mobil: +370(685)85180,Fax: +370(5)2611080,E-Mail: zilvinas.sadzevicius@adampolis.lt,            
Erinijus Getautis,KulanzabfragerKontaktperson Solution Guide BUSKontaktperson Solution Guide LKWKulanzabfragerAnsprechpartner Zahlungsgarantie LKW,Telefon: +370(5)2611161,Mobil: +370(699)10152,Fax: +370(5)2611080,E-Mail: erinijus.getautis@adampolis.lt,            





UAB ADAMPOLIS,Servicepartner,"Ateities pl. 45C, 52119 Kaunas, Litauen, , ",+370 (37) 473803,+370 (37) 473 995,info@adampolis.lt,http://www.adampolis.lt,yes,yes,yes,no,yes,yes,yes,,,,yes,yes,,,,,,,,,,,,,
Audrone Valentiene ,MA Verkauf LKW,Telefon: +370(37)473803,Mobil: +370(656)78844,Fax: +370(37)473995,E-Mail: audrone.valentiene@adampolis.lt,            
Mindaugas Kucinovas,Leiter Teile und Zubehör,Telefon: +370 (37) 473803,Mobil: +370 (611) 56272,Fax: +370 (37) 473 995,E-Mail: mindaugas.kucinovas@adampolis.lt,            
Vitoldas Aleksiunas ,Werkstattmeister LKW,Telefon: +370(37)407124,Mobil: +370(685)90665,Fax: +370(37)473995,E-Mail: vitoldas@adampolis.lt,            
Dainius Paskevucius,Werkstattmeister LKW,Telefon: +370(37)407124,Mobil: -,Fax: -,E-Mail: servisas@adampolis.lt,            
Giedrius  Matkunas,Leiter Teile und Zubehör,Telefon: +370(37)473995,Mobil: -,Fax: -,E-Mail: giedrius.makunas@adampolis.lt,            
Giedrius  Makunas,Leiter Teile und Zubehör,Telefon: +370(37)473995,Mobil: -,Fax: -,E-Mail: giedrius.makunas@adampolis.lt,            
Gintaras Griškonis,,Telefon: +370(37)473803,Mobil: -,Fax: -,E-Mail: gintaras.griskonis@adampolis.lt,            





UAB ADAMPOLIS,Servicepartner,"Pamiskes g. 31 Svepeliu kaimas, 96326 Klaipedos raj., Litauen, , ",+370(650)42072,+370 (46) 345170,info@adampolis.lt,http://www.adampolis.lt,yes,yes,yes,no,yes,yes,,,,,yes,,,,,,,,,,,,,,
Linardas Zydelis,Verkäufer BUSVerkäufer After Sales LKWVerkäufer LKW,Telefon: +370(46)416575,Mobil: -,Fax: +370(46) 416576,E-Mail:  Linardas.Zydelis@adampolis.lt,            





UAB ADAMPOLIS,Servicepartner,"Kauno 139a, 68228 Marijampole, Litauen, , ",+370 (343) 98174,+370 (343) 98174,marijampole.servisas@adampolis.lt,http://www.adampolis.lt,yes,yes,yes,no,yes,,,,,,,,,,,,,,,,,,,,
Giedrius Simonaitis,Kontaktperson Solution Guide BUSKontaktperson Solution Guide LKW,Telefon: +370 (343) 98174,Mobil: +370(699)96233,Fax: +370(343)71281,E-Mail: giedrius.simonaitis@adampolis.lt,            
Antanas Misiukevicius,Leiter Werkstatt,Telefon: +370 (343) 98174,Mobil: +370(655)31037,Fax: +370(343)71281,E-Mail: antanas.misiukevicius@adampolis.lt,            





