﻿Company Name,Service Partner,Address,Phone Number,Fax,Email,Website,LKW-Service,Bus-Service,MAN Van-Service,Schiffsmotoren-Service,Industriemotoren-Service,LKW-Verkauf,Bus-Verkauf,MAN Van-Verkauf,Schiffsmotoren-Verkauf,Industriemotoren-Verkauf,LKW-MAN_TopUsed,Bus-MAN_TopUsed,MAN Van-MAN_TopUsed,Schiffsmotoren-MAN_TopUsed,Industriemotoren-MAN_TopUsed,LKW-BusTopService,Bus-BusTopService,MAN Van-BusTopService,Schiffsmotoren-BusTopService,Industriemotoren-BusTopService,LKW-eMobility,Bus-eMobility,MAN Van-eMobility,Schiffsmotoren-eMobility,Industriemotoren-eMobility
GARAGE LOSCH TRUCK VAN & BUS S.À R.L.,Servicepartner,"59, rue Gabriel Lippmann, 6947 Niederanven, Luxemburg, , ",+352 (34)9185-1,,help-ltvb@losch.lu,http://www.losch.lu,yes,yes,yes,yes,yes,yes,yes,yes,yes,yes,yes,yes,yes,,,,yes,,,,,,,,
Herman-Josef Spanier-Day,Leiter Teile und Zubehör,Telefon: +352 (34)9185-7753,Mobil: -,Fax: +352 (34)9185-300,E-Mail: -,            
Edmund Kiefer,Verkäufer LKW,Telefon: +352 (34)9185-7714,Mobil: -,Fax: +352 (34)9190,E-Mail: -,            
Yves Bettendorff,Geschäftsführer,Telefon: +352 (34)9185-1,Mobil: -,Fax: +352 (34)9190,E-Mail: -,            
Alex Riwers,Verkäufer BUS,Telefon: +352 (34)9185-7720,Mobil: -,Fax: +352 (34)9190,E-Mail: -,            
Fernando Da Costa,Verkäufer LKW,Telefon: +352 (34)9185-7724,Mobil: -,Fax: +352 (34)185300,E-Mail: -,            
Marko Kettern,Betriebsleiter,Telefon: +352 (34)9185-7715,Mobil: -,Fax: +352 (34)9190,E-Mail: -,            
Christian Linz,Ersatzteilverkauf,Telefon: +352 (34)9185-7723,Mobil: -,Fax: +352 (34)9185-300,E-Mail: -,            
Stefan Fisseni,Ersatzteilverkauf,Telefon: +352 (34)9185-7731,Mobil: -,Fax: +352 (34)9185-300,E-Mail: -,            
Herbert Mettlach,Ersatzteilverkauf,Telefon: +352 (34)9185-7732,Mobil: -,Fax: +352 (34)9185-300,E-Mail: -,            
Eugen Riel,Leiter VerkaufVerkäufer LKW,Telefon: +352 (34)9185-7713,Mobil: -,Fax: +352 (34)9190,E-Mail: -,            
Andreas Reinert,Elektriker,Telefon: +352 (34)9185-7751,Mobil: -,Fax: +352 (34)9185300,E-Mail: -,            
Ralf Eck,Serviceberater,Telefon: +352 (34)9185-7745,Mobil: -,Fax: -,E-Mail: -,            
David Möhn,Pannenmonteur,Telefon: +352 (34)9185-1,Mobil: -,Fax: -,E-Mail: -,            
Anton Stricker,Pannenmonteur,Telefon: +352 (34)9185-1,Mobil: -,Fax: -,E-Mail: -,            
Stefan Ewert,Serviceberater,Telefon: +352 (34)9185-7711,Mobil: -,Fax: -,E-Mail: -,            
Jörg Brausch,Ersatzteilverkauf,Telefon: +352 (34)9185-7741,Mobil: -,Fax: -,E-Mail: joerg.brausch@losch.lu,            
Stefan Lindner,Ersatzteilverkauf,Telefon: +352 (34)9185-7734,Mobil: -,Fax: -,E-Mail: -,            
Christoph Herrmann,Serviceberater,Telefon: +352 (34)91857744,Mobil: -,Fax: -,E-Mail: -,            
Mike Schmitz,Serviceberater,Telefon: +352 (34)91857742,Mobil: -,Fax: -,E-Mail: -,            
Rolf Rump,Leiter Werkstatt,Telefon: +352 (34)9185-7712,Mobil: +352 (621)491936,Fax: -,E-Mail: rolf.rump@losch.lu,            
Sascha Müller,Serviceberater,Telefon: +352(34)8591-7747,Mobil: -,Fax: -,E-Mail: -,            





