﻿Company Name,Service Partner,Address,Phone Number,Fax,Email,Website,LKW-Service,Bus-Service,MAN Van-Service,Schiffsmotoren-Service,Industriemotoren-Service,LKW-Verkauf,Bus-Verkauf,MAN Van-Verkauf,Schiffsmotoren-Verkauf,Industriemotoren-Verkauf,LKW-MAN_TopUsed,Bus-MAN_TopUsed,MAN Van-MAN_TopUsed,Schiffsmotoren-MAN_TopUsed,Industriemotoren-MAN_TopUsed,LKW-BusTopService,Bus-BusTopService,MAN Van-BusTopService,Schiffsmotoren-BusTopService,Industriemotoren-BusTopService,LKW-eMobility,Bus-eMobility,MAN Van-eMobility,Schiffsmotoren-eMobility,Industriemotoren-eMobility
AFRI MOTORS MALI S.A.,Servicepartner      Verkaufsstandort des Händlers -AFRI MOTORS S.A.-,"Service- / Parts- / Assistance-call, 1000 Bamako, Mali, , ",+212(6)69544346,,a.kaissar@afrimotors.org,,yes,yes,no,,,yes,yes,,,,,,,,,,,,,,,,,,
Ahmed Kaissar,BetriebsleiterAuftragszentrum VerkaufLeiter Teile und ZubehörServiceberater,Telefon: +212(6)69544346,Mobil: -,Fax: -,E-Mail: a.kaissar@afrimotors.org,            





