﻿Company Name,Service Partner,Address,Phone Number,Fax,Email,Website,LKW-Service,Bus-Service,MAN Van-Service,Schiffsmotoren-Service,Industriemotoren-Service,LKW-Verkauf,Bus-Verkauf,MAN Van-Verkauf,Schiffsmotoren-Verkauf,Industriemotoren-Verkauf,LKW-MAN_TopUsed,Bus-MAN_TopUsed,MAN Van-MAN_TopUsed,Schiffsmotoren-MAN_TopUsed,Industriemotoren-MAN_TopUsed,LKW-BusTopService,Bus-BusTopService,MAN Van-BusTopService,Schiffsmotoren-BusTopService,Industriemotoren-BusTopService,LKW-eMobility,Bus-eMobility,MAN Van-eMobility,Schiffsmotoren-eMobility,Industriemotoren-eMobility
PMS PNEUMATIQUES MAINTENANCE SERVICES,Servicepartner      Verkaufsstandort des Händlers -SEFAMAR S.A.-,"Parc Industrielle Jorf Lasfar, Com de Moulay Abdelah, 24000 El Jadida, Marokko, , ",+21(5)23377048,,man@sefamar.ma,,yes,no,no,,,,,,,,,,,,,,,,,,,,,,
Sebastien Chauvin,Geschäftsführer,Telefon: +21(5)23377048,Mobil: -,Fax: -,E-Mail: schauvin.man@sefamar.ma,            





SEFAMAR AGADIR,Servicepartner,"Lot.Tillilla Bab Almadina, 80650 Agadir, Marokko, , ",+212(5)28837120,,man@sefamar.ma,,yes,yes,no,,,yes,yes,,,,,,,,,,,,,,,,,,
Chadi Ismail,,Telefon: +212(52)2350750,Mobil: -,Fax: -,E-Mail: chadi.man@sefamar.ma,            





SEFAMAR CASABLANCA,Servicepartner,"Route Courtiére 111; Rue F 25/26, Ain Sebaa, 20300 Casablanca, Marokko, , ",+212(5)22342115,+212(5)22355448,man@sefamar.ma,http://www.manmaroc.ma,yes,yes,no,,,yes,yes,,,,,,,,,,,,,,,,,,
Driss El Basri,Leiter Teile und Zubehör,Telefon: +212(5)22342115,Mobil: +212(6)61081891,Fax: -,E-Mail: basri.man@sefamar.ma,            
Karim Terrab,Leiter VerkaufAuftragszentrum Verkauf,Telefon: +212(5)22342115,Mobil: -,Fax: -,E-Mail: zaroual.man@sefamar.ma,            
Chadi Ismail,Vertriebsmanager Service &amp; Teile,Telefon: +212(5)22342115,Mobil: +212(6)61494708,Fax: -,E-Mail: chadi.man@sefamar.ma,            





SEFAMAR LAÂYOUNE,Servicepartner,"Point 40, Route el Marsa, 1111 Laâyoune, Quartier Industriel, Marokko, , ",+212(5)28891160,,man@sefamar.ma,http://www.manmaroc.ma,yes,no,no,,,,,,,,,,,,,,,,,,,,,,
Chadi Ismail,,Telefon: +212(5)22350750,Mobil: -,Fax: -,E-Mail: chadi.man@sefamar.ma,            





SEFAMAR MARRAKECH,Servicepartner,"Q.I, lot N° 26, 2126 Marrakech, Marokko, , ",+ 21(2) 524349522,,man@sefamar.ma,http://www.manmaroc.ma,yes,no,no,,,yes,,,,,,,,,,,,,,,,,,,
Chadi Ismail,Werkstattmeister LKW,Telefon: +212 (0) 522350750,Mobil: -,Fax: -,E-Mail: chadi.man@sefamar.ma,            





SEFAMAR NADOR,Servicepartner,"Sise à Nador, Commune Selouane, 2126 Nador, Marokko, , ",+ 21(2) 661 49 47 03,,man@sefamar.ma,http://www.manmaroc.ma,yes,no,no,,,yes,,,,,,,,,,,,,,,,,,,
Chadi Ismail,,Telefon: +212(0)522350750 ,Mobil: -,Fax: -,E-Mail: chadi.man@sefamar.ma,            





SEFAMAR TANGIER,Servicepartner,"Route de Rabat, Zone industrielle de Gzennaya, Lot 1256, 90090 Tangier, Marokko, , ",+ 212(5)22350750,,man@sefamar.ma,,yes,yes,no,,,yes,yes,,,,,,,,,,,,,,,,,,
Chadi Ismail,,Telefon: +212(52)2350750,Mobil: -,Fax: -,E-Mail: chadi.man@sefamar.ma,            





