﻿Company Name,Service Partner,Address,Phone Number,Fax,Email,Website,LKW-Service,Bus-Service,MAN Van-Service,Schiffsmotoren-Service,Industriemotoren-Service,LKW-Verkauf,Bus-Verkauf,MAN Van-Verkauf,Schiffsmotoren-Verkauf,Industriemotoren-Verkauf,LKW-MAN_TopUsed,Bus-MAN_TopUsed,MAN Van-MAN_TopUsed,Schiffsmotoren-MAN_TopUsed,Industriemotoren-MAN_TopUsed,LKW-BusTopService,Bus-BusTopService,MAN Van-BusTopService,Schiffsmotoren-BusTopService,Industriemotoren-BusTopService,LKW-eMobility,Bus-eMobility,MAN Van-eMobility,Schiffsmotoren-eMobility,Industriemotoren-eMobility
SOCIÉTÉ MAURITANIENNE D'AUTOMOBILES ET D'EQUIPEMENT SMA SA,Servicepartner,"Lot Nr. 18, Avenue Bourguiba, Ksar, BP 6046 Nouakchott, Mauretanien, , ",+22(2)45253018,,c.ethmane@sma-man.com,,yes,no,no,,,yes,,,,,,,,,,,,,,,,,,,
Hervé Boussou,Leiter WerkstattWerkstattmeister LKW,Telefon: +222(4)5253018,Mobil: -,Fax: -,E-Mail: h.boussou@sma-man.com,            
Cheikh Ethmane,Leiter Verkauf LKW,Telefon: +222(4)5253018,Mobil: +222(42)401000,Fax: -,E-Mail: c.ethmane@sma-man.com,            





