﻿Company Name,Service Partner,Address,Phone Number,Fax,Email,Website,LKW-Service,Bus-Service,MAN Van-Service,Schiffsmotoren-Service,Industriemotoren-Service,LKW-Verkauf,Bus-Verkauf,MAN Van-Verkauf,Schiffsmotoren-Verkauf,Industriemotoren-Verkauf,LKW-MAN_TopUsed,Bus-MAN_TopUsed,MAN Van-MAN_TopUsed,Schiffsmotoren-MAN_TopUsed,Industriemotoren-MAN_TopUsed,LKW-BusTopService,Bus-BusTopService,MAN Van-BusTopService,Schiffsmotoren-BusTopService,Industriemotoren-BusTopService,LKW-eMobility,Bus-eMobility,MAN Van-eMobility,Schiffsmotoren-eMobility,Industriemotoren-eMobility
MAN IMPORTER MAKEDONIJA D.O.O.E.L,Servicepartner,"ulica 2 br. 84, Ilinden, 1000 Skopje, Mazedonien, , ",+389 (2) 511 50 80,+389 (2) 2550 703,info@mantruck.mk,http://mantruck.mk,yes,yes,no,,,yes,yes,,,,,,,,,,,,,,,,,,
Nikola Stojanovski,Leiter Teile und Zubehör,Telefon: +389 (2) 511 60 30,Mobil: +389 (70) 270 641,Fax: +389 (2) 2550-703,E-Mail: nikola.stojanovski@mantruck.mk,            
Ivica Viljac,Geschäftsführer,Telefon: +389 (2) 511 40 10,Mobil: +389 (71) 240 436,Fax: +389 (2) 2550 703,E-Mail: Ivica.Viljac@mantruck.mk,            
Boban Jovanov,Werkstattmeister LKW,Telefon: +389 (2) 511 50 80,Mobil: +389 (71) 240 367,Fax: +389 (2) 2550 703,E-Mail: Servis_skopje@mantruck.mk,            
Trifko Robev,Leiter Verkauf Gebrauchtwagen,Telefon: +389 (2) 511 60 50,Mobil: +389 (71) 262 440,Fax: +389 (2) 2550 703,E-Mail: trifko.robev@mantruck.mk,            
Bobi Janevski,Werkstattmeister LKW,Telefon: +389 (2) 511 60 51,Mobil: +389 (72) 279 912,Fax: +389 (2) 2550 703,E-Mail: Service_skopje@mantruck.mk,            
Milan Jovic,MA Ersatzteilverkauf LKW,Telefon: +389 (2) 511 60 55,Mobil: +389 (71) 240 368,Fax: +389 (2) 2550 703,E-Mail: milan.jovikj@mantruck.mk,            
Ivica Davidovic,Kundenbetreuer,Telefon: +389 (2) 511 60 51,Mobil: +389 (78) 242 125,Fax: +389 (2) 2550 703,E-Mail: ivica.davidovic@mantruck.mk,            
Zoki Lazarevski,Kundenbetreuer,Telefon: +389 (2) 511 44 50,Mobil: +389 (78) 240 736,Fax: +389 (2) 2550 703,E-Mail: zoki.lazarevski@mantruck.mk,            
Hristijan Drakulovski,,Telefon: +389 (2) 5116 053,Mobil: +389 (71) 288 419,Fax: +389  (2) 5115-090,E-Mail: hristijan.drakulovski@mantruck.mk,            





UNIVERZAL PPEV D.O.O.E.L.,Servicepartner,"Boris Kidrich 26, 1480 Gevgelija, Mazedonien, , ",+389 (0) 34 211 723,,jovan_petrovski@yahoo.com,https://www.univerzal-ppev.clubeconomy.com.mk,yes,yes,no,,,,,,,,,,,,,,,,,,,,,,
Jovan Petrovski,Leiter WerkstattServicemitarbeiter,Telefon: +389 (0)34 211 723,Mobil: +389 (0) 71 370 600,Fax: -,E-Mail: jovan_petrovski@yahoo.com,            
Vladimir Lazov,ErsatzteilverkaufLeiter Teile und Zubehör,Telefon: +389 (0)34 211 723,Mobil: +389 (0)71 270 600,Fax: -,E-Mail: vlatko.univerzalservis@gmail.com,            
Bojan Dancovski,Ersatzteilverkauf,Telefon: +389 (0)34 211 723,Mobil: +389 (0)71 270 500,Fax: -,E-Mail: bojan.dancovski@univerzalservis.mk,            





