﻿Company Name,Service Partner,Address,Phone Number,Fax,Email,Website,LKW-Service,Bus-Service,MAN Van-Service,Schiffsmotoren-Service,Industriemotoren-Service,LKW-Verkauf,Bus-Verkauf,MAN Van-Verkauf,Schiffsmotoren-Verkauf,Industriemotoren-Verkauf,LKW-MAN_TopUsed,Bus-MAN_TopUsed,MAN Van-MAN_TopUsed,Schiffsmotoren-MAN_TopUsed,Industriemotoren-MAN_TopUsed,LKW-BusTopService,Bus-BusTopService,MAN Van-BusTopService,Schiffsmotoren-BusTopService,Industriemotoren-BusTopService,LKW-eMobility,Bus-eMobility,MAN Van-eMobility,Schiffsmotoren-eMobility,Industriemotoren-eMobility
AUTOFORTA S.R.L.,Servicepartner,"Bucuriei 18, MD-2004 Chisinau, Moldau, , ",+373(22)204616,+373(22)501826,man@man.md,http://www.man.md,yes,yes,no,,,yes,yes,,,,,,,,,,,,,,,,,,
Miron Naiduch,Werkstattmeister LKWLeiter WerkstattWerkstattmeister BUS,Telefon: +373(0) 22-748564,Mobil: -,Fax: +373(0) 22-746286,E-Mail: miron.naiduh@man.md,            
Dmitri Imamearov,,Telefon: +373(22)204628,Mobil: +373(68)888582,Fax: +373(22)501826,E-Mail: dmitri.imamearov@man.md,            





