﻿Company Name,Service Partner,Address,Phone Number,Fax,Email,Website,LKW-Service,Bus-Service,MAN Van-Service,Schiffsmotoren-Service,Industriemotoren-Service,LKW-Verkauf,Bus-Verkauf,MAN Van-Verkauf,Schiffsmotoren-Verkauf,Industriemotoren-Verkauf,LKW-MAN_TopUsed,Bus-MAN_TopUsed,MAN Van-MAN_TopUsed,Schiffsmotoren-MAN_TopUsed,Industriemotoren-MAN_TopUsed,LKW-BusTopService,Bus-BusTopService,MAN Van-BusTopService,Schiffsmotoren-BusTopService,Industriemotoren-BusTopService,LKW-eMobility,Bus-eMobility,MAN Van-eMobility,Schiffsmotoren-eMobility,Industriemotoren-eMobility
DEWACO M D.O.O.,Servicepartner      Verkaufsstandort des Händlers -DEWACO M d.o.o-,"Ćurilac bb, 81410 Danilovgrad, Montenegro, , ",+382 (20) 683 221,+382 (20) 683 221,office@manmontenegro.me,,yes,yes,no,no,yes,yes,yes,,,yes,yes,yes,,,,,,,,,,,,,
Darko Aranitović,Leiter Werkstatt,Telefon: +382(20)683222,Mobil: +382(68)848204,Fax: +382(20)683222,E-Mail: servis@manmontenegro.me,            





