﻿Company Name,Service Partner,Address,Phone Number,Fax,Email,Website,LKW-Service,Bus-Service,MAN Van-Service,Schiffsmotoren-Service,Industriemotoren-Service,LKW-Verkauf,Bus-Verkauf,MAN Van-Verkauf,Schiffsmotoren-Verkauf,Industriemotoren-Verkauf,LKW-MAN_TopUsed,Bus-MAN_TopUsed,MAN Van-MAN_TopUsed,Schiffsmotoren-MAN_TopUsed,Industriemotoren-MAN_TopUsed,LKW-BusTopService,Bus-BusTopService,MAN Van-BusTopService,Schiffsmotoren-BusTopService,Industriemotoren-BusTopService,LKW-eMobility,Bus-eMobility,MAN Van-eMobility,Schiffsmotoren-eMobility,Industriemotoren-eMobility
NC MOTORS,Servicepartner,"Complexe Ed. Pentecost - PK 5, 98895 Nouméa Cedex, Neukaledonien, , ",+687(41)4203,+687(41)4085,,,yes,yes,no,,,yes,yes,,,,,,,,,,,,,,,,,,
Laurent Poircuitte,Werkstattmitarbeiter LKWWerkstattmitarbeiter Bus,Telefon: +687(41)4187,Mobil: -,Fax: +687(41)4205,E-Mail: lpoircuitte@almameto.nc,            
Olivier Arnould,Elektriker LKWElektriker BUS,Telefon: +687(41)4187,Mobil: -,Fax: +687(41)4205,E-Mail: oarnould@almameto.nc,            
Eric Casano,Verkäufer LKWVerkäufer BUS,Telefon: +687(41)4209,Mobil: -,Fax: +687(41)4159,E-Mail: ecasano@almameto.nc,            
Ghislain Roumagne,MA Ersatzteilverkauf LKWMA Ersatzteilverkauf BUS,Telefon: +687(41)4196,Mobil: -,Fax: +687(41)4140,E-Mail: groumagne@almameto.nc,            





