﻿Company Name,Service Partner,Address,Phone Number,Fax,Email,Website,LKW-Service,Bus-Service,MAN Van-Service,Schiffsmotoren-Service,Industriemotoren-Service,LKW-Verkauf,Bus-Verkauf,MAN Van-Verkauf,Schiffsmotoren-Verkauf,Industriemotoren-Verkauf,LKW-MAN_TopUsed,Bus-MAN_TopUsed,MAN Van-MAN_TopUsed,Schiffsmotoren-MAN_TopUsed,Industriemotoren-MAN_TopUsed,LKW-BusTopService,Bus-BusTopService,MAN Van-BusTopService,Schiffsmotoren-BusTopService,Industriemotoren-BusTopService,LKW-eMobility,Bus-eMobility,MAN Van-eMobility,Schiffsmotoren-eMobility,Industriemotoren-eMobility
BTS AMSTERDAM,Servicepartner,"Nieuw Zeelandweg 10, 1045 AL Amsterdam, Niederlande, , ",+31(20)5061177,,info@bts-man.nl,,yes,yes,yes,,,yes,,yes,,,,,,,,,,,,,,,,,
Bas Schouten,Betriebsleiter,Telefon: +31(20)5061177,Mobil: -,Fax: -,E-Mail: bas.schouten@bts-man.nl,            





BTS BEDRIJFSWAGENS & TRAILER SERVICE B.V.,Servicepartner,"Overspoor 22, 1688 JG Wognum, Niederlande, , ",+31(229)571011,,info@bts-man.nl,http://www.bts-man.nl,yes,no,yes,,,yes,,yes,,,,,,,,,,,,,,,,,
Arie Schouten,Leiter Werkstatt,Telefon: +31(229)571011,Mobil: -,Fax: -,E-Mail: arie.schouten@bts-man.nl,            
Edgar Immink,Geschäftsführer,Telefon: +31(229)571011,Mobil: +31(0)654392928 ,Fax: -,E-Mail: edgar.immink@bts-man.nl,            
Pieter Schuitemaker,Leiter Teile und Zubehör,Telefon: +31(229)280003,Mobil: -,Fax: -,E-Mail: pieter.schuitemaker@bts-man.nl,            
Peter Baars,Verkäufer LKW,Telefon: +31(229)571011,Mobil: +31(6)54753247,Fax: -,E-Mail: peter.baars@bts-man.nl,            
Johan Hulst,Verkäufer LKW,Telefon: +31(229)0571011,Mobil: +31(6)053535266,Fax: -,E-Mail: johan.hulst@bts-man.nl,            
Bram Vriend,Verkäufer LKW,Telefon: +31(229)571011,Mobil: -,Fax: -,E-Mail: bram.vriend@bts-man.nl,            





BTS BEVERWIJK,Servicepartner,"BUKO Bedrijvenpark 2, 1943 AG Beverwijk, Niederlande, , ",+31(251)745670,,info@BTS-MAN.nl,,yes,no,yes,,,yes,,,,,,,,,,,,,,,,,,,
Bas Schouten,BetriebsleiterWerkstattmeister LKW,Telefon: +31(251)745670,Mobil: -,Fax: -,E-Mail: Bas.Schouten@bts-man.nl,            
Maarten Broens,Geschäftsführer,Telefon: +31(251)745670,Mobil: +31(6)20449034,Fax: -,E-Mail: -,            





BTS HOOFDDORP,Servicepartner,"Hoeksteen 16, 2132 MS Hoofddorp, Niederlande, , ",+31(20)6534400,,info@bts-man.nl,http://www.bts-man.nl,yes,yes,yes,,,yes,,yes,,,,,,,,,yes,,,,,,,,
Dennis De Groote,Betriebsleiter,Telefon: +31(20)3162250,Mobil: +31(6)53550222,Fax: -,E-Mail: dennis.degroote@bts-man.nl,            
GOP Dennis de Groote 1. Kontakt,Zahlungsgarantie 1 (M24),Telefon: +31(20)3162250,Mobil: +31(6)535550222,Fax: -,E-Mail: dennis.degroote@bts-man.nl,            
GOP Sander Huiberts 2. Kontakt,Zahlungsgarantie 2 (M24),Telefon: +31(20)3162243,Mobil: +31(6)18861900,Fax: -,E-Mail: sander.huiberts@man-bts.nl,            





DEN ENGELSEN BEDRIJFSWAGENS EINDHOVEN,Servicepartner,"de Keten 1, 5661 GJ Eindhoven, Niederlande, , ",+31(40)2894260,+31(40)2894299,info@denengelsen.eu,,yes,no,yes,,,yes,,yes,,,,,,,,,,,,,,,,,
Aart Van Dongen,Management,Telefon: +31(6)12118349,Mobil: +31(6)12118349,Fax: -,E-Mail: aart.vandongen@denengelsen.eu,            
Roel De Greef,Betriebsleiter,Telefon: +31(6)53894095,Mobil: -,Fax: -,E-Mail: roel.degreef@denengelsen.eu,            





DEN ENGELSEN BEDRIJFSWAGENS NIJMEGEN,Servicepartner,"Bijsterhuizen 11-18, 6546 AS Nijmegen, Niederlande, , ",+31(24)3434560,+31(24)3434599,info@denengelsen.eu,,yes,no,yes,,,yes,,yes,,,,,,,,,,,,,,,,,
Aart Van Dongen,Management,Telefon: +31(6)121189349,Mobil: +31(6)121189349,Fax: -,E-Mail: aart.vandongen@denengelsen.eu,            
Jan-Willem Van Pommeren,Betriebsleiter,Telefon: +31(24)3434560,Mobil: +31(6)51497088,Fax: -,E-Mail: janwillem.vanpommeren@denengelsen.eu,            





DEN ENGELSEN BEDRIJFSWAGENS STEIN,Servicepartner,"Nijverheidsweg 40, 6171 AZ Stein, Niederlande, , ",+31(46)4113240,+31(46)2894299,info@denengelsen.eu,,yes,no,yes,,,yes,,yes,,,,,,,,,,,,,,,,,
Aart Van Dongen,Management,Telefon: +31(6)121189349,Mobil: +31(6)121189349,Fax: -,E-Mail: aart.vandongen@denengelsen.eu,            
Patrick Stoelinga,Betriebsleiter,Telefon: +31(46)4113240,Mobil: +31(6)5365531,Fax: -,E-Mail: patrick.stoelinga@man-trucks.nl,            





DEN ENGELSEN BEDRIJFSWAGENS VENLO,Servicepartner,"Columbusweg 2, 5928 LC Venlo, Niederlande, , ",+31(77)3895757,+31(77)3895729,info@denengelsen.eu,,yes,no,yes,,,,,yes,,,,,,,,,,,,,,,,,
Ron Van Maris,Betriebsleiter,Telefon: +31(77)3895757,Mobil: +31(6)20549663,Fax: -,E-Mail: ron.vanmaris@vanengelsen.eu,            
Aart Van Dongen,Management,Telefon: +31(6)121189349,Mobil: +31(6)121189349,Fax: -,E-Mail: aart.vandongen@denengelsen.eu,            





GÖRITZLEHNER TRUCK & BUS B.V.,Servicepartner,"Diamantstraat 30, 7554 TA Hengelo, Niederlande, , ",+31(74)2558000,,msm24@goritzlehner.nl,http://www.goritzlehner.nl,yes,no,yes,,,yes,,,,,,,,,,,,,,,,,,,
Jos Groeneveld,Leiter Werkstatt,Telefon: +31(742)558000,Mobil: -,Fax: -,E-Mail: msm24@goritzlehner.nl,            
Han Bunte,Leiter Werkstatt,Telefon: +31(74)2558000,Mobil: -,Fax: -,E-Mail: msm24@goritzlehner.nl,            
Herman Göritzlehner,GeschäftsführerVerkäufer LKWVerkäufer Gebrauchtwagen LKW,Telefon: +31(74)2558000,Mobil: +31(6)51528017,Fax: -,E-Mail: msm24@goritzlehner.nl,            
Scherp Rein-Jan,Leiter Teile und Zubehör,Telefon: +31(74)2558000,Mobil: -,Fax: -,E-Mail: msm24@goritzlehner.nl,            





MAN APELDOORN,Servicepartner,"Ecofactorij 4, 7325 WC Apeldoorn, Niederlande, , ",+31(55)7501500,+31(55)7501539,info@apeldoorn.man-dealer.nl,http://www.man-dealer.nl/apeldoorn/home,yes,yes,yes,,,yes,,,,,,,,,,,,,,,,,,,
Matty Weijn,Leiter Teile und Zubehör,Telefon: +31(55)7501508,Mobil: -,Fax: -,E-Mail: matty.weijn@man-dealer.nl,            
Koldenhof Andre,MA Reparaturannahme LKW,Telefon: +31(55)7501500,Mobil: +31(6)52484266,Fax: +31(55)7501539,E-Mail: andre.koldenhof@man-dealer.nl,            
Martin Roesink,Leiter Werkstatt,Telefon: +31(55)7501500,Mobil: +31(6)30861542,Fax: +31(55)7501539,E-Mail: martin.roesink@man-dealer.nl,            
Henk Van Zantvoort,,Telefon: +31(55)7501500,Mobil: -,Fax: -,E-Mail: henk.vanzantvoort@man-dealer.nl,            





MAN DUIVEN,Servicepartner,"Roelofshoeveweg 19, 6921 RH DUIVEN, Niederlande, , ",+31(26)3798500,+31(26)3250757,duiven@man-dealer.nl,http://www.man-dealer.nl,yes,no,yes,,,yes,,,,,,,,,,,,,,,,,,,
Bas Mom,Teamleiter Teile und ZubehörLeiter Teile und Zubehör,Telefon: +31(0)263269913,Mobil: -,Fax: +31(0)263250757,E-Mail: bas.mom@man-dealer.nl,            
Cor Pastoor,Betriebsleiter,Telefon: +31(24)3434560,Mobil: +31(6)53388180,Fax: -,E-Mail: cor.pastoor@man-dealer.nl,            
Arjen Gunsing,MA Reparaturannahme LKW,Telefon: +31(24)3434560,Mobil: -,Fax: -,E-Mail: arjen.gunsing@man-dealer.nl,            





MAN TOPUSED.,Servicepartner,"Bijsterhuizen 11-14, 6546 AS NIJMEGEN, Niederlande, , ",+31(88)6260123,+31(88)6260121,info@man-topused.nl,http://www.man-topused.nl,no,no,yes,,,,,,,,yes,yes,yes,,,,,,,,,,,,
Mark Beenen,Verkäufer MAN TopUsed,Telefon: +31(88)6260123 ,Mobil: +31(6)53 769 721,Fax: +31(88)6260121,E-Mail: mark.beenen@man-trucks.nl,            
Willem Kuijs,Betriebsleiter,Telefon: +31(88)6260123 ,Mobil: +31(6)13 426 223,Fax: +31(88)6260121,E-Mail: willem.kuijs@man-trucks.nl,            





P. VAN DER VELDEN BEDRIJFSWAGENS B.V.,Servicepartner,"Zweth 30-34, 2991 LH Barendrecht, Niederlande, , ",+31(180)619611,+31(180)623160,info@pvandervelden.com,http://www.pvandervelden.com,yes,yes,yes,,,,,,,,,,,,,,,,,,,,,,
Casper van der Velden,Geschäftsführer,Telefon: +31(180)619611,Mobil: +31(6)20536000,Fax: +31(180)619618,E-Mail: casper@pvandervelden.nl,            
Vincent Bode,Betriebsleiter,Telefon: +31(180)619611,Mobil: +31(6)20536009,Fax: +31(180)619618,E-Mail: vincent@pvandervelden.com,            
Martijn Advocaat,Leiter WerkstattWerkstattmeister BUSWerkstattmeister LKW,Telefon: +31(180)619611,Mobil: +31(6)20536017,Fax: -,E-Mail: martijn@pvandervelden.nl,            
Jaap Kunst,Leiter Teile und Zubehör,Telefon: +31(180)619611,Mobil: +31(6)51012487,Fax: -,E-Mail: jaap@pvandervelden.nl,            





P. VAN DER VELDEN BEDRIJFSWAGENS B.V.,Servicepartner,"Sydneystraat 45, 3047 BP Rotterdam, Niederlande, , ",+31(10)208 00 10,+31(10)2080019,info@pvandervelden.com,http://www.pvandervelden.com,yes,no,yes,,,,,,,,,,,,,,,,,,,,,,
Peter van der Velden,Geschäftsführer,Telefon: +31(10)2080010,Mobil: +31(6)20536002,Fax: +31(102)080019,E-Mail: peter@pvandervelden.com,            





ROORDINK BEDRIJFSWAGENS B.V.,Servicepartner,"Harselaarseweg 16, 3771 MB Barneveld, Niederlande, , ",+31(342)421421,+31(342)425267,info@roordink.nl,http://www.roordink.nl,yes,no,yes,,,yes,,yes,,,,,,,,,,,,,,,,,
Bert Roordink,Leiter After Sales,Telefon: +31(342)421421,Mobil: -,Fax: +31(342)425267,E-Mail: broordink@roordink.nl,            
Evert Haverkamp,Leiter Teile und Zubehör,Telefon: +31(342)421421,Mobil: -,Fax: +31(342)425267,E-Mail: ehaverkamp@roordink.nl,            
Cees van der Wind,Leiter Verkauf LKWLeiter Verkauf BUS,Telefon: +31(342)421421,Mobil: -,Fax: +31(342)425267,E-Mail: cwind@roordink.nl,            
Jan van den Berg,Verkäufer LKW,Telefon: +31(342)421421,Mobil: -,Fax: +31(342)425267,E-Mail: -,            





ROORDINK BEDRIJFSWAGENS COEVORDEN,Servicepartner,"Van Leeuwenhoekweg 2, 7741 LC Coevorden, Niederlande, , ",+31(524)597300,+31(524)518267,info@roordink.nl,http://www.roordink.nl,yes,no,yes,,,yes,,,,,,,,,,,,,,,,,,,
Harry Vos,Leiter Teile und Zubehör,Telefon: +31(524)597300,Mobil: -,Fax: -,E-Mail: magazijn.coevorden@roordink.nl,            
Rense Kooi,Betriebsleiter,Telefon: +31(524)597300,Mobil: +31(6)10106871,Fax: -,E-Mail: rkooi@roordink.nl,            





ROORDINK BEDRIJFSWAGENS VEENENDAAL B.V.,Servicepartner,"Plesmanstraat 9, 3905 KZ Veenendaal, Niederlande, , ",+31(318)541041,+31(318)628749,info@roordink.nl,http://www.roordink.nl,yes,no,yes,,,yes,,,,,,,,,,,,,,,,,,,
Bert Roordink,Leiter After Sales,Telefon: +31(318)541041,Mobil: +31(6)51089907,Fax: +31(318)540661,E-Mail: broordink@roordink.nl,            





ROORDINK BEDRIJFSWAGENS ZWOLLE,Servicepartner,"Lichterweg 19, 8042 PW Zwolle, Niederlande, , ",+31 (384) 28 44 00,+31 (384) 22 02 85,werkplaats.zwolle@roordink.nl,http://www.roordink.nl,yes,yes,yes,,,yes,,,,,,,,,,,,,,,,,,,
Joël van Dijk,Leiter Teile und Zubehör,Telefon: +31(38)4284400,Mobil: -,Fax: -,E-Mail: jvdijk@roordink.nl,            
Erik Bongers,Leiter After SalesWerkstattmeister LKW,Telefon: +31(38)4284400,Mobil: -,Fax: +31(38)4220285,E-Mail: ebongers@roordink.nl,            
Peter Dirksen,MA Reparaturannahme LKWLeiter Werkstatt,Telefon: +31(38)4284400,Mobil: -,Fax: -,E-Mail: pdirksen@roordink.nl,            





ROORDINK TRUCK & TRAILER SERVICE,Servicepartner,"Ambachtsweg 15 b, 3771 MG Barneveld, Niederlande, , ",+31(0)342405471,+31(0)342405475,werkplaatstts@roordink.nl,,yes,no,no,,,,,,,,,,,,,,,,,,,,,,





ROSIERVANDENBOSCH BEDRIJFSWAGENS B.V.,Servicepartner,"Sir Rowland Hillstraat 9, 4004 JT Tiel, Niederlande, , ",+31(344)614940,+31(344)624259,info@rosiervandenbosch.nl,http://www.rosiervandenbosch.nl,yes,no,yes,,,yes,,,,,,,,,,,,,,,,,,,
Erik Rosier,Leiter Verkauf LKWGeschäftsführerLeiter Verkauf Gebrauchtwagen,Telefon: +31(344)614940,Mobil: +31(6)53980970,Fax: +31(344)624259,E-Mail: erik.rosier@rosiervandenbosch.nl,            
Pieter de Jong,ServicemitarbeiterLeiter Werkstatt,Telefon: +31(344)614940,Mobil: +31(6)51366926,Fax: +31(344)624259,E-Mail: pieter.dejong@rosiervandenbosch.nl,            
Wim van Kraanen,Servicemitarbeiter,Telefon: +31(6)14000799,Mobil: +31(6)14000799,Fax: -,E-Mail: wim.van.kraanen@rosiervandenbosch.nl,            





ROSIERVANDENBOSCH BEDRIJFSWAGENS B.V.,Servicepartner,"Reactorweg 27, 3542 AD Utrecht, Niederlande, , ",+31(30)6663234,+31(30)6665309,info@rosiervandenbosch.nl,http://www.rosiervandenbosch.nl,yes,yes,yes,,,yes,,yes,,,,,,,,,,,,,,,,,
Erik Rosier,Leiter Verkauf GebrauchtwagenGeschäftsführerLeiter Verkauf LKW,Telefon: +31(30)6663234,Mobil: +31(6)53980970,Fax: +31(30)6665309,E-Mail: erik.rosier@rosiervandenbosch.nl,            
Jaroen van Straten,Ansprechpartner Pannenruf LkwLeiter Werkstatt,Telefon: +31(30)6663234,Mobil: +31(6)81237755,Fax: +31(30)6665309,E-Mail: jaroen.van.straten@rosiervandenbosch.nl,            
Pieter de Jong,BetriebsleiterAuftragszentrum Service,Telefon: +31(0)651366926,Mobil: +31(0)651366926,Fax: -,E-Mail: pieter.dejong@rosiervandenbosch.nl,            
Wim van Kraanen,BetriebsleiterServicemitarbeiter,Telefon: +31(6)14000799,Mobil: +31(6)14000799,Fax: -,E-Mail: wim.van.kraanen@rosiervandenbosch.nl,            





ROSIERVANDENBOSCH BEDRIJFSWAGENS B.V.,Servicepartner,"Griendweg 10, 4209 DB Schelluinen, Niederlande, , ",+31(183)622355,+31(183)628769,info@rosiervandenbosch.nl,http://www.rosiervandenbosch.nl,yes,no,yes,,,yes,,yes,,,,,,,,,,,,,,,,,
Wim van Kraanen,Servicemitarbeiter,Telefon: +31(0)183622355,Mobil: -,Fax: -,E-Mail: magazijn.gorinchem@rosiervandenbosch.nl,            
Erik Rosier,Leiter Verkauf GebrauchtwagenLeiter Verkauf LKWGeschäftsführer,Telefon: +31(0)183622355,Mobil: +31(0)653980970,Fax: +31(0)183628769,E-Mail: erik.rosier@rosiervandenbosch.nl,            
Pieter de Jong,Leiter WerkstattServicemitarbeiter,Telefon: +31(0)183622355,Mobil: +31(0)651366926,Fax: +31(0)183628769,E-Mail: pieter.dejong@rosiervandenbosch.nl,            
Jan Van Niekerk,Werkstattmeister,Telefon: +31(0)183622355,Mobil: +31(0)621288917,Fax: +31(0)183628769,E-Mail: jan.van.niekerk@rosiervandenbosch.nl ,            





SOMMERAUER TRUCKS WESTERBROEK B.V.,Servicepartner,"Rijksweg West 59, 9608 PB Westerbroek, Niederlande, , ",+31(50)4041444,+31(50)4041252,info@sommerauer.nl,http://www.sommerauer.nl,yes,no,yes,no,yes,yes,,yes,,,,,,,,,,,,,,,,,
Roelof Smit,Leiter Teile und Zubehör,Telefon: +31(50)4041444,Mobil: +31(6)14531421,Fax: -,E-Mail: magazijn@sommerauer.nl,            
Rob Wolters,Verkäufer LKW,Telefon: +31(0)504041444,Mobil: +31(0)621265325,Fax: +31(0)504041252,E-Mail: r.wolters@sommerauer.nl,            
Alex Stuivenberg,Verkäufer LKW,Telefon: +31(0)504041444,Mobil: +31(0)620033324,Fax: +31(0)504041252,E-Mail: a.stuivenberg@sommerauer.nl,            
Ernst Sommerauer,Geschäftsführer,Telefon: +31(0)54041444,Mobil: +31(0)653322332,Fax: +31(0)54041252,E-Mail: e.sommerauer@sommerauer.nl,            
Wilfred Lenting,Leiter Werkstatt,Telefon: +31(0)54041444,Mobil: +31(6)10674761,Fax: -,E-Mail: w.lenting@sommerauer.nl,            





THIEU VAN DORST BEDRIJFSWAGENS B.V.,Servicepartner,"Bredaseweg 221, 4705 RN Roosendaal, Niederlande, , ",+31(165)550640,+31(165)561689,info@thieuvandorst.nl,http://www.thieuvandorst.nl,yes,no,yes,,,yes,,yes,,,,,,,,,,,,,,,,,
Andre van Gastel,Leiter Werkstatt,Telefon: +31(165)89643,Mobil: -,Fax: -,E-Mail: andre.vangastel@thieuvandorst.nl ,            
Peter Adriaansen,Teamleiter Teile und Zubehör,Telefon: +31(165)550640,Mobil: -,Fax: -,E-Mail: peter.adriaansen@thieuvandorst.nl,            
Edwin Koster,MA Reparaturannahme LKW,Telefon: +31(165)550640,Mobil: -,Fax: -,E-Mail: edwin.koster@thieuvandorst.nl,            





THIEU VAN DORST BEDRIJFSWAGENS B.V.,Servicepartner,"Nieuwe Bredase Baan 24, 4825 BP Breda, Niederlande, , ",+31(76)5715500,+31(76)5715512,info@thieuvandorst.nl,http://www.thieuvandorst.nl,yes,no,yes,,,yes,,,,,,,,,,,,,,,,,,,
Joop Meijer,GeschäftsführerDirektor,Telefon: +31(165)550640,Mobil: +31(6)53296185,Fax: +31(165)561689,E-Mail: info@thieuvandorst.nl,            
Hans Sprenkels,Werkstattmeister LKWLeiter Werkstatt,Telefon: +31(76)5715500,Mobil: +31(6)22041728,Fax: +31(76)5715512,E-Mail: hans.sprenkels@thieuvandorst.nl,            
2. Kontakt Toine Vingerhoets,Ansprechpartner Zahlungsgarantie LKWLeiter Teile und Zubehör,Telefon: +31(76)5715500,Mobil: -,Fax: +31(76)5715512,E-Mail: toinevingerhoets@thieuvandorst.nl,            
Rene Van den Boom,MA Reparaturannahme LKW,Telefon: +31(76)5715500,Mobil: -,Fax: +31(76)5715512,E-Mail: rene.vandenboom@thieuvandorst.nl,            





THIEU VAN DORST BEDRIJFSWAGENS B.V.,Servicepartner,"Pearyweg 7, 4462 GT Goes, Niederlande, , ",+31(113)252200,+31(113)252313,info@thieuvandorst.nl,http://www.thieuvandorst.nl,yes,no,yes,,,yes,,,,,,,,,,,,,,,,,,,
3. Kontakt Rein-Jan Everse,MA Reparaturannahme LKWMA Reparaturannahme BUS,Telefon: +31(113)252200,Mobil: -,Fax: +31(113)252313,E-Mail: reverse@thieuvandorst.nl,            
Joop Meijer,Geschäftsführer,Telefon: +31(113)252200,Mobil: +31(6)53296185,Fax: -,E-Mail: info@thieuvandorst.nl,            





THIEU VAN DORST BEDRIJFSWAGENS DEN BOSCH,Servicepartner,"De Steenbok 16, 5215 ME Den Bosch, Niederlande, , ",+31(73)690 09 46,,info@thieuvandorst.nl,http://www.thieuvandorst.nl,yes,no,yes,,,yes,,yes,,,,,,,,,,,,,,,,,





THIEU VAN DORST BEDRIJFSWAGENS TILBURG,Servicepartner,"Jules Verneweg 130, 5015 BM Tilburg, Niederlande, , ",+31(13)5365225,,info@thieuvandorst.nl,http://www.thieuvandorst.nl,yes,no,yes,,,yes,,yes,,,,,,,,,,,,,,,,,
Ruud Schoones,Betriebsleiter,Telefon: +31(13)5365225,Mobil: +31(6)44404051,Fax: -,E-Mail: ruud.schoones@thieuvandorst.nl,            
Mbarak Haissoun,ErsatzteilverkaufLeiter Teile und Zubehör,Telefon: +31(13)5365225,Mobil: +31(6)53484585,Fax: -,E-Mail: mbarak.haissoun@thieuvandorst.nl,            





TRANSLAST BEDRIJFSWAGENS B.V.,Servicepartner,"Rooswijkweg 201, 1951 MD Velsen-Noord, Niederlande, , ",+31(251)268200,+31(251)268219,translast@translast.nl,http://www.translast.nl,yes,yes,yes,,,,,,,,,,,,,,,,,,,,,,
Gerard Smelik,Geschäftsführer,Telefon: +31(251)268205,Mobil: +31(6)53104667,Fax: +31(251)268219,E-Mail: gerardsmelik@translast.nl,            
Ronald de Vries,Leiter Teile und Zubehör,Telefon: +31(251)268204,Mobil: +31(6)54753575,Fax: -,E-Mail: r.devries@translast.nl,            





TTS SWIFTERBANT,Servicepartner,"De Kolk 29, 8255 PA Swifterbant, Niederlande, , ",+31(321)745100,,service@ttsswifterbant.nl,http://www.ttsswifterbant.nl,yes,no,no,,,,,,,,,,,,,,,,,,,,,,
Coen Bakkenes,Geschäftsführer,Telefon: +31(321)745100,Mobil: +31(6)86884400,Fax: -,E-Mail: info@ttsswifterbant.nl,            





VAN LEEUWEN TRUCKSERVICE,Servicepartner,"Transportweg 32, 2742 RH Waddinxveen, Niederlande, , ",+31(180)639300,+31(180)639344,info@leeuwentrucks.nl,http://www.leeuwentrucks.nl,yes,no,yes,,,yes,,yes,,,,,,,,,,,,,,,,,
Pieter van Leeuwen,Leiter Verkauf LKWGeschäftsführerDirektor,Telefon: +31(180)639333,Mobil: -,Fax: -,E-Mail: info@leeuwentrucks.nl,            
Henjo Burger,Leiter After Sales,Telefon: +31(180)639300,Mobil: +31(6)20707846,Fax: -,E-Mail: burger@leeuwentrucks.nl,            
Bas de Man,Servicemitarbeiter,Telefon: +31(180)639359,Mobil: -,Fax: -,E-Mail: basdeman@leeuwentrucks.nl  ,            





VAN LEEUWEN TRUCKSERVICE,Servicepartner,"Transportweg 16, 2676 LL Maasdijk, Niederlande, , ",+31(174)526333,+31(174)526343,westland@leeuwentrucks.nl,http://www.leeuwentrucks.nl,yes,yes,yes,,,yes,,,,,,,,,,,,,,,,,,,
Pieter van Leeuwen,Leiter Verkauf LKWGeschäftsführerDirektor,Telefon: +31(180)639333,Mobil: -,Fax: -,E-Mail: info@leeuwentrucks.nl,            
Henjo Burger,Leiter After SalesAnsprechpartner Zahlungsgarantie LKW,Telefon: +31(6)20707846,Mobil: -,Fax: -,E-Mail: burger@leeuwentrucks.nl,            





VAN LEEUWEN TRUCKSERVICE B.V.,Servicepartner,"Florijnstraat 10, 2988 CL RIDDERKERK, Niederlande, , ",+31(0)107410600,,rotterdam@leeuwentrucks.nl,,yes,no,yes,,,yes,,yes,,,,,,,,,,,,,,,,,
Pieter van Leeuwen,Geschäftsführer,Telefon: +31(180)639300,Mobil: +31(6)10026019,Fax: +31(180)639322,E-Mail: info@leeuwentrucks.nl,            
Henjo Burger,Betriebsleiter,Telefon: +31(10)639300,Mobil: +31(6)20707846,Fax: -,E-Mail: burger@leeuwentrucks.nl,            
Bastiaan Vlot,Werkstattmeister,Telefon: +31(10)7410600,Mobil: +31(6)51558523,Fax: -,E-Mail: vlot@leeuwentrucks.nl,            





WIERDA BEDRIJFSWAGENS B.V.,Servicepartner,"Mars 22, 8448 CP HEERENVEEN, Niederlande, , ",+31(513)726555,+31(513)417242,info@wierdabedrijfswagens.nl,http://www.wierdabedrijfswagens.nl,yes,no,yes,,,yes,,yes,,,yes,,yes,,,,,,,,,,,,
Rene Wierda,Geschäftsführer,Telefon: +31(513)412741,Mobil: +31(6)53796634,Fax: +31(513)417242,E-Mail: rene.wierda@wierdabedrijfswagens.nl,            
Eelke Jellema,Leiter Teile und Zubehör,Telefon: +31(513)412741,Mobil: -,Fax: +31(513)417242,E-Mail: info@wierdabedrijfswagens.nl,            





WIERDA BEDRIJFSWAGENS B.V.,Servicepartner,"Kelvinlaan 11, 9207 JB Drachten, Niederlande, , ",+31(513)412741,+31(512)540191,info@wierdabedrijfswagens.nl,http://www.wierdabedrijfswagens.nl,yes,yes,yes,,,,,,,,,,,,,,yes,,,,,,,,





