﻿Company Name,Service Partner,Address,Phone Number,Fax,Email,Website,LKW-Service,Bus-Service,MAN Van-Service,Schiffsmotoren-Service,Industriemotoren-Service,LKW-Verkauf,Bus-Verkauf,MAN Van-Verkauf,Schiffsmotoren-Verkauf,Industriemotoren-Verkauf,LKW-MAN_TopUsed,Bus-MAN_TopUsed,MAN Van-MAN_TopUsed,Schiffsmotoren-MAN_TopUsed,Industriemotoren-MAN_TopUsed,LKW-BusTopService,Bus-BusTopService,MAN Van-BusTopService,Schiffsmotoren-BusTopService,Industriemotoren-BusTopService,LKW-eMobility,Bus-eMobility,MAN Van-eMobility,Schiffsmotoren-eMobility,Industriemotoren-eMobility
SCOA NIGERIA PLC,Servicepartner,"157 Apapa-Oshodi Expressway, P.O.2318 Isolo, Lagos, Nigeria, , ",+234(0)8034024646,+234(4)14521683,manservice@scoaplc.com,http://www.scoaplc.com,yes,yes,no,,,yes,yes,,,,,,,,,,,,,,,,,,
Ogunbowale Tosin,"Leiter Marketing, Kommunikation und Entwicklung",Telefon: +234(8)028636927,Mobil: -,Fax: -,E-Mail: edp@scoaplc.com,            
Peter Asuelimhen,Werkstattmeister LKWLeiter After SalesWerkstattmeister BUS,Telefon: +234(8)034004141,Mobil: -,Fax: -,E-Mail: manserviceworkshop@scoaplc.com,            
Felix Agoziem,KulanzabfragerKulanzabfrager,Telefon: +234(8)102474258,Mobil: -,Fax: -,E-Mail: manwarranty@scoaplc.com,            
Nkennor Ubaka,Leiter Teile und ZubehörMA Ersatzteilverkauf LKWMA Ersatzteilverkauf BUS,Telefon: +234(8)063233449,Mobil: -,Fax: -,E-Mail: manparts@scoaplc.com,            





