﻿Company Name,Service Partner,Address,Phone Number,Fax,Email,Website,LKW-Service,Bus-Service,MAN Van-Service,Schiffsmotoren-Service,Industriemotoren-Service,LKW-Verkauf,Bus-Verkauf,MAN Van-Verkauf,Schiffsmotoren-Verkauf,Industriemotoren-Verkauf,LKW-MAN_TopUsed,Bus-MAN_TopUsed,MAN Van-MAN_TopUsed,Schiffsmotoren-MAN_TopUsed,Industriemotoren-MAN_TopUsed,LKW-BusTopService,Bus-BusTopService,MAN Van-BusTopService,Schiffsmotoren-BusTopService,Industriemotoren-BusTopService,LKW-eMobility,Bus-eMobility,MAN Van-eMobility,Schiffsmotoren-eMobility,Industriemotoren-eMobility
EQUIPEMENTS & SERVICES NIAMEY (ESN),Servicepartner      Verkaufsstandort des Händlers -Equipment et Service BIA-,"2781 Blvd du 15 Avril, Rte de l'Aéroport(front of SOLIN fact.), 675 Niamey/Niger, Niger, , ",+227(2)0352308,,info.ner@biagroup.com,,yes,yes,no,,,yes,yes,,,,,,,,,,,,,,,,,,





