﻿Company Name,Service Partner,Address,Phone Number,Fax,Email,Website,LKW-Service,Bus-Service,MAN Van-Service,Schiffsmotoren-Service,Industriemotoren-Service,LKW-Verkauf,Bus-Verkauf,MAN Van-Verkauf,Schiffsmotoren-Verkauf,Industriemotoren-Verkauf,LKW-MAN_TopUsed,Bus-MAN_TopUsed,MAN Van-MAN_TopUsed,Schiffsmotoren-MAN_TopUsed,Industriemotoren-MAN_TopUsed,LKW-BusTopService,Bus-BusTopService,MAN Van-BusTopService,Schiffsmotoren-BusTopService,Industriemotoren-BusTopService,LKW-eMobility,Bus-eMobility,MAN Van-eMobility,Schiffsmotoren-eMobility,Industriemotoren-eMobility
AUTO LAST MØRE AS,Servicepartner,"Lerstadvegen 304, 6014 Ålesund, Norwegen, , ",+47 (70) 15 88 00,,post@autolast.no,http://www.autolast.no,yes,yes,yes,,,yes,,,,,yes,,,,,,,,,,,,,,
Olav-Rune Vestre,WerkstattmeisterBetriebsleiter,Telefon: +47 (70) 15 88 00,Mobil: +47 (90) 55 89 44,Fax: -,E-Mail: olav.rune.vestre@autolast.no,            
Idar Indergaard,Leiter Teile und ZubehörErsatzteilverkauf,Telefon: +47 (70) 15 88 00,Mobil: +47 (99) 62 80 05 ,Fax: -,E-Mail: idar.indergaard@autolast.no,            
Ole Jostein Løvik,Verkäufer LKW,Telefon: +47 (90) 40 32 60,Mobil: +47 (90) 40 32 60,Fax: -,E-Mail: ole-jostein.loevik@man.eu,            
Svenn Inge Tosse,MA Reparaturannahme LKW,Telefon: +47 (70) 15 88 00,Mobil: +47 (91) 99 24 37,Fax: -,E-Mail: svenn.inge.tosse@autolast.no,            
Fridtjof Lorentzen,Servicemitarbeiter,Telefon: +47 (70) 15 88 00,Mobil: +47 (90) 81 88 78,Fax: -,E-Mail: fl@autolast.no,            





BERTEL O. STEEN GJØVIK,Servicepartner,"Damsletta 2, 2827 Hunndalen, Norwegen, , ",+47 (61) 14 61 00,+47 (61) 14 61 20,,,yes,no,no,,,,,,,,,,,,,,,,,,,,,,
Per Ivar Ruud,Centerleiter,Telefon: +47 (61) 14 61 00,Mobil: -,Fax: +47 (61) 14 61 20,E-Mail: per.ivar.ruud@bos.no,            
Rune Mathisen,Werkstattmitarbeiter LKW,Telefon: +47 (61) 14 61 00,Mobil: +47 (95) 20 24 95,Fax: +47 (61) 14 61 20,E-Mail: rune.mathisen@bos.no,            
Børre Ninive,ManagementServicemitarbeiter,Telefon: +47(611)46100,Mobil: +47(481)72866,Fax: -,E-Mail: borre.ninive@bos.no,            
Stein Th. Gundersen,Leiter Werkstatt,Telefon: +47 (61) 14 61 00,Mobil: -,Fax: -,E-Mail: stein.thomas.gundersen@bos.no,            
Fred Olsen,Werkstattmeister,Telefon: +47 (97) 70 67 70,Mobil: +47 (97) 70 67 70,Fax: -,E-Mail:  fred.olsen@bos.no ,            





BERTEL O. STEEN RINGERIKE AS,Servicepartner,"Hensmoveien 1, 3516 Hønefoss, Norwegen, , ",+47 (32) 17 13 40,,bos.ringerike@bos.no,,yes,no,no,,,,,,,,,,,,,,,,,,,,,,
Vidar Skau,,Telefon: +47 (32) 17 13 72,Mobil: +47 (90) 76 95 08,Fax: +47 (32) 17 13 41,E-Mail: vidar.skau@bos.no,            
Rolf Maurstad,Leiter Teile und Zubehör,Telefon: +47 (32) 17 13 84,Mobil: -,Fax: +47 (32) 17 13 41,E-Mail: rolf.maurstad@bos.no,            
Rolv Sindre Henriksen,Leiter WerkstattPannenmonteur,Telefon: +47 (90) 19 95 08,Mobil: +47 (90) 19 95 08,Fax: -,E-Mail: rolv.sindre.henriksen@bos.no,            





E18 LASTEBILSERVICE AS,Servicepartner,"Rakkestadveien 15, 1814 Askim, Norwegen, , ",+47 (69) 81 69 00,,e18@e18.no,http://www.teamverksted.no/no/avdelinger/askim,yes,yes,yes,,,yes,,yes,,,,,,,,,,,,,,,,,
Bjørn Harald Aune,Leiter Werkstatt,Telefon: +47 (69) 81 69 05,Mobil: +47 (91) 54 65 33,Fax: +47 (69) 81 69 10,E-Mail: bjorn-harald.aune@e18.no,            
Lars Bakurowitz,MA Reparaturannahme LKW,Telefon: +47 (69) 81 69 00,Mobil: +47 (92) 82 99 63,Fax: +47 (69) 81 69 10,E-Mail: lars@e18.no,            
Ola Frøshaug,Betriebsleiter,Telefon: +47 (69) 81 69 01,Mobil: +47 (95) 08 25 01,Fax: +47 (69) 81 69 10,E-Mail: ola.froshaug@e18.no,            
Even Frøshaug,Leiter Teile und Zubehör,Telefon: +47 (69) 81 69 06,Mobil: +47 (95) 08 25 01,Fax: +47 (69) 81 69 10,E-Mail: even.froshaug@e18.no,            
Robert Prytz Dahl,Auftragszentrum Service,Telefon: +47 (69) 81 69 18,Mobil: -,Fax: -,E-Mail: robert@e18.no,            





E18 TRUCKCENTER AS,Servicepartner,"Kjørholtveien 23, 3940 Porsgrunn, Norwegen, , ",+47 (35) 50 58 00,,post@e18truckcenter.no,http://www.e18truckcenter.no,yes,no,no,,,,,,,,,,,,,,,,,,,,,,
Harold Rindal,Leiter Werkstatt,Telefon: +47 (35) 50 58 18,Mobil: + (92) 20 33 72,Fax: -,E-Mail: harold@E18truckcenter.no,            
Tore Straume,Betriebsleiter,Telefon: +47 (35) 50 58 13,Mobil: +47 (90) 72 08 90,Fax: -,E-Mail: tore@E18truckcenter.no,            
Geir Ramberg,Servicemitarbeiter,Telefon: +47 (35) 50 58 11,Mobil: -,Fax: -,E-Mail: kundemottak@e18truckcenter.no,            





FINSTADHAGEN LAST AS,Servicepartner,"Finstadhagan Industriområde 1, 1930 Aurskog, Norwegen, , ",+47 (63) 86 45 01,,f.last@online.no,http://finstadhagen.no,yes,no,no,,,,,,,,,,,,,,,,,,,,,,
Asmund Eid,Leiter Werkstatt,Telefon: +47 (63) 86 45 01,Mobil: +47 (95) 84 40 00,Fax: -,E-Mail: f.last@online.no,            
Terje Rønning,Werkstattmitarbeiter LKW,Telefon: +47 (63) 86 45 01,Mobil: -,Fax: -,E-Mail: post@finstadhagen.no,            
Ole Gunnar Høisveen,Werkstattmeister,Telefon: +47 (63) 86 45 01,Mobil: -,Fax: -,E-Mail: post@finstadhagen.no,            
Frank Wickstrøm,Servicemitarbeiter,Telefon: +47 (63) 86 45 01,Mobil: -,Fax: -,E-Mail: post@finstadhagen.no,            
Kjetil Thoreid,Servicemitarbeiter,Telefon: +47 (63) 86 45 01,Mobil: -,Fax: -,E-Mail: post@finstadhagen.no,            





HELGES BIL AS,Servicepartner,"Dahlemoen 25, 2670 Otta, Norwegen, , ",+47 (48) 01 53 00,,postmaster@helgesbil.no,http://www.helgesbil.no/,yes,no,no,,,,,,,,,,,,,,,,,,,,,,
Tom Erling Nårstad,KulanzabfragerLeiter Werkstatt,Telefon: +47 (61) 35 86 00,Mobil: +47 (48) 01 53 08,Fax: +47 (61) 35 86 01,E-Mail: helgesbil@teamverksted.no,            





K. SIMONSEN STORBILSENTER AS,Servicepartner      Verkaufsstandort des Händlers -MAN Truck & Bus Norge AS-,"Stangnesterminalen 15, 9409 Harstad, Norwegen, , ",+47 (77) 06 35 00,,storbilsenter@kurtsimonsen.no,http://kurtsimonsen.no,yes,no,no,,,,,,,,,,,,,,,,,,,,,,
Ørjan Jensen,Leiter Teile und ZubehörErsatzteilverkauf,Telefon: +47 (77) 06 35 00,Mobil: -,Fax: -,E-Mail: delelager@kurtsimonsen.no,            
Arne Småback,Leiter Werkstatt,Telefon: +47 (77) 06 35 00,Mobil: -,Fax: -,E-Mail: verksmester@kurtsimonsen.no,            





KVEEN AS,Servicepartner,"Hegreveien 15, 6783 Stryn, Norwegen, , ",+47 (57) 87 20 00,,post@kveen.no,http://www.kveen.no/,yes,no,no,,,,,,,,,,,,,,,,,,,,,,
Terje Guddal,WerkstattmeisterLeiter Werkstatt,Telefon: +47 (57) 87 20 00,Mobil: +47 (95) 99 92 14,Fax: +47 (57) 87 20 17,E-Mail: verksmester@kveen.as,            
Jon Gudbrand Kveen Øvre-Flo,Betriebsleiter,Telefon: +47 (57) 87 20 00,Mobil: +47 (41) 40 65 67,Fax: +47 (57) 87 20 17,E-Mail: jon@kveen.as,            
Anders Tjugen,Leiter Teile und ZubehörErsatzteilverkauf,Telefon: +47 (57) 87 20 00,Mobil: +47 (90) 82 46 43,Fax: -,E-Mail: delelager@kveen.as,            





LARVIK LAST OG BUSS AS,Servicepartner,"Elveveien 126, 3271 Larvik, Norwegen, , ",+47 (33) 11 60 56,,post@larvik-last.no,http://www.larvik-last.com,yes,yes,yes,,,yes,,yes,,,,,,,,,,,,,,,,,
Geir Hansen Moland,Leiter Werkstatt,Telefon: +47 (33) 11 60 56,Mobil: +47 (90) 84 89 20,Fax: +47 (33) 12 02 33,E-Mail: geir@larvik-last.no,            
Per Syrrist,Leiter Teile und Zubehör,Telefon: +47 (33) 11 60 56,Mobil: +47 (92) 82 19 41,Fax: +47 (33) 11 51 58,E-Mail: per@larvik-last.no,            
Kjell Gunnar Vermelid,Geschäftsführer,Telefon: +47 (33) 11 60 56,Mobil: +47 (93) 22 07 00,Fax: +47 (33) 12 02 33,E-Mail: post@larvik-last.no,            
Morten Rød,,Telefon: +47 (33) 11 60 56,Mobil: -,Fax: +47 (33) 11 51 58,E-Mail: morten@larvik-last.no,            
Cato Pettersen,MA Buchhaltung LKW,Telefon: +47 (33) 1160 56,Mobil: +47 (90) 52 44 35,Fax: +47 (33) 12 02 33,E-Mail: cato@larvik-last.no,            





LAST HAUGESUND AS,Servicepartner,"Ekrene Næringspark 15, 5550 Sveio, Norwegen, , ",+47 (52) 73 63 60,,verksted@lasthaugesund.no,,yes,no,no,,,,,,,,,,,,,,,,,,,,,,
Kristian Saltvedt,WerkstattmeisterBetriebsleiter,Telefon: +47 (52) 73 63 60,Mobil: +47 (90) 01 59 27,Fax: -,E-Mail: kristian@lasthaugesund.no,            





MAN TRUCK & BUS NORGE AS AVD. BERGEN,MAN-Servicebetrieb,"Nordre Brurås 35, 5131 Nyborg (Bergen), Norwegen, , ",+47 (55) 53 85 10,,kundemottak.bergen@man.no,http://www.man.no,yes,yes,yes,,,yes,yes,yes,,,,,,,,,,,,,,,,,
Reidar Tveitnes,Leiter WerkstattWerkstattmeister,Telefon: +47 (55) 53 85 10,Mobil: +47 (90) 11 05 28,Fax: -,E-Mail: reidar.tveitnes@man.eu,            
Arne Gjøvåg,Auftragszentrum Service,Telefon: +47 (55) 53 85 10,Mobil: +47 (48) 29 98 73,Fax: -,E-Mail: arne.gjovaag@man.eu,            
Torbjoern Viseth,Verkäufer LKW,Telefon: +47 (55) 53 85 10,Mobil: +47 (41) 65 03 13 ,Fax: -,E-Mail: torbjorn.viseth@man.eu,            
Stig Åge Amble,Werkstattmitarbeiter LKW,Telefon: +47 (55) 53 85 10,Mobil: +47 (90) 74 49 95,Fax: -,E-Mail: stig.aage.amble@man.eu,            
Rudi Håland,ErsatzteilverkaufLeiter Teile und Zubehör,Telefon: +47 (55) 53 85 10,Mobil: +47 (48) 48 09 63 97 ,Fax: -,E-Mail: rudi.haaland@man.eu,            
Einar Sundland,Leiter Verkauf LKWVerkäufer LKW,Telefon: +47 (55) 53 85 10,Mobil: +47(94) 81 21 57,Fax: -,E-Mail: einar.sundland@man.eu,            
Arne Ivar Mathiassen,Auftragszentrum Service,Telefon: +47 (55) 53 85 10,Mobil: +47 (48) 23 67 36,Fax: -,E-Mail: arne.ivar.mathiassen@man.eu,            
Tore S. Ulveseth,Verkäufer VAN,Telefon: +47 (55) 53 85 10,Mobil: +47 (40) 25 48 69 ,Fax: -,E-Mail: tore.ulveseth@man.eu,            
Idar Sylta,Betriebsleiter,Telefon: +47 (55) 53 85 10,Mobil: +47 (95) 70 09 31,Fax: -,E-Mail: idar.sylta@man.eu,            
Rolf V. Fagerdal,Verkäufer LKW,Telefon: + 47 (55) 53 85 10,Mobil: + 47 (55) 53 85 10,Fax: -,E-Mail: rolf.fagerdal@man.eu,            
Adrian W. Fardal,Ersatzteilverkauf,Telefon: +47 (55) 53 85 10,Mobil: +47 (94) 82 09 86,Fax: -,E-Mail: Adrian.fardal@man.eu,            
Svein Brakstad,Leiter Verkauf BUS,Telefon: +47 (55) 53 85 10,Mobil: +47 (90) 79 66 61,Fax: -,E-Mail: svein.brakstad@man.eu,            





MAN TRUCK & BUS NORGE AS AVD. DRAMMEN,MAN-Servicebetrieb,"Kobbervikdalen 99, 3036 Drammen, Norwegen, , ",+47 (32) 26 00 50,,kundemottak.drammen@man.no,http://www.man.no,yes,yes,yes,,,yes,,yes,,,yes,,,,,,,,,,,,,,
Jan Julseth,Werkstattmeister LKW,Telefon: +47 (32) 26 00 52,Mobil: +47 (48) 89 48 09,Fax: +47 (32) 81 21 85,E-Mail: jan.julseth@man.eu,            
Egil Børsum,KundenbetreuerLeiter Teile und Zubehör,Telefon: +47 (32) 26 00 56,Mobil: +47 (91) 77 34 84,Fax: +47 (32) 81 21 85,E-Mail: egil.borsum@man.eu,            
Trond Kihle,Auftragszentrum Service,Telefon: +47 (32) 26 00 50,Mobil: +47 (91) 77 34 95,Fax: +47 (32) 81 21 85,E-Mail: trond.kihle@man.eu,            
Paul Bonden,Werkstattmitarbeiter LKW,Telefon: +47 (32) 26 00 52,Mobil: -,Fax: +47 (32) 81 21 85,E-Mail: terje.karlsen@man.eu,            
Erlend Iversen,Werkstattmitarbeiter LKW,Telefon: +47 (32) 26 00 52,Mobil: -,Fax: +47 (32) 81 21 85,E-Mail: terje.karlsen@man.eu,            
Steinar R Berg,Verkäufer LKW,Telefon: +47 (32) 26 00 50,Mobil: +47 (97) 51 10 25,Fax: -,E-Mail: steinar.r.berg@man.eu,            





MAN TRUCK & BUS NORGE AS AVD. OSLO,MAN-Servicebetrieb,"Kloppaveien 20, 1472 Fjellhamar, Norwegen, , ",+47 (67) 98 05 50,,kundemottak.oslo@man.no,http://www.man.no,yes,yes,yes,,,yes,yes,yes,,,yes,yes,yes,,,,,,,,,,,,
Steinar Skoglund,Leiter WerkstattWerkstattmeister,Telefon: +47 (67) 98 05 50,Mobil: +47 (90) 16 84 41,Fax: +47 (67) 90 45 98,E-Mail: steinar.skoglund@man.eu,            
Per Johansen,Leiter Teile und ZubehörErsatzteilverkauf,Telefon: +47 (67) 98 05 50,Mobil: +47 (92) 61 76 61,Fax: +47 (67) 90 45 98,E-Mail: per.johansen@man.eu,            
Øystein Jongers,MA Reparaturannahme BUS,Telefon: +47 (67) 98 05 50,Mobil: +47 (40) 91 40 16,Fax: -,E-Mail: oystein.jongers@man.eu,            
Frode Johansen,Auftragszentrum Service,Telefon: +47 (67) 98 05 50,Mobil: +47 (40) 81 97 38,Fax: -,E-Mail: frode.johansen@man.eu,            
Anna Ivarsson,Verkäufer VAN,Telefon: +47 (67) 98 05 50,Mobil: +47 (47) 68 26 17,Fax: -,E-Mail: anna.ivarsson@man.eu,            
Stian Folvik,Verkäufer LKW,Telefon: +47 (67) 98 05 50,Mobil: +47 (99) 25 64 56,Fax: -,E-Mail: stian.folvik@man.eu,            
Simen Bragelien,Verkäufer LKW,Telefon: +47 (67) 98 05 50,Mobil: +47 (91) 77 59 91,Fax: -,E-Mail: simen.bragelien@man.eu,            
Michael Bermann,Verkäufer LKW,Telefon: +47 (67) 98 05 50,Mobil: +47 (90) 56 59 33,Fax: -,E-Mail: michael.bermann@man.eu,            
Robert Karlsen,Auftragszentrum Service,Telefon: +47 (67) 98 05 50,Mobil: +47(40) 80 36 33,Fax: -,E-Mail: robert.karlsen@man.eu,            
Geir Haugen,Auftragszentrum Service,Telefon: +47(408)03634,Mobil: +47 (40) 80 36 34,Fax: -,E-Mail: geir.haugen@man.eu,            
Thomas Schie,Auftragszentrum Service,Telefon: +47 (67) 98 05 50,Mobil: +47 (90) 75 03 88,Fax: -,E-Mail: thomas.schie@man.eu,            
Christoffer Skjerven,Verkäufer VAN,Telefon: +47 (90) 36 68 24,Mobil: +47 (90) 36 68 24,Fax: -,E-Mail: christoffer.skjerven@man.eu,            





MAN TRUCK & BUS NORGE AS AVD. RUDSHØGDA,MAN-Servicebetrieb,"Rudsveien 13, 2360 Rudshøgda, Norwegen, , ",+47 (62) 33 18 00,,kundemottak.rudshogda@man.no,http://www.man.no,yes,yes,yes,,,yes,yes,yes,,,,,,,,,,,,,,,,,
Bjørn Enger,Verkäufer LKW,Telefon: +47 (62) 33 18 00,Mobil: +47 (91) 16 07 17,Fax: +47 (62) 34 41 35,E-Mail: bjoern.enger@man.eu,            
Tommy Ragnvaldsen,Leiter Teile und ZubehörErsatzteilverkauf,Telefon: +47 (62) 33 18 00,Mobil: +47 (97) 00 42 25,Fax: +47 (62) 34 41 35,E-Mail: tommy.ragnvaldsen@man.eu ,            
Kjetil Ragnvaldsen,WerkstattmeisterLeiter Werkstatt,Telefon: +47 (91) 35 31 65,Mobil: +47 (91) 35 31 65,Fax: -,E-Mail: kjetil.ragnvaldsen@man.eu,            
Kjell Espen Jahr,Betriebsleiter,Telefon: +47 (62) 33 18 00,Mobil: +47 (95) 05 24 51,Fax: -,E-Mail: kjell.espen.jahr@man.eu,            
Marcus Schulz,Verkäufer LKW Kommunal,Telefon: +47 (96) 75 66 36,Mobil: +47 (96) 75 66 36,Fax: -,E-Mail: Marcus.Schulz@man.eu,            





MAN TRUCK & BUS NORGE AS AVD. SARPSBORG,MAN-Servicebetrieb,"Opphaugveien 5, 1722 Sarpsborg, Norwegen, , ",+47 (69) 10 24 20,,kundemottak.sarpsborg@man.no,http://www.man.no,yes,yes,yes,,,yes,,yes,,,,,,,,,,,,,,,,,
Morten Slettemyr,Leiter Teile und Zubehör,Telefon: +47 (69) 10 24  20,Mobil: +47 (90) 62 67 40,Fax: +47 (69) 10 24 30,E-Mail: morten.slettemyr@man.eu,            
Mirnes Bajric,WerkstattmeisterLeiter Werkstatt,Telefon: +47 (69) 10 24 20,Mobil: +47 (91) 10 00 59,Fax: +47 (69) 10 24 30,E-Mail: kundemottak.sarpsborg@man.eu,            
Vidar Fluske,Verkäufer LKW,Telefon: +47 (97) 49 27 07,Mobil: +47 (97) 49 27 07,Fax: +47 (69) 10 24 30,E-Mail: vidar.fluske@man.eu,            
Kjell Espen Jahr,Betriebsleiter,Telefon: +47 (95) 05 24 51,Mobil: +47 (95) 05 24 51,Fax: -,E-Mail: kjell.espen.jahr@man.eu,            
Jeanette Norenberg,,Telefon: +47 (47) 71 47 18,Mobil: -,Fax: -,E-Mail: jeanette.norenberg@man.eu,            
Patrik Holmberg,Verkäufer VAN,Telefon: +47 (47) 68 03 85,Mobil: +47 (47) 68 03 85,Fax: -,E-Mail: patrik.holmberg@man.eu,            





MAN TRUCK & BUS NORGE AS AVD. STAVANGER,MAN-Servicebetrieb,"Røynebergsletta 31, 4033 Stavanger, Norwegen, , ",+47 (51) 63 53 00,,stavanger@man.no,http://www.man.no,yes,yes,yes,,,yes,,yes,,,yes,,,,,,,,,,,,,,
Tommy Danielsen,ErsatzteilverkaufLeiter Teile und Zubehör,Telefon: +47 (51) 63 53 00,Mobil: +47 (90) 68 79 76,Fax: -,E-Mail: tommy.danielsen@man.eu,            
Erik Lunde,Leiter Werkstatt,Telefon: +47 (51) 63 53 00,Mobil: +47 (91) 58 34 04 ,Fax: -,E-Mail: erik.lunde@man.eu,            
Knut Karlsen,Auftragszentrum Service,Telefon: +47 (51) 63 53 00,Mobil: +47 (91) 55 19 61,Fax: -,E-Mail: knut.karlsen@man.eu,            
Trond Pedersen,Ersatzteilverkauf,Telefon: +47 (51) 63 53 00,Mobil: +47 (90) 57 88 14,Fax: +47 (51) 63 53 01,E-Mail: trond.pedersen@man.eu,            
Bent Probst,MA Technik / Fahrzeugdisposition ,Telefon: +47 (51) 63 53 00,Mobil: +47 (94) 88 35 08,Fax: -,E-Mail: bent.probst@man.eu,            
Harald Molnes,Betriebsleiter,Telefon: +47 (51) 63 53 00,Mobil: +47 (99) 40 95 95,Fax: -,E-Mail: harald.molnes@man.eu,            
Edvin Falnes,Auftragszentrum Service,Telefon: +47 (51) 63 53 00,Mobil: +47 (90) 47 57 15,Fax: -,E-Mail: edvin.falnes@man.eu,            
Jon Kristoffer Ellingsen,Verkäufer LKW,Telefon: +47 (51) 63 53 00,Mobil: +47 (95) 86 62 42,Fax: -,E-Mail: kristoffer.ellingsen@man.eu,            
Helge Kleven,Verkäufer LKW,Telefon: +47 (51) 63 53 00,Mobil: +47 (40) 80 87 51,Fax: -,E-Mail: helge.kleven@man.eu,            
Kristine Bø,Auftragszentrum Service,Telefon: +47 (51) 63 53 00,Mobil: +47 (94) 86 43 74,Fax: -,E-Mail: kristine.boe@man.eu,            





MAN TRUCK & BUS NORGE AS AVD. TRONDHEIM,MAN-Servicebetrieb,"Østre Rosten 111, 7093 Tiller (Trondheim), Norwegen, , ",+47 (72) 89 30 50,,kundemottak.trondheim@man.no,http://www.man.no,yes,yes,yes,,,yes,,yes,,,yes,,,,,,,,,,,,,,
Pål Tiller,Leiter Teile und Zubehör,Telefon: +47 (72)  89 30 50,Mobil: +47 (41) 20 09 06,Fax: +47 (72) 89 30 80,E-Mail: pal.tiller@man.eu,            
Frode Joramo,Management,Telefon: +47 (72) 89 30 50,Mobil: +47 (90) 08 23 00,Fax: +47 (72) 89 30 80,E-Mail: frode.joramo@man.eu,            
Ragnar Overrein,Leiter Werkstatt,Telefon: +47 (72) 89 30 50,Mobil: +47 (93) 43 30 50,Fax: +47 (72) 89 30 80,E-Mail: ragnar.overrein@man.eu,            
Geir Skikstein,Auftragszentrum Service,Telefon: +47 (72) 89 30 50,Mobil: -,Fax: +47 (72) 89 30 80,E-Mail: geir.skikstein@man.eu,            
Kastor Lervik,Auftragszentrum Service,Telefon: +47(913)57115,Mobil: -,Fax: -,E-Mail: kastor.lervik@man.eu,            
Egil Koen,Verkäufer LKW,Telefon: +47(978)94932,Mobil: -,Fax: -,E-Mail: egil.koen@man.eu,            
Kai Andre Meedby,Verkäufer LKW,Telefon: +47 (954)81220,Mobil: +47 (954)81220,Fax: -,E-Mail: kai.andre.meedby@man.eu,            





MASKIN & AUTO SERVICE SØR AS,Servicepartner,"Mjåvannsveien 8, 4628 Kristiansand, Norwegen, , ",+47 (38) 18 36 00,,kristian@masauto.no,http://www.masauto.no,yes,no,no,,,yes,,,,,yes,,,,,,,,,,,,,,
Øystein Pettersen,ServicemitarbeiterLeiter Werkstatt,Telefon: +47 (38) 18 36 00,Mobil: +47 (47) 46 25 78,Fax: +47 (38) 18 36 01,E-Mail: oystein@masauto.no,            
Johannes Erlandsen,Verkäufer LKW,Telefon: +47 (38) 18 36 00,Mobil: +47 (47) 462677,Fax: +47 (38) 18 36 01,E-Mail: johannes.erlandsen@man.eu,            
Ragnar Klami,Centerleiter,Telefon: +47 (38) 18 36 00,Mobil: +47 (95) 87 29 39,Fax: +47 (38) 18 36 01,E-Mail: ragnar@masauto.no,            
Bjørn Arne Kristoffersen,Werkstattmeister,Telefon: +47 (38) 18 36 00,Mobil: +47 (90) 13 10 14,Fax: -,E-Mail: bjorn.arne@masauto.no,            
Kristian Egeli,WerkstattmeisterBetriebsleiter,Telefon: +47 (38) 18 36 00,Mobil: +47 (93) 44 21 78,Fax: +47 (38) 18 36 01,E-Mail: kristian@masauto.no,            





NT LAST OG BUSS AS,Servicepartner,"Arve Skjeflos vei 6, 7713 Steinkjer, Norwegen, , ",+47 (74) 16 08 80,,firmapost@ntlast.no,http://www.ntlast.no,yes,yes,no,,,yes,,,,,yes,,,,,,,,,,,,,,
Stig Arve Reierskog,WerkstattmeisterGeschäftsführerLeiter Werkstatt,Telefon: +47 (74) 16 08 80,Mobil: +47 (45) 21 14 44,Fax: +47 (74) 16 13 23,E-Mail: sar@ntlast.no,            
Bjørn Atle Østeng,Leiter Teile und ZubehörMA Ersatzteilverkauf LKW,Telefon: +47 (74) 16 08 80,Mobil: +47 (92) 63 61 59,Fax: +47 (74) 16 13 23,E-Mail: deler@ntlast.no,            
Geir Sturla Aune,MA Reparaturannahme LKW,Telefon: +47 (74) 16 08 80,Mobil: -,Fax: +47 (74) 16 13 23,E-Mail: gsa@ntlast.no,            
Jan Gunnar Viken,MA Reparaturannahme LKW,Telefon: +47 (74) 16 08 80,Mobil: -,Fax: +47 (74) 16 13 23,E-Mail: jgv@ntlast.no,            
Ove Kjetil Aunvold,MA Reparaturannahme LKW,Telefon: +47 (74) 16 08 80,Mobil: +47 (92) 63 64 62 ,Fax: +47 (74) 16 13 23,E-Mail: kundemottak@ntlast.no,            
Morten Mikael Jønnum,,Telefon: +47 (74) 16 08 80,Mobil: +47 (92) 63 64 62,Fax: +47 (74) 16 13 23,E-Mail: kundemottak@ntlast.no,            





NYE BILCO KONGSVINGER AS,Servicepartner,"Lerkevegen 50, 2209 Kongsvinger, Norwegen, , ",+47 (95) 43 40 13,,vegard@kongsvinger-bilco.no,http://www.kongsvinger-bilco.no,yes,no,no,,,,,,,,,,,,,,,,,,,,,,
Vegard  Aasheim,GeschäftsführerLeiter Werkstatt,Telefon: +47 (90) 14 82 39,Mobil: -,Fax: +47 (62) 82 65 28,E-Mail: vegard@kongsvinger-bilco.no,            
Glenn Solberg,Werkstattmeister,Telefon: +47 (91) 16 72 71,Mobil: -,Fax: +47 (62) 82 65 28,E-Mail: -,            
Andre Sjøthun,Leiter Teile und ZubehörAuftragszentrum Service,Telefon: +47 (95) 43 40 13,Mobil: -,Fax: -,E-Mail: andre.sjothun@kongsvinger-bilco.no,            





SKUDE TRANSPORT & SPED. AS,Servicepartner,"Fotveien 2, 4250 Kopervik, Norwegen, , ",+47 (52) 85 66 66,,verksted@skude.no,http://www.skude.no,yes,yes,no,,,,,,,,,,,,,,,,,,,,,,
Nina Skjollingstad Dahl,Betriebsleiter,Telefon: +47 (52) 85 66 52,Mobil: -,Fax: -,E-Mail: -,            
Andre K Foldal,Servicemitarbeiter,Telefon: +47 (52) 85 66 52,Mobil: +47 (47) 66 84 09,Fax: -,E-Mail: andre@skude.no,            
Ståle Nordtveit,Servicemitarbeiter,Telefon: +47 (97) 50 29 81,Mobil: -,Fax: -,E-Mail: verksted@skude.no,            
Arve Martinsen,Servicemitarbeiter,Telefon: +47 (97) 50 29 81,Mobil: -,Fax: -,E-Mail: verksted@skude.no,            
Haukur Thor Smarason,Servicemitarbeiter,Telefon: + 47 (47) 66 50 30,Mobil: + 47 (47) 66 50 30,Fax: -,E-Mail: -,            
Jan Erik Skår,Betriebsleiter,Telefon: +47 (52) 85 66 57,Mobil: +47 (90) 10 40 03,Fax: -,E-Mail: jes@skude.no,            





TEAM VERKSTED NORD AS AVD. ALTA,Servicepartner      Verkaufsstandort des Händlers -MAN Truck & Bus Norge AS-,"Kleggveien 5, 9514 Alta, Norwegen, , ",+47 (78) 43 96 00,,post@trailerservice.no,https://www.teamverksted.no/no/avdelinger/alta,yes,yes,no,,,,,,,,,,,,,,,,,,,,,,
Bjørn Arve Grue,Ersatzteilverkauf,Telefon: +47 (91) 53 26 13,Mobil: +47 (91) 53 26 13,Fax: -,E-Mail: lager@trailerservice.no,            





TEAM VERKSTED NORD AS AVD. BJERKA,Servicepartner,"Strandgata 12, 8643 Bjerka, Norwegen, , ",+47 (91) 69 36 74,,geir.arne.lauvbakk@teamverksted.no,,yes,no,no,,,,,,,,,,,,,,,,,,,,,,
Geir Arne Lauvbakk,Leiter WerkstattWerkstattmeister,Telefon: +47 (94) 88 18 57,Mobil: +47 (94) 88 18 57,Fax: -,E-Mail: geir.arne.lauvbakk@teamverksted.no,            
Svein Oddvar Winnem,MA Ersatzteilverkauf LKW,Telefon: +47 (75) 19 04 92,Mobil: +47 (46) 80 68 39,Fax: +47 (75) 19 04 91,E-Mail: svein.oddvar.winnem@teamverksted.no,            





TEAM VERKSTED NORD AS AVD. BODØ,Servicepartner,"Stormyrveien 52-54, 8008 Bodø, Norwegen, , ",+47 (75) 56 55 70,,bodo@teamverksted.no,http://www.teamverksted.no,yes,no,no,,,yes,,,,,yes,,,,,,,,,,,,,,
Øivind Ånderbakk,Leiter Werkstatt,Telefon: +47 (75) 56 55 70,Mobil: +47 (90) 01 54 79,Fax: -,E-Mail: bodo@teamverksted.no,            
Trond Pedersen,Leiter Teile und ZubehörErsatzteilverkauf,Telefon: +47 (75) 56 55 70,Mobil: +47 (91) 72 30 81,Fax: -,E-Mail: trond.pedersen@teamverksted.no,            
Kurt Magne Aga,Betriebsleiter,Telefon: +47 (75) 56 55 70,Mobil: +47 (41) 57 70 28,Fax: -,E-Mail: bodo@teamverksted.no,            
Willy Hagen Larsen,Auftragszentrum Service,Telefon: +47 (75) 56 55 70,Mobil: +47 (48) 19 53 62,Fax: -,E-Mail: bodo@teamverksted.no,            





TEAM VERKSTED NORD AS AVD. TROMSØ,Servicepartner,"Skattørveien 90, 9018 Tromsø, Norwegen, , ",+47 (77) 67 89 60,,tromso@teamverksed.no,,yes,no,no,,,yes,,,,,,,,,,,,,,,,,,,
Stig H. Hansen,MA Ersatzteilverkauf LKWLeiter After Sales,Telefon: +47 (77) 67 89 60,Mobil: +47 (90) 01 10 44,Fax: -,E-Mail: stig.harald.hansen@teamverksted.no,            
Trond Robertsen,MA Ersatzteilverkauf LKW,Telefon: +47 (77) 67 89 60,Mobil: -,Fax: -,E-Mail: trond.robertsen@teamverksted.no,            
Even Andreassen,Leiter WerkstattWerkstattmeister,Telefon: +47 (77) 67 89 60,Mobil: +47 (95) 79 61 08,Fax: -,E-Mail: even.andreassen@teamverksted.no,            
Bjørn Magne Pettersen,Werkstattmeister,Telefon: +47 (77) 67 89 60,Mobil: +47 (91) 560391,Fax: -,E-Mail: bjorn-magne.pettersen@teamverksted.no,            
Remi Mikkelsen,Verkäufer LKW,Telefon: +47 (47) 670282,Mobil: +47 (47) 670282,Fax: -,E-Mail: remi.mikkelsen@man.eu,            





TRUCKNOR FØRDE AS,Servicepartner,"Øyrane 10, 6800 Førde, Norwegen, , ",+47 (57) 72 51 00,+47 (57) 72 51 01,firmapost.forde@trucknor.no,,yes,yes,no,,,,,,,,,,,,,,,,,,,,,,
Jan Kåre Rygg,MA Reparaturannahme LKW,Telefon: +47 (57) 72 51 00,Mobil: +47 (48) 19 91 90,Fax: -,E-Mail: jary@trucknor.no,            
Geir Myrvang,Werkstattmeister,Telefon: +47 (57) 72 51 00,Mobil: +47 (94) 17 52 10,Fax: -,E-Mail: gemy@trucknor.no,            
Arvid Gimmestad,Betriebsleiter,Telefon: +47 (57) 86 84 00,Mobil: +47 (48) 13 23 70,Fax: -,E-Mail: argi@trucknor.no,            
Kristine E. Langedal,Management,Telefon: +47 (57) 72 51 00,Mobil: +47 (95) 90 23 10,Fax: -,E-Mail: krla@trucknor.no,            
Odd Magne Hove,Servicemitarbeiter,Telefon: +47 (57) 72 51 00,Mobil: +47 (90) 73 25 35,Fax: -,E-Mail: odho@trucknor.no,            
Arnt Ståle Sunde,Servicemitarbeiter,Telefon: +47 (57) 72 51 00,Mobil: -,Fax: -,E-Mail: arsu@trucknor.no,            
Norodd Støfring,Ersatzteilverkauf,Telefon: +47 (57) 72 51 00,Mobil: +47 (97) 59 10 76,Fax: -,E-Mail: nost@trucknor.no,            





TTS BIL OG DEKKSENTER AS,Servicepartner,"Industriveien 11, 8907 Brønnøysund, Norwegen, , ",+47 (75) 01 81 00,+47 (75) 01 81 80,post@bilogdekksenter.no,http://www.bilogdekksenter.no,yes,no,no,,,,,,,,,,,,,,,,,,,,,,
Ståle Olaussen,Leiter Werkstatt,Telefon: +47 (75) 01 81 70,Mobil: +47 (99) 51 65 21,Fax: +47 (75) 01 81 80,E-Mail: stale@bilogdekksenter.no,            
Torfinn Govasli,Werkstattmitarbeiter LKW,Telefon: +47 (75) 01 81 70,Mobil: -,Fax: +47 (75) 01 81 80,E-Mail: post@bilogdekksenter.no,            
Jørund Govasli,Servicemitarbeiter,Telefon: +47 (75) 01 81 70,Mobil: -,Fax: +47 (75) 01 81 80,E-Mail: post@bilogdekksenter.no,            
Joar Bakken,ErsatzteilverkaufLeiter Teile und Zubehör,Telefon: +47 (75) 01 81 70,Mobil: -,Fax: +47 (75) 01 81 80,E-Mail: joar@bilogdekksenter.no,            





VALDRESBIL AS,Servicepartner,"Spikarmoen 1, 2900 Fagernes, Norwegen, , ",+47 (61) 35 86 00,,post.valdresbil@bos.no,http://www.valdresbil.no,yes,no,no,,,,,,,,,,,,,,,,,,,,,,
Ivar Haugrud,MA Ersatzteilverkauf LKW,Telefon: +47 (90)018552,Mobil: +47 (90)018552,Fax: -,E-Mail: ivar.haugrud@bos.no,            
Knut Hovda,Werkstattmeister,Telefon: +47 (90) 97 29 48,Mobil: +47 (90) 97 29 48,Fax: -,E-Mail: knut.hovda@bos.no,            
Erland Myrheim,Kulanzabfrager,Telefon: +47 (90) 07 37 55,Mobil: +47 (90) 07 37 55,Fax: -,E-Mail: erland.myrheim@bos.no,            
Ivar Gjermund  Riste,Ersatzteilverkauf,Telefon: +47 (48) 27 54 81,Mobil: +47 (48) 27 54 81,Fax: -,E-Mail: ivar.gjermund.riste@bos.no,            
Knut Espeseth,WerkstattmeisterLeiter Werkstatt,Telefon: +47 (47)908989,Mobil: +47 (47)908989,Fax: -,E-Mail: knut.espeseth@bos.no,            
Torstein Døvre,Betriebsleiter,Telefon: +47 (91) 19 45 55,Mobil: +47 (91) 19 45 55,Fax: -,E-Mail: torstein.d@bos.no,            
Ture Haugen,Servicemitarbeiter,Telefon: +47(48)277434,Mobil: +47(48)277434,Fax: -,E-Mail: ture.haugen@bos.no,            





VOSS BIL LASTEBIL AS,Servicepartner,"Storrviki 2, 5710 Skulestadmo, Norwegen, , ",+47 (56) 52 31 19,,lastebil@biltunet.no,,yes,no,no,,,,,,,,,,,,,,,,,,,,,,
Bjørn Ullestad,Leiter Werkstatt,Telefon: +47 (56) 52 31 19,Mobil: +47 (46) 42 58 23,Fax: +47 (56) 52 31 10,E-Mail: lastebil@biltunet.no,            
Kjell Roar Kronstad,Servicemitarbeiter,Telefon: +47 (56) 52 31 19,Mobil: -,Fax: +47 (56) 52 31 10,E-Mail: lastebil@biltunet.no,            
Arild Hole,Leiter Teile und Zubehör,Telefon: +47 (56) 52 31 19,Mobil: +47 (46) 42 58 25,Fax: +47 (56) 52 31 10,E-Mail: arild.hole@biltunet.no,            





