﻿Company Name,Service Partner,Address,Phone Number,Fax,Email,Website,LKW-Service,Bus-Service,MAN Van-Service,Schiffsmotoren-Service,Industriemotoren-Service,LKW-Verkauf,Bus-Verkauf,MAN Van-Verkauf,Schiffsmotoren-Verkauf,Industriemotoren-Verkauf,LKW-MAN_TopUsed,Bus-MAN_TopUsed,MAN Van-MAN_TopUsed,Schiffsmotoren-MAN_TopUsed,Industriemotoren-MAN_TopUsed,LKW-BusTopService,Bus-BusTopService,MAN Van-BusTopService,Schiffsmotoren-BusTopService,Industriemotoren-BusTopService,LKW-eMobility,Bus-eMobility,MAN Van-eMobility,Schiffsmotoren-eMobility,Industriemotoren-eMobility
ARABIAN ENGINEERING SERVICES LLC (MUSCAT),Servicepartner,"Al Romellah Street, Wattayah, 112 Ruwi, Oman, , ",+968(24)578000,+968(24)561631,sbgaes@omantel.net.om,http://www.saudbahwangroup.com,yes,yes,no,,,yes,yes,,,,,,,,,,,,,,,,,,
Rudra Mani Kaushik,Leiter Verkauf Dienstleistungen,Telefon: +968(24)509741,Mobil: +968(99)478397,Fax: +968(24)561631,E-Mail: sbgaes@omantel.net.om,            
Guman Singh,Leiter WerkstattWerkstattmeister LKWWerkstattmeister BUS,Telefon: +968(24)509767,Mobil: +968(92)880163,Fax: +968(24)509755,E-Mail: sbgaes@omantel.net.om,            
Nisar Shaikh,Leiter Werkstatt,Telefon: +968(24)550182,Mobil: +968(99)428388,Fax: +968(24)550005,E-Mail: sbgaes@omantel.net.om,            





ARABIAN ENGINEERING SERVICES LLC (NIZWA),Servicepartner      Verkaufsstandort des Händlers -Arabian Engineering Services LLC.-,"Nizwa, 112 Nizwa, Oman, , ",+968(25)437330,+968(25)437334,sbgaes@omantel.net.om,http://www.saudbahwangroup.com,yes,no,no,,,,,,,,,,,,,,,,,,,,,,
Sudharshan V. Raghuraman,Werkstattmeister LKWLeiter Werkstatt,Telefon: +968(25)437330,Mobil: +968(99)410375,Fax: +968(25)437334,E-Mail: sbgaes@omantel.net.om,            





ARABIAN ENGINEERING SERVICES LLC (SOHAR),Servicepartner,"Sohar, 112 Sohar, Oman, , ",+968(26)762249,+968(26)762107,sbgaes@omantel.net.om,http://www.saudbahwangroup.com,yes,no,no,,,yes,,,,,,,,,,,,,,,,,,,
Sankarapandian Kathiresan,Leiter Werkstatt,Telefon: +968(26)762249,Mobil: +968(92)811289,Fax: +968(26)762107,E-Mail: sbgaes@omantel.net.om,            
Guruprasad Ramesha,Leiter Werkstatt,Telefon: +968(26)762249,Mobil: +968(92)811289,Fax: +968(26)762107,E-Mail: sbgaes@omantel.net.om,            





