﻿Company Name,Service Partner,Address,Phone Number,Fax,Email,Website,LKW-Service,Bus-Service,MAN Van-Service,Schiffsmotoren-Service,Industriemotoren-Service,LKW-Verkauf,Bus-Verkauf,MAN Van-Verkauf,Schiffsmotoren-Verkauf,Industriemotoren-Verkauf,LKW-MAN_TopUsed,Bus-MAN_TopUsed,MAN Van-MAN_TopUsed,Schiffsmotoren-MAN_TopUsed,Industriemotoren-MAN_TopUsed,LKW-BusTopService,Bus-BusTopService,MAN Van-BusTopService,Schiffsmotoren-BusTopService,Industriemotoren-BusTopService,LKW-eMobility,Bus-eMobility,MAN Van-eMobility,Schiffsmotoren-eMobility,Industriemotoren-eMobility
MAN DIESEL & TURBO PAKISTAN (PVT.) LTD. (KARACHI),Servicepartner,"Plot No H-3, Sector 5, Korangi Industrial Area Karachi, Pakistan, , ",+92(21)35292464,,info-pk@mandieselturbo.com,http://www.mandieselturbo.com/pakistan,yes,yes,no,yes,yes,yes,yes,,yes,yes,,,,,,,,,,,,,,,
Irfan Ali,Leiter Verkauf LKWLeiter Verkauf BUS,Telefon: +92(21)35292464,Mobil: +92(345)4555766,Fax: +92(21)35392465,E-Mail: irfan.ali@pk.man.eu,            
Ziad Hussan,Kundenbetreuer BusKundenbetreuer,Telefon: +92(21)35292464,Mobil: +92 (33)2 245 4007 ,Fax: +92 (21) 352 924645,E-Mail: zaid.hussain@mantruckandbus.pk,            
Tariq Farooq,Leiter After Sales,Telefon: +92 (34)5 841 7259 ,Mobil: +92 (34)5 841 7259 ,Fax: +92 (42) 35330094 ,E-Mail: tariq.farooq@pk.man.eu,            





MAN DIESEL & TURBO PAKISTAN (PVT.) LTD. (LAHORE),Servicepartner,"16 K.M., Raiwind Road, 551050 Lahore, Pakistan, , ",+92(42)35330091-3,,info-pk@mandieselturbo.com,http://www.mandieselturbo.com/pakistan,yes,yes,no,yes,yes,yes,yes,,yes,yes,,,,,,,,,,,,,,,
Ali Mushtaq,Leiter Teile und ZubehörVerkäufer After Sales LKW,Telefon: +92(42)35330091,Mobil: +92 (300) 8401347,Fax: +92(42)35330094,E-Mail: ali.mushtaq@pk.man.eu,            
Tariq Farooq		,Leiter After Sales,Telefon: +92 (42) 35330091-3,Mobil: +92 (345) 8417259,Fax: +92(42)35330094,E-Mail: tariq.farooq@pk.man.eu,            
Atif Nazir,Werkstattmitarbeiter LKWWerkstattmitarbeiter Bus,Telefon: +92 (42) 35330091-3 ,Mobil: +92 (42) 35330094,Fax: +92(42)35330094,E-Mail: atif.nazir@mantruckandbus.pk,            
Ghulam Qamar,ServiceassistenzServiceassistenz,Telefon: +92 (42) 35330091-3 ,Mobil: +92 (34)5 841 7263 ,Fax: +92(42)35330094,E-Mail: -,            
Tariq Farooq,,Telefon: +92 (42) 35330091-3,Mobil: +92 (345) 8417259,Fax: +92(42)35330094,E-Mail: tariq.farooq@pk.man.eu,            





