﻿Company Name,Service Partner,Address,Phone Number,Fax,Email,Website,LKW-Service,Bus-Service,MAN Van-Service,Schiffsmotoren-Service,Industriemotoren-Service,LKW-Verkauf,Bus-Verkauf,MAN Van-Verkauf,Schiffsmotoren-Verkauf,Industriemotoren-Verkauf,LKW-MAN_TopUsed,Bus-MAN_TopUsed,MAN Van-MAN_TopUsed,Schiffsmotoren-MAN_TopUsed,Industriemotoren-MAN_TopUsed,LKW-BusTopService,Bus-BusTopService,MAN Van-BusTopService,Schiffsmotoren-BusTopService,Industriemotoren-BusTopService,LKW-eMobility,Bus-eMobility,MAN Van-eMobility,Schiffsmotoren-eMobility,Industriemotoren-eMobility
"A.C. MANUTENÇÃO E COMÉRCIO DE VEICULOS, SA (AVEIRO)","Servicepartner      Verkaufsstandort des Händlers -MAN Truck & Bus Portugal, Soc. Unip. Lda.-","Zona Industrial de Oiã, Rua da Etar, 4, 3530-258 Aveiro, Portugal, , ",+351 (234) 727 030,+351 (234) 727 039,vitorsilva@acman.pt,http://www.acman.pt,yes,yes,no,,,,,,,,,,,,,,,,,,,,,,
Araújo Paula,MA Buchhaltung LKW,Telefon: +351(234)727030,Mobil: -,Fax: -,E-Mail: paula.araujo@distribuidor.man-mn.pt,            
Vitor Silva,KulanzabfragerKulanzabfragerManagement,Telefon: +351(234)727030,Mobil: +351(91)8022862,Fax: +351(234)727039,E-Mail: vitorsilva@acman.pt,            
Catarina Nunes,MA Reparaturannahme LKW,Telefon: +351 (23) 4727030,Mobil: -,Fax: +351 (23) 4727039,E-Mail: catarinanunes@acman.pt,            





"A.C. MANUTENÇÃO E COMÉRCIO DE VEICULOS, SA (LEIRIA)","Servicepartner      Verkaufsstandort des Händlers -MAN Truck & Bus Portugal, Soc. Unip. Lda.-","Estrada Nacional No.1 - km 88 Charneca do Carvalhal, 2460-796 Turquel, Portugal, , ",+351 (262) 915 190,+351 (262) 915 199,geral@acman.pt,http://www.acman.pt,yes,yes,no,,,,,,,,,,,,,,,,,,,,,,
Jorge Ribeiro,Leiter Teile und Zubehör,Telefon: +351(262)915195,Mobil: -,Fax: +351(262)915198,E-Mail: jorgemourao@acman.pt,            





"A.C. MANUTENÇÃO E COMÉRCIO DE VEICULOS, SA (VISEU)","Servicepartner      Verkaufsstandort des Händlers -MAN Truck & Bus Portugal, Soc. Unip. Lda.-","Quinta do Bacelo Cruzamento S. Cosmado, Apartado 176, 3531-909 Mangualde, Portugal, , ",+351 (232) 620 130,+351 (232) 620 139,viseu@acman.pt,,yes,yes,no,,,,,,,,,,,,,,,,,,,,,,
Wilson Santos,MA Ersatzteilverkauf LKWMA Ersatzteilverkauf BUS,Telefon: +351 (232) 62 01 30,Mobil: -,Fax: +351 (232) 62 01 39,E-Mail: wilsonsantos@acman.pt,            
Bidarra Patricia,MA Reparaturannahme LKW,Telefon: +351 (232) 620130,Mobil: -,Fax: +351 (232) 620139,E-Mail: patricia.bidarra@acman.pt,            
Ricardo Soares,Zahlungsgarantie 2 (M24)Zahlungsgarantie 1 (M24),Telefon: +351 (913)318021,Mobil: +351 (913)318021,Fax: -,E-Mail: mobile24-01.pt0041@es.man-mn.com,            





"CARPENOR, LDA","Servicepartner      Verkaufsstandort des Händlers -MAN Truck & Bus Portugal, Soc. Unip. Lda.-","Zona Industrial, Rua A, Lote 4B, 5370-297 Mirandela, Portugal, , ",+351 (278) 263 200,+351 (278) 263 222,carpenor@sapo.pt,,yes,yes,yes,,,,,,,,,,,,,,,,,,,,,,
Filipe José Batista Carvalho,Geschäftsführer,Telefon: +351 (278)263200,Mobil: +351(96) 6106362,Fax: +351(278) 263222,E-Mail: carpenor@sapo.pt,            





"HYDRAPLAN - MANUTENÇÃO E COMÉRCIO DE VEÍCULOS, SA (ALGARVE)","Servicepartner      Verkaufsstandort des Händlers -MAN Truck & Bus Portugal, Soc. Unip. Lda.-","Edificio Hydraplan, Zona industrial de Loulé - Lote 4, 8100-272 Loulé, Portugal, , ",+351 (289) 700 200,+351 (289) 700 209,man.algarve@hydraplan.com,http://www.hydraplan.com,yes,yes,yes,,,yes,,,,,,,,,,,,,,,,,,,





"HYDRAPLAN - MANUTENÇÃO E COMÉRCIO DE VEÍCULOS, SA (LISBOA)","Servicepartner      Verkaufsstandort des Händlers -MAN Truck & Bus Portugal, Soc. Unip. Lda.-","Rua Quinta das Cotovias, nº 2 ; Edifício MAN Truck & Bus Portugal, 2º andar, 2615-365 Alverca do Ribatejo, Portugal, , ",+351 (219) 579 310,+351 (219) 579 319,luis.teixeira@hydraplan.com,http://www.hydraplan.com,yes,yes,yes,,,,,,,,,,,,,,yes,,,,,,,,
Luís Teixeira,Leiter After SalesWerkstattmeister LKWWerkstattmeister BUS,Telefon: +351 (21) 9579318,Mobil: +351 (93) 7333008,Fax: +351 (21) 9579319,E-Mail: luis.teixeira@hydraplan.com,            
Meira Afonso,Geschäftsführer,Telefon: +351(21)9579310,Mobil: +351(93)9955985,Fax: +351(21)9579311,E-Mail: meira.afonso@hydraplan.com,            
Jorge Cotrim,Kundenbetreuer BusKundenbetreuer,Telefon: +351(21)9579320,Mobil: -,Fax: -,E-Mail: jorge.cotrim@hydraplan.com,            
Oliveira António ,Ansprechpartner Zahlungsgarantie BUSAnsprechpartner Zahlungsgarantie LKW,Telefon: +351 (21)9579328 ,Mobil: +351 (93)7333018,Fax: +351 (21)9579311,E-Mail: antonio.oliveira@hydraplan.com,            





MAN S. MIGUEL - LDA,"Servicepartner      Verkaufsstandort des Händlers -MAN Truck & Bus Portugal, Soc. Unip. Lda.-","Travessa da Piedade, 9500-373 Arrifes, Portugal, , ",+351 (296) 307 170,+351 (296) 307 179,mans.miguel@eduardofarialda.pt,,yes,yes,yes,,,yes,,yes,,,,,,,,,,,,,,,,,





MAN TRUCK & BUS PORTUGAL - PORTO,MAN-Servicebetrieb,"Rua Monte do Corgo, 381, 4456-901 Perafita, Portugal, , ",+351 (220) 131 250,+351 (220) 131 269,filipe.oliveira@man.eu,,yes,yes,yes,,,yes,yes,yes,,,yes,yes,yes,,,,yes,,,,,,,,
Jorge Santos,Zahlungsgarantie 1 (M24)Zahlungsgarantie 2 (M24),Telefon: +351 (91) 7542511,Mobil: -,Fax: +351 (22)0131279,E-Mail: man24h.perafita@gmail.com,            
Filipe Oliveira,Leiter Verkauf Dienstleistungen,Telefon: +351(934)391251,Mobil: +351(934)391251,Fax: -,E-Mail: filipe.oliveira@man.eu,            
José Braga,Leiter Werkstatt,Telefon: +351 (22) 01311252,Mobil: -,Fax: -,E-Mail: jose.braga@man.eu,            





"TAR BRAGA, LDA","Servicepartner      Verkaufsstandort des Händlers -MAN Truck & Bus Portugal, Soc. Unip. Lda.-","Rua das Oliveiras, 6, 4705-475 Esporões Braga, Portugal, , ",+351 (253) 281 221,+351 (253)254300,tarbraga@sapo.pt,,yes,yes,yes,,,yes,,yes,,,,,,,,,,,,,,,,,
Rui Gonçalves Vieira,Leiter Werkstatt,Telefon: +351 (253) 28 12 21,Mobil: +351 (934) 32 06 90 ,Fax: +351 (253) 28 12 85,E-Mail: chefeservicos.pt0045@pt.man-mn.com,            
Maria Ines Brito Baptista,MA Reparaturannahme LKW,Telefon: +351 (253) 28 12 21,Mobil: -,Fax: +351 (253) 28 12 85,E-Mail: -,            
Eduardo Alexandre Fernandes Oliveira de Silva,MA Ersatzteilverkauf LKWMA Ersatzteilverkauf BUSLeiter Teile und Zubehör,Telefon: +351 (253) 28 12 21,Mobil: -,Fax: +351 (253) 28 12 85,E-Mail: gerencia.es0042@es.man-mn.com,            
Juan Manuel López Do Pazo,Geschäftsführer,Telefon: +351 (253) 28 12 21,Mobil: -,Fax: +351 (253) 28 12 85,E-Mail: gerencia.es0042@es.man-mn.com,            
Rui Manuel Vieira Gonçalves,Leiter Teile und Zubehör,Telefon: +351 (253) 28 12 21,Mobil: -,Fax: -,E-Mail: chefepecas.pt0045@pt.man-mn.com,            





TOMIAUTO,"Servicepartner      Verkaufsstandort des Händlers -MAN Truck & Bus Portugal, Soc. Unip. Lda.-","Parque Ind. da Cancela Pavilhão MI-5.1, 9125-067 Caniço, Portugal, , ",+351 (291) 930 390,+351 (291) 930 399,geral@tomiauto.com,,yes,yes,yes,,,,,,,,,,,,,,,,,,,,,,





