﻿Company Name,Service Partner,Address,Phone Number,Fax,Email,Website,LKW-Service,Bus-Service,MAN Van-Service,Schiffsmotoren-Service,Industriemotoren-Service,LKW-Verkauf,Bus-Verkauf,MAN Van-Verkauf,Schiffsmotoren-Verkauf,Industriemotoren-Verkauf,LKW-MAN_TopUsed,Bus-MAN_TopUsed,MAN Van-MAN_TopUsed,Schiffsmotoren-MAN_TopUsed,Industriemotoren-MAN_TopUsed,LKW-BusTopService,Bus-BusTopService,MAN Van-BusTopService,Schiffsmotoren-BusTopService,Industriemotoren-BusTopService,LKW-eMobility,Bus-eMobility,MAN Van-eMobility,Schiffsmotoren-eMobility,Industriemotoren-eMobility
PETROCOM LTD,Servicepartner,"Avenue des Poids Lourds, 1576 Kigali, Ruanda, , ",+250(7)88306238,+250(2)52577815,egoffings@petrocom.rw,http://www.petrocom.rw,yes,no,no,,,yes,,,,,,,,,,,,,,,,,,,
Justin Munyakazi,Teamleiter Teile und ZubehörLeiter Teile und Zubehör,Telefon: +250(7)88781143,Mobil: +250(7)88781143,Fax: +250(2)52577815,E-Mail: justinmunyakazi@yahoo.fr,            
Eric Goffings,Werkstattmeister,Telefon: +250(7)83774984,Mobil: -,Fax: -,E-Mail: egoffings@petrocom.rw,            





