﻿Company Name,Service Partner,Address,Phone Number,Fax,Email,Website,LKW-Service,Bus-Service,MAN Van-Service,Schiffsmotoren-Service,Industriemotoren-Service,LKW-Verkauf,Bus-Verkauf,MAN Van-Verkauf,Schiffsmotoren-Verkauf,Industriemotoren-Verkauf,LKW-MAN_TopUsed,Bus-MAN_TopUsed,MAN Van-MAN_TopUsed,Schiffsmotoren-MAN_TopUsed,Industriemotoren-MAN_TopUsed,LKW-BusTopService,Bus-BusTopService,MAN Van-BusTopService,Schiffsmotoren-BusTopService,Industriemotoren-BusTopService,LKW-eMobility,Bus-eMobility,MAN Van-eMobility,Schiffsmotoren-eMobility,Industriemotoren-eMobility
ALICOMTEX S.R.L.,Servicepartner,"Nicolae Balcescu Nr. 29A, 230092 Slatina, Rumänien, , ",+40(249)420016,+40(371)602852,contact@alicomtex.ro,,yes,yes,no,,,,,,,,,,,,,,,,,,,,,,
Filip Buzatu,Geschäftsführer,Telefon: +40(249)420016,Mobil: +40(724)398767,Fax: +40(249)420016,E-Mail: filip.buzatu@alicomtex.ro,            
Marian Mihai,Werkstattmeister,Telefon: +40(249)420016,Mobil: +40(720)202525,Fax: +40(249)420016,E-Mail: alicomtex.slatina@yahoo.com,            
Marius Fierascu,Serviceberater,Telefon: +40(249)420016,Mobil: +40(720)202524,Fax: +40(249)420016,E-Mail: man@alicomtex.ro,            





ATP MOTORS RO S.R.L.,Servicepartner,"B-dul Bucuresti Nr. 65, 430012 Baia Mare, Rumänien, , ",+40(362)403500,+40(372)620684,man@atp-exodus.com,http://www.atp-exodus.com,yes,yes,no,,,yes,yes,,,,yes,yes,,,,,,,,,,,,,
Mihai Ardelean,Leiter Werkstatt,Telefon: +40(362)805695,Mobil: +40(736)884702,Fax: +40(362)409971,E-Mail: mihai.ardelean@atp-exodus.com,            
Mircea Filip,Serviceberater,Telefon: +40(362)620671,Mobil: +40(728)828262,Fax: +40(372)620684,E-Mail: mircea.filip@atp-exodus.com,            





GIG IMPEX SRL,Servicepartner,"Calea Clujului Nr. 294, 410553 Oradea, Rumänien, , ",+40(259)469201,+40(259)469202,man@gigimpex.ro,,yes,yes,no,,,,,,,,,,,,,,,,,,,,,,
Paul Potre,Verkäufer LKW,Telefon: +40(259)433528,Mobil: +40(722)584967,Fax: +40(259)433528,E-Mail: paul.potre@man.ro,            
Gavril Hanga,Leiter Werkstatt,Telefon: +40(259)469201,Mobil: +40(723)227668,Fax: +40(259)469202,E-Mail: man@gigimpex.ro,            





MHS TRUCK SERVICE S.R.L. - BACAU,Servicepartner,"DN2-E85 KM 278, 607355 Nicolae Balcescu, Rumänien, , ",+40(234)572030,+40(234)572029,contact.bacau@man.ro,,yes,yes,no,,,yes,yes,,,,,,,,,,,,,,,,,,
Ovidiu Rosu,Geschäftsführer,Telefon: +40(234)572030,Mobil: +40(748)239306,Fax: +40(234)572029,E-Mail: ovidiu.rosu@man.ro,            
Dorin Jinga,Leiter Werkstatt,Telefon: +40(234)572030,Mobil: +40(753)045684,Fax: +40(234)572029 ,E-Mail: dorin.jinga@man.ro,            





MHS TRUCK SERVICE S.R.L. - BRASOV,Servicepartner,"Ioan Clopotel Nr. 2, 500450 Brasov, Rumänien, , ",+40(268)475800,+40(268)406225,contact.brasov@man.ro,,yes,yes,no,,,yes,yes,,,,,,,,,,,,,,,,,,
Willy Giugiuc,Verkäufer LKW,Telefon: +40(268)475800,Mobil: +40(724)286486,Fax: +40(268)406225,E-Mail: willy.giugiuc@man.ro,            
Adrian Mares,Werkstattmeister,Telefon: +40(268)475800,Mobil: -,Fax: +40(268)406225,E-Mail: adrian.mares@man.ro,            
Augustin Pirvan,Leiter Werkstatt,Telefon: +40(268)475800,Mobil: +40(730)040288,Fax: +40(268)406225,E-Mail: augustin.pirvan@man.ro,            
Sandor Sommerauer,Geschäftsführer,Telefon: +40(268)475800,Mobil: +40(724)255873,Fax: +40(268)406225,E-Mail: sandor.sommerauer@man.ro,            
Lucian Pamfir,Serviceberater,Telefon: +40(268)475800,Mobil: -,Fax: +40(268)406225,E-Mail: lucian.pamfir@man.ro,            





MHS TRUCK SERVICE S.R.L. - BUCURESTI,Servicepartner,"B-dul Iuliu Maniu nr. 592A, 061129 Bucuresti, Rumänien, , ",+40(21)4075900,+40(21)4075981,contact@man.ro,http://www.man.ro,yes,yes,no,,,yes,yes,,,,yes,yes,,,,,,,,,,,,,
Bogdan Toader,Werkstattmeister,Telefon: +40(21)4075990,Mobil: +40(727)739285,Fax: +40(21)4075981,E-Mail: bogdan.toader@man.ro,            
Ion Didulescu,Werkstattmeister,Telefon: +40(21)4075988,Mobil: -,Fax: +40(21)4075981,E-Mail: ion.didulescu@man.ro,            
Bogdan Racasan,Geschäftsführer,Telefon: +40(21)4075900,Mobil: +40(723)313372,Fax: +40(21)4075981,E-Mail: bogdan.racasan@man.ro,            





MHS TRUCK SERVICE S.R.L. - CLUJ NAPOCA,Servicepartner,"Barajului Nr. 1-3, 407280 Floresti, Rumänien, , ",+40(264)333900,+40(264)333928,contact.cluj@man.ro,,yes,yes,no,,,yes,yes,,,,,,,,,,,,,,,,,,
Mihai Man,Leiter Werkstatt,Telefon: +40(264)333900,Mobil: -,Fax: +40(264)333928,E-Mail: mihai.man@man.ro,            
Cornel Groza,Serviceberater,Telefon: +40(264)333900,Mobil: +40(726)678554,Fax: +40(264)333928,E-Mail: cornel.groza@man.ro,            
Valentin Stupariu,Geschäftsführer,Telefon: +40(264)333900,Mobil: +40(727)229859,Fax: +40(264)333928,E-Mail: valentin.stupariu@man.ro,            
Valer Andronesi,Serviceberater,Telefon: +40(264)333906,Mobil: +40(729)885557,Fax: +40(264)333928,E-Mail: valer.andronesi@man.ro,            





MHS TRUCK SERVICE S.R.L. - CONSTANTA,Servicepartner,"B-dul Bratianu Constantin Ion Nr. 250, 900320 Constanta, Rumänien, , ",+40(241)878707,+40(241)878626,contact.constanta@man.ro,,yes,yes,no,,,yes,yes,,,,,,,,,,,,,,,,,,
Adrian Gheorghe,Werkstattmeister,Telefon: +40(241)878707,Mobil: +40(731)790841,Fax: +40(241)878626,E-Mail: adrian.gheorghe@man.ro,            
Marian Serban,Verkäufer LKW,Telefon: +40(241)878707,Mobil: +40(727)710048,Fax: +40(241)878626,E-Mail: marian.serban@man.ro,            
Vlad Popescu,Geschäftsführer,Telefon: +40(241)878707,Mobil: +40(733)501305,Fax: +40(241)878626,E-Mail: vlad.popescu@man.ro,            
Archip Gabriel,,Telefon: +40(241)878707,Mobil: -,Fax: +40(241)878626,E-Mail: gabriel.archip@man.ro,            





MHS TRUCK SERVICE S.R.L. - OTOPENI,Servicepartner,"Drumul Garii Otopeni Nr. 1B, 075100 Otopeni, Rumänien, , ",+40(21)2066040,+40(21)3520423,contact.otopeni@man.ro,,yes,yes,no,,,yes,yes,,,,yes,yes,,,,,,,,,,,,,
Adrian Baricz,Serviceberater,Telefon: +40(21)2066040,Mobil: +40(727)793839,Fax: +40(21)3520423,E-Mail: adrian.baricz@man.ro,            
Daniel Tanasescu,Leiter Werkstatt,Telefon: +40(21)2066040,Mobil: +40(728)808887,Fax: +40(21)3520423,E-Mail: daniel.tanasescu@man.ro,            
Adrian Stoicescu,Serviceberater,Telefon: +40(21)2066040,Mobil: -,Fax: +40(21)3520423,E-Mail: adrian.stoicescu@man.ro,            
Paul Frunza,Serviceberater,Telefon: +40(21)2066040,Mobil: +40(734)737043,Fax: +40(21)3520423,E-Mail: paul.frunza@man.ro,            
Siminiuc Serghei,Geschäftsführer,Telefon: +40(372)245510,Mobil: +40(734)002338  ,Fax: +40(21)3520423,E-Mail: serghei.siminiuc@man.ro,            
Marian Ghiur,Werkstattmeister,Telefon: +40(21)2066040,Mobil: +40(734)737044,Fax: +40(21)3520423,E-Mail: marian.ghiur@man.ro,            





MHS TRUCK SERVICE S.R.L. - SIBIU,Servicepartner,"Salzburg Nr.58, 550018 Sibiu, Rumänien, , ",+40(269)203203,+40(269)203204,contact.sibiu@man.ro,,yes,yes,no,,,yes,yes,,,,yes,yes,,,,,,,,,,,,,
Horia Neagos,Leiter Werkstatt,Telefon: +40(269)203226,Mobil: -,Fax: +40(269)203204,E-Mail: horia.neagos@man.ro,            
Marius Grigore,Verkäufer LKW,Telefon: +40(269)203231,Mobil: +40(731)499265,Fax: +40(269)203204,E-Mail: marius.grigore@man.ro,            
Bogdan Feldman,Verkäufer LKW,Telefon: +40(269)203230,Mobil: +40(731)499264,Fax: +40(269)203204,E-Mail: bogdan.feldman@man.ro,            
Liviu Negut,Verkäufer LKW,Telefon: +40(269)203218,Mobil: +40(722)152675,Fax: +40(269)203204,E-Mail: liviu.negut@man.ro,            
Alexandru Tudose,Serviceberater,Telefon: +40(269)203221,Mobil: -,Fax: +40(269)203204,E-Mail: alexandru.tudose@man.ro,            
Dominic Stanila,Geschäftsführer,Telefon: +40(269)203211,Mobil: +40(730)715751,Fax: +40(269)203203,E-Mail: dominic.stanila@man.ro,            





MHS TRUCK SERVICE S.R.L. - TIMISOARA,Servicepartner,"Calea Lugojului nr. 74, 307200 Ghiroda, Rumänien, , ",+40(256)275975,+40(256)275976,contact.timisoara@man.ro,,yes,yes,no,,,yes,yes,,,,,,,,,,,,,,,,,,
Ekkehard Kraemer,Geschäftsführer,Telefon: +40(256)275975,Mobil: +40(723)208892,Fax: +40(256)275976,E-Mail: e.kraemer@man.ro,            
Marius Nicolae,Verkäufer LKW,Telefon: +40(256)275975,Mobil: +40(722)584970,Fax: +40(256)275976,E-Mail: marius.nicolae@man.ro,            
Florin Rusu,Leiter Werkstatt,Telefon: +40(256)275975,Mobil: +40(732)860720,Fax: +40(256)275976,E-Mail: florin.rusu@man.ro,            
Armin Iobb,Serviceberater,Telefon: +40(256)275975,Mobil: -,Fax: +40(256)275976,E-Mail: armin.iobb@man.ro,            
Cristian Rujescu,Werkstattmeister,Telefon: +40(256)275975,Mobil: +40(735)534544,Fax: +40(256)275976,E-Mail: cristian.rujescu@man.ro,            
Dan Nica,Serviceberater,Telefon: +40(256)275975,Mobil: +40(740)975327,Fax: +40(256)275976,E-Mail: dan.nica@man.ro,            





SC PANAUTO SRL,Servicepartner,"Fermelor Nr. 136, 610252 Piatra Neamt, Rumänien, , ",+40(233)233212,+40(233)233216,panauto@man.ro,,yes,yes,no,,,,,,,,,,,,,,,,,,,,,,
Constantin Prejvara,Geschäftsführer,Telefon: +40(233)233212,Mobil: +40(745)058376,Fax: +40(233)233216,E-Mail: panauto@man.ro,            





TRADO MOTORS S.R.L.,Servicepartner,"Luca Arbore Nr. 3, 700521 Iasi, Rumänien, , ",+40(232)264050,+40(332)402595,man@tradomotors.ro,,yes,no,no,,,,,,,,,,,,,,,,,,,,,,
Catalin  Dobre ,Geschäftsführer,Telefon: +40(232)264050 ,Mobil: -,Fax: +40(232)402595,E-Mail: man@tradomotors.ro,            
Bogdan Cislaru,Serviceberater,Telefon: +40(232)264050 ,Mobil: -,Fax: +40(736)264274,E-Mail: bogdan.cislaru@bmw-trado.ro,            
Edy Danifeld,ServiceberaterWerkstattmeister,Telefon: +40(232)264050,Mobil: +40(736)264274,Fax: -,E-Mail: edy.danifeld@tradomotors.ro,            
Adrian Inderjoschi,Leiter Werkstatt,Telefon: +40(232)264050,Mobil: +40(727)343500,Fax: -,E-Mail: adrian.inderjoschi@tradomotors.ro,            





