﻿Company Name,Service Partner,Address,Phone Number,Fax,Email,Website,LKW-Service,Bus-Service,MAN Van-Service,Schiffsmotoren-Service,Industriemotoren-Service,LKW-Verkauf,Bus-Verkauf,MAN Van-Verkauf,Schiffsmotoren-Verkauf,Industriemotoren-Verkauf,LKW-MAN_TopUsed,Bus-MAN_TopUsed,MAN Van-MAN_TopUsed,Schiffsmotoren-MAN_TopUsed,Industriemotoren-MAN_TopUsed,LKW-BusTopService,Bus-BusTopService,MAN Van-BusTopService,Schiffsmotoren-BusTopService,Industriemotoren-BusTopService,LKW-eMobility,Bus-eMobility,MAN Van-eMobility,Schiffsmotoren-eMobility,Industriemotoren-eMobility
HAJI HUSEIN ALIREZA & CO. LTD (AL-KHOBAR),Servicepartner,"King Faisal Road, 296 Al-Khobar, Saudi Arabien, , ",+966(54) 1173446,,service@hha.com.sa,http://www.hha.com.sa,yes,yes,no,,,yes,yes,,,,,,,,,,,,,,,,,,
Najeeb Rezaee,Leiter Teile und Zubehör,Telefon: +966(13)8588800 2250,Mobil: -,Fax: +966(13)8578392,E-Mail: parts@hha.com.sa,            
John Kurian,Verkäufer LKWVerkäufer BUS,Telefon: +966(13)8588800 2419,Mobil: -,Fax: +966(13)8576574,E-Mail: John@hha.com.sa,            
Abdul Halim Sulaiman,Leiter Verkauf Dienstleistungen,Telefon: +966(13)8588800 2283,Mobil: +966(0)503975583,Fax: +966(13)857 2032,E-Mail: asulaiman@hha.com.sa,            
Haitham  Al Tamimi,Leiter Verkauf LKWVerkäufer LKWVerkäufer BUS,Telefon: +966(13)8588800 2902,Mobil: +966(0)554811171,Fax: +966(13)8588800 2297,E-Mail: htamimi@hha.com.sa,            





HAJI HUSEIN ALIREZA & CO. LTD (JEDDAH),Servicepartner,"Tahlia - Ring Road, 21411 Jeddah, Saudi Arabien, , ",+966(0)552175719,+966 (12) 674 1082,MANSvcCord@hha.com.sa,http://www.hha.com.sa,yes,yes,no,yes,no,yes,yes,,,,,,,,,,,,,,,,,,
Nawar Al-Zoabi,Leiter After Sales,Telefon: +966 (12) 673 4023,Mobil: +966(55)110 2780,Fax: +966 (12) 674 1082,E-Mail: nawar@hha.com.sa,            
Khalid Asad,Leiter Teile und Zubehör,Telefon: +966(12) 6049444 5702 ,Mobil: -,Fax: +966(12) 6428074 ,E-Mail: KAsad@hha.com.sa,            
Mousa Al-Zaubi,Verkäufer BUSVerkäufer LKWLeiter Verkauf BUSLeiter Verkauf LKW,Telefon: +966 (12) 604 9444   6128,Mobil: +966 (54) 6969 000,Fax: +966 (12) 287 3645,E-Mail: MZuabi@hha.com.sa,            





HAJI HUSEIN ALIREZA & CO. LTD (RIYADH),Servicepartner,"Khuris Road, 11642 Riyadh, Saudi Arabien, , ",+966(58) 341 1083,+966 (11) 2350173,mansalesryd@hha.com.sa,http://www.hha.com.sa,yes,yes,no,,,yes,yes,,,,,,,,,,,,,,,,,,
Mohammed Farooq,Leiter Teile und Zubehör,Telefon: +966(11)2377199 7111,Mobil: +996(5)02918883,Fax: +966(11)2350173,E-Mail: mfarooq@hha.com.sa,            
Arnel Halimbawa,Werkstattmeister BUSKundenbetreuerWerkstattmeister LKW,Telefon: +966(11)2377199   7118,Mobil: +966(5)54975160,Fax: +966 (11) 237 4839,E-Mail: manworkshop_riyadh@hha.com.sa,            
Manikathar Pavi,MA Ersatzteilverkauf LKW,Telefon: +966(11)2377199 7125,Mobil: +966(5)09442895,Fax: +966(11)2350173,E-Mail: m.pavi@hha.com.sa,            
Ahmed Hamdi,Leiter Verkauf Dienstleistungen,Telefon: +966 (11) 237 7199    7116,Mobil: +966(58) 341 1083,Fax: +966 (11) 237 4839,E-Mail: ahamdi@hha.com.sa,            
Mohamed Saleh,Leiter Verkauf LKW,Telefon: +966(11)2377199 7102,Mobil: +966(5)05294281,Fax: +966(11)2350173,E-Mail: mansalesryd@hha.com.sa,            
Subhi Quawasmeh,CenterleiterVerkäufer BUSVerkäufer LKW,Telefon: +966(11)2374841,Mobil: +966 (50) 443 1921,Fax: +966(11)2350173,E-Mail: SubhiQ@hha.com.sa,            





HAJI HUSEIN ALIREZA & CO. LTD. (KHAMIS MUSHAIT),Servicepartner,"King Fahd Road, 1760 Khamis Mushait, Saudi Arabien, , ",+966(0) 543846606,+966 (17) 2218516,khamis.service@hha.com.sa,http://www.hha.com.sa,yes,no,no,,,yes,,,,,,,,,,,,,,,,,,,
Mohammed Akbar Hussain,Leiter Teile und Zubehör,Telefon: +966 (17) 2217758 6165,Mobil: -,Fax: +966 (17) 2218516,E-Mail: KMPWSCounter@hha-jeddah.com.sa,            
Adnan Al Hanbali,Leiter Verkauf Dienstleistungen,Telefon: +966 (17) 221 7758    6190,Mobil: -,Fax: +966 (17) 221 8516,E-Mail: aalhanbali@hha.com.sa,            





