﻿Company Name,Service Partner,Address,Phone Number,Fax,Email,Website,LKW-Service,Bus-Service,MAN Van-Service,Schiffsmotoren-Service,Industriemotoren-Service,LKW-Verkauf,Bus-Verkauf,MAN Van-Verkauf,Schiffsmotoren-Verkauf,Industriemotoren-Verkauf,LKW-MAN_TopUsed,Bus-MAN_TopUsed,MAN Van-MAN_TopUsed,Schiffsmotoren-MAN_TopUsed,Industriemotoren-MAN_TopUsed,LKW-BusTopService,Bus-BusTopService,MAN Van-BusTopService,Schiffsmotoren-BusTopService,Industriemotoren-BusTopService,LKW-eMobility,Bus-eMobility,MAN Van-eMobility,Schiffsmotoren-eMobility,Industriemotoren-eMobility
FALU BIL OCH MASKINSERVICE AB,Servicepartner      Verkaufsstandort des Händlers -MAN Truck & Bus Sverige AB-,"Ingarsvägen 9, 791 77 Falun, Schweden, , ",+46(0)23-705580,,dan@falubm.se,,yes,no,no,,,,,,,,,,,,,,,,,,,,,,





GRÖNNÄS AUTOSERVICE AB,Servicepartner,"Knuts väg 4, 44641 Skepplanda, Schweden, , ",+46(303)338336,+46(303)337317,patrik@gronnasautoservice.se,,yes,no,no,,,,,,,,,,,,,,,,,,,,,,





LASTVAGNSVERKSTAN I ÖREBRO AB,Servicepartner      Verkaufsstandort des Händlers -MAN Truck & Bus Sverige AB-,"Bettorpsgatan 10, 703 69 Örebro, Schweden, , ",+46(0)19103030,,info@lastvagnsverkstan.se,,yes,no,yes,,,,,,,,,,,,,,,,,,,,,,
Mats Holger Pettersson,ServicemitarbeiterBetriebsleiter,Telefon: +46(0)730228795,Mobil: -,Fax: -,E-Mail: mats@lastvagnsverkstan.se,            
Jens Karl Olof Andreasson,Geschäftsführer,Telefon: +46(0)730228795,Mobil: +46(0)730228795,Fax: -,E-Mail: jens@lastvagnsverkstan.se,            





LBC ÄNGSTORP,Servicepartner,"Industrigatan 19, 31234 Laholm, Schweden, , ",+46(0)43012060,+46 (430) 120 59,lager@lbc-angstorp.se,http://www.lbc-angstorp.se/Företag/Tjänster/Verkstad,yes,no,no,,,,,,,,,,,,,,,,,,,,,,





"MALTE MÅNSON VERKSTÄDER AB, KARLSTAD",Servicepartner,"Lovartsgatan 9, 65221 Karlstad, Schweden, , ",+46 (54)555 760,+46 (54) 850766,karlstad@maltemanson.com,,yes,no,no,,,,,,,,,,,,,,,,,,,,,,





"MALTE MÅNSON VERKSTÄDER AB, KRISTIANSTAD",Servicepartner      Verkaufsstandort des Händlers -MAN Truck & Bus Sverige AB-,"Källundavägen 285-25, 291 93 Önnestad, Schweden, , ",+46(0)443000370,,onnestad@maltemanson.com,,yes,no,yes,,,,,,,,,,,,,,,,,,,,,,





"MALTE MÅNSON VERKSTÄDER AB, LINKÖPING",Servicepartner      Verkaufsstandort des Händlers -MAN Truck & Bus Sverige AB-,"Runstensgatan 1A, 58278 Linköping, Schweden, , ",+46(0)131900100,,linkoping@maltemanson.com,,yes,no,yes,,,,,,,,,,,,,,,,,,,,,,
Patrik Hall,Betriebsleiter,Telefon: +46(0)131900100,Mobil: -,Fax: -,E-Mail: patrik.hall@maltemanson.com,            





"MALTE MÅNSON VERKSTÄDER AB, UPPSALA",Servicepartner      Verkaufsstandort des Händlers -MAN Truck & Bus Sverige AB-,"Söderforsgatan 1, 752 28 Uppsala, Schweden, , ",+46(0)18120378,,uppsala@maltemanson.com,http://verkstad.maltemanson.com/verkstader/uppsala.aspx,yes,no,no,,,,,,,,,,,,,,,,,,,,,,





"MALTE MÅNSON VERKSTÄDER AB, VÄSTERÅS",Servicepartner      Verkaufsstandort des Händlers -MAN Truck & Bus Sverige AB-,"Omformaregatan 8, 72137 Västerås, Schweden, , ",+46(0)21810310,+46 (21) 810 536,vasteras@maltemanson.com,,yes,no,yes,,,,,,,,,,,,,,,,,,,,,,





"MALTE MÅNSON VERKSTÄDER AB, ÖREBRO",Servicepartner      Verkaufsstandort des Händlers -MAN Truck & Bus Sverige AB-,"Berglundavägen 10a, SE70236 Örebro, Schweden, , ",+46 (19)274 000,,orebro@maltemanson.com,,yes,no,yes,,,,,,,,,,,,,,,,,,,,,,
Christian Douhan,Betriebsleiter,Telefon: +46(0)197000138,Mobil: +46(0)765383738,Fax: -,E-Mail: christian.douhan@maltemanson.com,            





"MAN TRUCK & BUS SVERIGE AB, GÖTEBORG",MAN-Servicebetrieb      Verkaufsstandort des Händlers -MAN Truck & Bus Sverige AB-,"Katrinerovägen 2c, 41749 Göteborg, Schweden, , ",+46(31)3551503,+46(31)52 74 59,gunnar.nilsson@man.eu,http://.www.mantruckandbus.se,,,,,,yes,,,,,,,,,,,,,,,,,,,





"MAN TRUCK & BUS SVERIGE AB, HELSINGBORG",MAN-Servicebetrieb      Verkaufsstandort des Händlers -MAN Truck & Bus Sverige AB-,"Basaltgatan 1, 25468 Helsingborg, Schweden, , ",+46(0)406415050,,evert.landgren@man.eu,http://www.mantruckandbus.se,,,,,,yes,,,,,,,,,,,,,,,,,,,
Hans Ivarsson,Verkäufer LKW,Telefon: +46(703)607100,Mobil: -,Fax: -,E-Mail: hans.ivarsson@man.eu,            





"MAN TRUCK & BUS SVERIGE AB, JÖNKÖPING",MAN-Servicebetrieb      Verkaufsstandort des Händlers -MAN Truck & Bus Sverige AB-,"Fordonsvägen 8, 55302 Jönköping, Schweden, , ",+46(0)708590740,,olof.johansson@man.eu,http://www.mantruckandbus.se,,,,,,yes,,yes,,,,,,,,,,,,,,,,,





"MAN TRUCK & BUS SVERIGE AB, KUNGENS KURVA",MAN-Servicebetrieb      Verkaufsstandort des Händlers -MAN Truck & Bus Sverige AB-,"Kungens Kurvaleden 4, 14175 Kungens Kurva, Schweden, , ",+46(8)56473900,+46(8)56473926,info@man.eu,http://www.mantruckandbus.se,,,,,,yes,,yes,,,yes,,yes,,,,,,,,,,,,
Mats Hanning,Leiter Verkauf LKW,Telefon: +46(8)56473900,Mobil: -,Fax: -,E-Mail: mats.hanning@man.eu,            
Håkan Herrala,Verkäufer LKW,Telefon: +46(8)56473900,Mobil: -,Fax: -,E-Mail: Hakan.Herrala@man.eu,            
Michael Kahl,Verkäufer Gebrauchtwagen LKW,Telefon: +46(8)56473914,Mobil: -,Fax: -,E-Mail: michael.kahl@man.eu,            





"MAN TRUCK & BUS SVERIGE AB, KUNGSÄNGEN",MAN-Servicebetrieb      Verkaufsstandort des Händlers -MAN Truck & Bus Sverige AB-,"Mätarvägen 16, 19637 Kungsängen, Schweden, , ",+46(8)56473900,+46(8)56473927,Info.Sweden@man.eu,http://www.mantruckandbus.se,,,,,,yes,,,,,,,,,,,,,,,,,,,





"MAN TRUCK & BUS SVERIGE AB, LINKÖPING",MAN-Servicebetrieb      Verkaufsstandort des Händlers -MAN Truck & Bus Sverige AB-,"Runstensgatan 1A, 58278 Linköping, Schweden, , ",+46(702)298448,,jens.karlsson@man.eu,,,,,,,yes,,,,,,,,,,,,,,,,,,,
Jens Karlsson,Verkäufer LKW,Telefon: +46(702)298448,Mobil: -,Fax: -,E-Mail: jens.karlsson@man.eu,            





"MAN TRUCK & BUS SVERIGE AB, ÖREBRO",MAN-Servicebetrieb,"Berglundavägen 10A, SE70236 Örebro, Schweden, , ",+46(8)56473921,+46(8)56473926,,,,,,,,yes,,,,,,,,,,,,,,,,,,,





MAN TRUCK CENTER MALMÖ,MAN-Servicebetrieb      Verkaufsstandort des Händlers -MAN Truck & Bus Sverige AB-,"Vattenverksvägen 81 – 83, 232 91 Arlöv, Schweden, , ",+46(0)406415000,,service.malmo@man.eu,,yes,no,yes,no,yes,yes,,yes,,,yes,,yes,,,,,,,,,,,,
Breakdown mobile24,,Telefon: +46(0)729837091,Mobil: -,Fax: -,E-Mail: jour.malmo@man.eu,            





MOTORPARK LASTBILSVERKSTAD AB,Servicepartner      Verkaufsstandort des Händlers -MAN Truck & Bus Sverige AB-,"Kungens Kurvaleden 4, 14175 Kungens Kurva, Schweden, , ",+46(8)6851400,+46(8)6851480,patrik.olsson@neoplan.se,,yes,no,yes,,,,,,,,,,,,,,,,,,,,,,
Patrik Olsson,Betriebsleiter,Telefon: +46(8)6851400,Mobil: -,Fax: -,E-Mail: patrik.olsson@neoplan.se,            
mob24 Breakdown,,Telefon: +46(0)86851495,Mobil: +46(0)705363291,Fax: -,E-Mail: bjorn.hellstrom@neoplan.se,            





NEOPLAN SYD AB,Servicepartner      Verkaufsstandort des Händlers -MAN Truck & Bus Sverige AB-,"Basaltgatan 1, 25468 Helsingborg, Schweden, , ",+46(0)4254575,,vsthbg@neoplan.se,,yes,no,yes,,,,,,,,,,,,,,,,,,,,,,
24 Mobile,Betriebsleiter,Telefon: +46(70) 526 73 93,Mobil: +46(70) 526 73 93,Fax: -,E-Mail: verkstad.hbg@neoplan.se,            





"NEOPLAN SYD AB, HELSINGBORG",Servicepartner,"Basaltgatan 1, 254 68 Helsingborg, Schweden, , ",+46 (42)545 75,,vsthbg@neoplan.se,http://www.neoplan.se,yes,yes,yes,,,,,,,,,,,,,,,,,,,,,,





"NEOPLAN VÄST AB, GÖTEBORG",Servicepartner      Verkaufsstandort des Händlers -MAN Truck & Bus Sverige AB-,"Katrinerovägen 2c, 417 49 Göteborg, Schweden, , ",+46 (31)705 06 60,+46 (31)554150,rolf.andersson@neoplan.se,http://www.neoplan.se,yes,yes,yes,,,,,,,,,,,,,,,,,,,,,,
Martin Levin,Werkstattmeister BUS,Telefon: +46 (31) 705 06 60,Mobil: -,Fax: +46(31)550595,E-Mail: martin.levin@neoplan.se,            





"NEOPLAN VÄST AB, GÖTEBORG",Servicepartner      Verkaufsstandort des Händlers -Svenska Neoplan AB-,"Katrinerovägen 2b, 41749 Göteborg, Schweden, , ",+46(31)705 06 60,+46(31)554150,,http://www.svenskaneoplan.se,yes,no,yes,,,,,,,,,,,,,,,,,,,,,,
mob24 Breakdown,,Telefon: +46(0)706705230,Mobil: -,Fax: -,E-Mail: man24.neoplan@gmail.com ,            





"NEOPLAN VÄST AB, MOTALA",Servicepartner      Verkaufsstandort des Händlers -Svenska Neoplan AB-,"Delfinvägen 3, SE59132 Motala, Schweden, , ",+46(0)141233620,+46(0)141233630,fredrik.karlsson@neoplan.se,http://WWW.Neoplan.se,yes,no,yes,no,yes,,,,,,,,,,,,,,,,,,,,





"NEOPLAN VÄST AB, UPPSALA",Servicepartner      Verkaufsstandort des Händlers -Svenska Neoplan AB-,"Kungsängsgatan 62, 75318 Uppsala, Schweden, , ",+46(18)157810,+46(18)714460,lennart.westerling@neoplan.se,http://Neoplan.se,yes,no,yes,,,,,,,,,,,,,,,,,,,,,,





NEOPLAN VÄST UPPSALA,Servicepartner      Verkaufsstandort des Händlers -MAN Truck & Bus Sverige AB-,"Kungsängsgatan 62, 753 18 Uppsala, Schweden, , ",+46 (18)15 78 10,+46 (18) 71 44 60,lennart.westerling@neoplan.se,http://www.neoplan.se,yes,yes,yes,,,,,,,,,,,,,,,,,,,,,,
Lennart Westerling,,Telefon: +46(18)157810,Mobil: -,Fax: +46(18)714460,E-Mail: lennart.westerling@neoplan.se,            





"NEOPLAN VÄST, MOTALA",Servicepartner      Verkaufsstandort des Händlers -MAN Truck & Bus Sverige AB-,"Delfinvägen 3, SE59132 Motala, Schweden, , ",+46(141)233620,+46(141)233630,fredrik.karlsson@neoplan.se,http://www.neoplan.se,yes,yes,yes,,,,,,,,,,,,,,,,,,,,,,





SKEPPSBRONS JÖNKÖPING AB,Servicepartner      Verkaufsstandort des Händlers -MAN Truck & Bus Sverige AB-,"Fordonsvägen 8, 55302 Jönköping, Schweden, , ",+46 (36)369030,+46 (36) 127518,bengt.hestner@skeppsbrons.se,,yes,no,yes,,,,,,,,,,,,,,,,,,,,,,





"STS SYDHAMNENS TRAILER SERVICE AB, BORLÄNGE",Servicepartner      Verkaufsstandort des Händlers -MAN Truck & Bus Sverige AB-,"Planerargatan 5, 78170 Borlänge, Schweden, , ",+46 (0)243217900,+46 (0)24316648,robin.eklund@ststrailerservice.se,,yes,no,yes,,,,,,,,,,,,,,,,,,,,,,





"STS SYDHAMNENS TRAILER SERVICE AB, KUNGSÄNGEN",Servicepartner      Verkaufsstandort des Händlers -MAN Truck & Bus Sverige AB-,"Mätarvägen 16, 196 37 Kungsängen, Schweden, , ",+46(8)4748080,+46(8)58081801,jarfalla@ststrailerservice.se,,yes,no,yes,,,,,,,,,,,,,,,,,,,,,,
Mikael Jansson,Werkstattmeister LKW,Telefon: +46(0)84748080,Mobil: +46(0)761195410,Fax: +46(0)858081801,E-Mail: jarfalla@ststrailerservice.se,            





"STS SYDHAMNENS TRAILER SERVICE AB, MALMÖ",Servicepartner      Verkaufsstandort des Händlers -MAN Truck & Bus Sverige AB-,"Terminalgatan 5, 21124 Malmö, Schweden, , ",+46 (0)406747910,,malmo@ststrailerservice.se,,yes,no,yes,,,,,,,,yes,,,,,,,,,,,,,,





"STS SYDHAMNENS TRAILERSERVICE AB, LULEÅ",Servicepartner      Verkaufsstandort des Händlers -MAN Truck & Bus Sverige AB-,"Besiktningsvägen 6, 97345 Luleå, Schweden, , ",+46(0)920254180,+46 (920)251631,,,yes,no,yes,no,yes,,,,,,,,,,,,,,,,,,,,
Pannenmonteur 24h,,Telefon: +46 (70)6154130,Mobil: +46 (72)5005205,Fax: -,E-Mail: par.lindstrom@ststrailerservice.se,            





"STS SYDHAMNENS TRAILERSERVICE AB, SUNDSVALL",Servicepartner,"Förmansvägen 9, 85753 Sundsvall, Schweden, , ",+46(0)60100150,+46 (60) 525354,,,yes,no,no,,,,,,,,,,,,,,,,,,,,,,





"STS SYDHAMNENS TRAILERSERVICE AB, UMEÅ",Servicepartner,"Kontaktvägen 1, 90133 Umeå, Schweden, , ",+46(0)90 17 80 00,+46(0)90138547,infoumea@ststrailerservice.se,,yes,no,no,no,yes,,,,,,,,,,,,,,,,,,,,





SÖDERSIDANS LASBILSVERKSTAD AB,Servicepartner      Verkaufsstandort des Händlers -MAN Truck & Bus Sverige AB-,"Svarvarvägen 13, 14250 Skogås, Schweden, , ",+46 (8)771 60 00,+46 (8) 771 60 99,info@sodersidan.se,,yes,no,yes,,,,,,,,,,,,,,,,,,,,,,
Tommy Hjelm,Werkstattmeister LKW,Telefon: +46(8)7716000,Mobil: +46(7)0779210,Fax: +46(0)87716099,E-Mail: tommy@sodersidan.se,            
Frasse Andersson,Werkstattmeister LKW,Telefon: +46(8)7716000,Mobil: +46(70)8889341,Fax: +46(0)87716099,E-Mail: frasse@sodersidan.se,            





