﻿Company Name,Service Partner,Address,Phone Number,Fax,Email,Website,LKW-Service,Bus-Service,MAN Van-Service,Schiffsmotoren-Service,Industriemotoren-Service,LKW-Verkauf,Bus-Verkauf,MAN Van-Verkauf,Schiffsmotoren-Verkauf,Industriemotoren-Verkauf,LKW-MAN_TopUsed,Bus-MAN_TopUsed,MAN Van-MAN_TopUsed,Schiffsmotoren-MAN_TopUsed,Industriemotoren-MAN_TopUsed,LKW-BusTopService,Bus-BusTopService,MAN Van-BusTopService,Schiffsmotoren-BusTopService,Industriemotoren-BusTopService,LKW-eMobility,Bus-eMobility,MAN Van-eMobility,Schiffsmotoren-eMobility,Industriemotoren-eMobility
DEWACO MAN SERVICE MOBILE 24,Servicepartner      Verkaufsstandort des Händlers -DEWACO MAN Importer d.o.o-,"Ugrinovacki put b b Industrijska zona, 22314 Krnjesevci, Serbien, , ",+381 (0)22 366 400,+381 (0)22 366 402,office@man.rs,http://www.man.rs,yes,yes,no,no,yes,yes,,,,yes,yes,yes,,,,,,,,,,,,,
Mirkovic Bojan,Leiter Verkauf DienstleistungenKulanzabfragerAfter Sales Leiter Assistenz BUS,Telefon: +381(0)22 366 451,Mobil: +381(0)63 10 96 548 ,Fax: +381(0)22 366 455,E-Mail: bojan.mirkovic@man.rs,            
Prokić Goran,Leiter After Sales,Telefon: +381 (0)22 366 430,Mobil: +381 (0) 63 10 96 542,Fax: +381 (0)22 366 463,E-Mail: goran.prokic@man.rs,            
Novoselac Bojan,MA Ersatzteilverkauf BUSMA Ersatzteilverkauf LKW,Telefon: +381 (0)22 366 461,Mobil: -,Fax: +381 (0)22 366 463,E-Mail: bojan.novoselac@man.rs,            





DRAGACEVAC D.O.O.,Servicepartner,"Ibarski put bb, 32212 Cacak-Prislonica, Serbien, , ",+381(32)5485730,+381(32)5485740,asdragacevac@open.telekom.rs,,yes,no,no,,,,,,,,,,,,,,,,,,,,,,





DRJ D.O.O.,Servicepartner,"Zajecarski put bb, 35255 Donja Mutnica-Paracin, Serbien, , ",+381 (0)35 540 333,+381 (0)35 540 555,gp.zoran.r@gmail.com,,yes,yes,no,,,,,,,,,,,,,,,,,,,,,,
Dragan Radunovic,Leiter Verkauf Dienstleistungen,Telefon: +381 (0)35 540-555,Mobil: +381 (0)63 602 166,Fax: -,E-Mail: gp.zoran.r@manservice.rs,            





GRANKOMERC D.O.O.,Servicepartner,"Majora Zorana Radosavljevića 313, 11273 Belgrad - Batajnica, Serbien, , ",+381 (11)74 80 326,+381 (11) 78 70 520,office@grankomerc.rs,http://www.grankomerc.rs,yes,no,no,,,,,,,,,,,,,,,,,,,,,,
Skrbic Branislav,Direktor,Telefon: +381(0)117 480 004,Mobil: +381(0)65 2129 002,Fax: +381(0)117 480 004,E-Mail: office@grankomerc.rs,            





