﻿Company Name,Service Partner,Address,Phone Number,Fax,Email,Website,LKW-Service,Bus-Service,MAN Van-Service,Schiffsmotoren-Service,Industriemotoren-Service,LKW-Verkauf,Bus-Verkauf,MAN Van-Verkauf,Schiffsmotoren-Verkauf,Industriemotoren-Verkauf,LKW-MAN_TopUsed,Bus-MAN_TopUsed,MAN Van-MAN_TopUsed,Schiffsmotoren-MAN_TopUsed,Industriemotoren-MAN_TopUsed,LKW-BusTopService,Bus-BusTopService,MAN Van-BusTopService,Schiffsmotoren-BusTopService,Industriemotoren-BusTopService,LKW-eMobility,Bus-eMobility,MAN Van-eMobility,Schiffsmotoren-eMobility,Industriemotoren-eMobility
"A-MB, TRGOVINA IN STORITVE, D.O.O.",Servicepartner,"Jadranska cesta 25, 2000 Maribor, Slowenien, , ",+386(2)333 55 10,+386(2)333 55 18,info@a-mb.si,http://www.a-mb.si,yes,no,yes,no,yes,,,,,,,,,,,,,,,,,,,,
Jože Korošec,Leiter Werkstatt,Telefon: +386(2)3335523,Mobil: +386(51)638931,Fax: +386(2)3335547,E-Mail: joze.korosec@a-mb.si,            
Danijel Kristl,Geschäftsführer,Telefon: +386(2)3335540,Mobil: +386(31)386941,Fax: +386(2)3335518,E-Mail: danijel.kristl@a-mb.si,            
Zdravko Virtnik,Leiter Teile und Zubehör,Telefon: +386(2)3335517,Mobil: +386(51)638935,Fax: +386(2)3335538,E-Mail: man@a-mb.si,            
Joze Horvat,Werkstattmeister LKW,Telefon: +386(2)3335543,Mobil: +386(51)638931,Fax: +386(2)3335547,E-Mail: man@a-mb.si,            
Franc Marinic,MA Ersatzteilverkauf LKW,Telefon: +386(2)3335517,Mobil: +386(51)638935,Fax: +386(2)3335538,E-Mail: man@a-mb.si,            





"A-MB, TRGOVINA IN STORTVE, D.O.O.",Servicepartner,"Ipavčeva ulica 21, 3000 Celje, Slowenien, , ",+386 (0)3 426 12 15,+386 (0)3 426 12 14,amb.celje@a-mb.si,http://www.a-mb.si,yes,no,no,,,,,,,,,,,,,,,,,,,,,,
Rafael Jošt,Leiter Teile und Zubehör,Telefon: +386 (0)3 426 13 88,Mobil: +386 (0)31 627 805,Fax: +386 (0)3 426 12 14,E-Mail: amb.celje@a-mb.si        ,            
Milenko Hubej,MA Ersatzteilverkauf LKW,Telefon: +386 (0)3 426 13 56,Mobil: +386 (0)31 627 805,Fax: +386 (0)3 426 12 14,E-Mail: amb.celje@a-mb.si        ,            
Milan Hribernik,Betriebsleiter,Telefon: +386 (0)3 426 12 15 ,Mobil: +386 (0)41 957 704,Fax: +386 (0)3 426 12 14 ,E-Mail: milan.hribernik@a-mb.si,            
Bojan Kosar,Geschäftsführer,Telefon: +386 (0)2 333 55 15,Mobil: +386 (0)41 609 324,Fax: +386 (0)2 333 55 18,E-Mail: bojan.kosar@a-mb.si,            





MAN TRUCK & BUS SLOVENIJA D.O.O.,MAN-Servicebetrieb,"Brnciceva ulica 35, 1231 Ljubljana, Slowenien, , ",+386 (0)15309300,+386(0)15309343,info-man-slo@man.eu,http://www.mantruckandbus.si,yes,yes,yes,no,yes,yes,yes,yes,,yes,yes,yes,,,,,,,,,,,,,
Drago Garbajs,Verkäufer Gebrauchtwagen LKW,Telefon: +386(0)15309355,Mobil: +386(0)41631066,Fax: +386(0)15309342,E-Mail: drago.garbajs-man@gva-center.si,            
Anton Kužnik,Verkäufer LKW,Telefon: +386(0)15309312,Mobil: +386(0)41765900,Fax: +386(0)15309342,E-Mail: anton.kuznik@man.eu,            
Roman Oresnik,Leiter After Sales,Telefon: +386(0)15309320,Mobil: +386(0)41666375,Fax: +386(0)15309343,E-Mail: roman.oresnik@man.eu,            
Peter Pavlin,Verkäufer LKW,Telefon: +386(0)15309334,Mobil: +386(0)31668809,Fax: +386(0)15309342,E-Mail: peter.pavlin@man.eu,            
Branko Katanic,Verkäufer LKW,Telefon: +386(0)23335500,Mobil: +386(0)41811305,Fax: +386(0)15309342,E-Mail: branko.katanic@man.eu,            
Marko Fidler,Verkäufer LKW,Telefon: +386(0)15309357,Mobil: +386(0)31698417,Fax: +386(0)15309342,E-Mail: marko.fidler@man.eu,            
Aleksandra Majeric,Verkäufer BUS,Telefon: +386(0)15309316,Mobil: +386(0)51675440,Fax: +386(0)15309342,E-Mail: aleksandra.majeric@man.eu,            
Jaka Matek,MA Ersatzteilverkauf LKW,Telefon: +386(0)15309314,Mobil: -,Fax: +386(0)15309343,E-Mail: jaka.matek.a@man.eu,            
Roman Butala,MA Ersatzteilverkauf LKW,Telefon: +386(0)15309306,Mobil: -,Fax: +386(0)15309343,E-Mail: roman.butala@man.eu,            
Uros Slak,MA Ersatzteilverkauf LKW,Telefon: +386(0)15309314,Mobil: +386(0)31356400,Fax: +386(0)15309343,E-Mail: uros.slak@man.eu,            
Tanja Cinc,"Leiter Marketing, Kommunikation und Entwicklung",Telefon: +386(0)15309330,Mobil: +386(0)30620133,Fax: +386(0)15309342,E-Mail: tanja.cinc@man.eu,            
Primož Plaznik,Serviceassistenz,Telefon: +386(0)15309304,Mobil: +386(0)41364076,Fax: +386(0)15309342,E-Mail: primoz.plaznik@man.eu,            
Dejan Seferovic,MA Technik / Fahrzeugdisposition ,Telefon: +386(0)15309326,Mobil: -,Fax: +386(0)15309342,E-Mail: dejan.seferovic@man.eu,            
Marko Rojc,Verkäufer LKW,Telefon: +386(0)15309302,Mobil: +386(0)31765900,Fax: +386(0)15309342,E-Mail: marko.rojc@man.eu,            
Martin Strier,Direktor,Telefon: +386(0)15309310,Mobil: +386(0)51339900,Fax: +386(0)15309342,E-Mail: martin.strier@man.eu,            
Branko Zerovnik,MA Reparaturannahme LKW,Telefon: +386(0)15309344,Mobil: -,Fax: +386(0)15309343,E-Mail: branko.zerovnik@man.eu,            
Ervin Miklavec,Leiter Werkstatt,Telefon: +386(0)15309349,Mobil: +386(0)51691688,Fax: +386(0)15309343,E-Mail: ervin.miklavec@man.eu,            
Slavko Lamovšek,Leiter Teile und Zubehör,Telefon: +386(0)15309332,Mobil: +386(0)31310990,Fax: +386(0)15309343,E-Mail: slavko.lammovsek@man.eu,            





PRIGO D.O.O. BREZOVICA,Servicepartner,"Mladinska ulica 89, 1000 Ljubljana, Slowenien, , ",+386 (1) 365 83 00,+386 (1) 320 18 33,servis@prigo.si,http://www.prigo.si,yes,no,yes,,,,,,,,,,,,,,,,,,,,,,
Štefan Lotrič,Betriebsleiter,Telefon: +386(0)13658308,Mobil: +386(0)41661650,Fax: +386(0)13201833,E-Mail: stefan.lotric@prigo.si,            
Bergant Matjaž,Teamleiter Teile und Zubehör,Telefon: +386(0)13658301,Mobil: +386(0)51301515,Fax: +386(0)13201833,E-Mail: matjaz.bergant@prigo.si,            
Branko Lenarčič,MA Reparaturannahme LKW,Telefon: +386(0)13658310,Mobil: +386(0)31301515,Fax: +386(0)13201833,E-Mail: branko.lenarcic@prigo.si,            
Aljoša Kuštrin,MA Ersatzteilverkauf LKW,Telefon: +386 (1) 365 83 05,Mobil: +386 (51) 288 000,Fax: +386 (1) 320 18 33,E-Mail: aljosa.kustrin@prigo.si,            
Klemen Cerar,Werkstattmeister LKW,Telefon: +386 (1) 365 83 10,Mobil: +386 (41) 301 515 ,Fax: +386 (1) 320 18 33,E-Mail: klemen.cerar@prigo.si,            





STV PLUS,Servicepartner      Verkaufsstandort des Händlers -MAN Truck & Bus Slovenija d.o.o.-,"Ločna 10A, 8000 Novo Mesto, Slowenien, , ",+386(07)3730415,,matic.bradac@stvplus.si,,yes,no,no,,,,,,,,,,,,,,,,,,,,,,





