﻿Company Name,Service Partner,Address,Phone Number,Fax,Email,Website,LKW-Service,Bus-Service,MAN Van-Service,Schiffsmotoren-Service,Industriemotoren-Service,LKW-Verkauf,Bus-Verkauf,MAN Van-Verkauf,Schiffsmotoren-Verkauf,Industriemotoren-Verkauf,LKW-MAN_TopUsed,Bus-MAN_TopUsed,MAN Van-MAN_TopUsed,Schiffsmotoren-MAN_TopUsed,Industriemotoren-MAN_TopUsed,LKW-BusTopService,Bus-BusTopService,MAN Van-BusTopService,Schiffsmotoren-BusTopService,Industriemotoren-BusTopService,LKW-eMobility,Bus-eMobility,MAN Van-eMobility,Schiffsmotoren-eMobility,Industriemotoren-eMobility
"AVE-MOTO, S.R.O.",Servicepartner      Verkaufsstandort des Händlers -MAN Truck & Bus Slovakia s.r.o.-,"Trencianska 56, 915 01 Nove Mesto nad Vahom, Slowakische Republik, , ",+421(32) 740 63 19,+421(32) 740 63 19,prijem@avemoto.sk,http://www.avemoto.sk,yes,yes,yes,,,yes,,yes,,,,,,,,,,,,,,,,,
Jozef Depeš,Werkstattmeister,Telefon: +421(32) 740 63 19,Mobil: +421(911) 262 689,Fax: +421(32) 740 63 19,E-Mail: prijem@avemoto.sk,            
Jaroslav Fedak,Leiter Werkstatt,Telefon: +421 (32) 74 06 319,Mobil: +421(902) 271 727,Fax: +421 (32) 74 06 319,E-Mail: servis@avemoto.sk,            
Pavol Maco,Werkstattmeister,Telefon: +421 (32) 74 06 319,Mobil: +421(911) 262 625,Fax: +421 (32) 74 06 319,E-Mail: majster@avemoto.sk,            
Peter Gorc,MA Ersatzteilverkauf LKW,Telefon: +421 (32) 74 06 319,Mobil: +421 (903) 461 299,Fax: +421(32) 740 63 19,E-Mail: sklad@avemoto.sk,            
Servis 24 Maco Pavol,Pannenmonteur,Telefon: +421 (32) 74 06 319,Mobil: +421 (911) 262 625,Fax: +421(32) 740 63 19,E-Mail: mobile24@avemoto.sk,            





"BCI-S&T, S.R.O.",Servicepartner      Verkaufsstandort des Händlers -MAN Truck & Bus Slovakia s.r.o.-,"Bytcianska 498, 010 03 Zilina- Povazský Chlmec, Slowakische Republik, , ",+421 (41)5624 109,+421 (41)5624 729,bci@bci-st.sk,http://www.bci-st.sk,yes,yes,yes,,,yes,,yes,,,,,,,,,,,,,,,,,
Belan Martin,BetriebsleiterMA Reparaturannahme LKW,Telefon: +421 (41) 56 24 109,Mobil: +421 (905) 299 987,Fax: +421 (41) 56 26 729,E-Mail: belan.martin@bci-st.sk,            
  Mobile24,Ansprechpartner Pannenruf Lkw,Telefon: +421 (41) 56 24 109,Mobil: +421 (905) 299 987,Fax: -,E-Mail: manmobile24@bci-st.sk,            
Jaroslav Králik,MA Reparaturannahme LKW,Telefon: +421 (41)56 24 109,Mobil: +421(905)299987,Fax: -,E-Mail: kralik.jaroslav@bci-st.sk,            





"MAN TRUCK & BUS SLOVAKIA S.R.O., BRATISLAVA",MAN-Servicebetrieb      Verkaufsstandort des Händlers -MAN Truck & Bus Slovakia s.r.o.-,"Roznavska 24/A, 821 04 Bratislava, Slowakische Republik, , ",+421 (2) 48 20 48 00,+421 (2) 48 20 48 25,infosk@man.eu,http://www.mantruckandbus.sk,yes,yes,yes,yes,yes,yes,yes,yes,,,yes,yes,yes,,,,yes,,,,,,,,
Marek Kluvanec,Werkstattmeister,Telefon: +421 (2)48 20 48 52,Mobil: -,Fax: -,E-Mail: Marek.Kluvanec@man.eu,            
Tibor Fodor,Werkstattmeister,Telefon: +421 (2) 48 20 48 53,Mobil: +421 (903) 909 065,Fax: +421 (2) 48 20 48 36,E-Mail: Tibor.Fodor@man.eu,            
Jozef Zabinsky,MA Reparaturannahme BUS,Telefon: +421 (2) 48 20 48 21,Mobil: +421 (903) 590 905,Fax: +421 (2) 48 20 48 36,E-Mail: Jozef.Zabinsky@man.eu,            
Katarina Lancaricova,Verkäufer MAN TopUsed,Telefon: +421 (2) 48 20 48 47,Mobil: +421 (903) 570 683,Fax: -,E-Mail: Katarina.Lancaricova@man.eu,            
Gabriel Ozsvald,Verkäufer LKW,Telefon: +421 (2) 48 20 48 00,Mobil: +421 (903) 721 992,Fax: -,E-Mail: Gabriel.Ozsvald@man.eu,            
Juraj Zabka,Verkäufer LKW,Telefon: +421 (2)48 20 48 00,Mobil: +421 (903) 416 536,Fax: -,E-Mail: Juraj.Zabka@man.eu,            
Radoslav Jurca,Geschäftsführer,Telefon: +421 (2) 48 20 48 39,Mobil: +421 (910) 979 030,Fax: -,E-Mail: Radoslav.Jurca@man.eu,            
Bruno Biscontini,Verkäufer LKW,Telefon: +421 (2) 48 20 48 00,Mobil: +421 (903) 452 298,Fax: -,E-Mail: Bruno.Biscontini@man.eu,            
Michal Jedlicka,"Leiter Marketing, Kommunikation und Entwicklung",Telefon: +421 (2)48204820,Mobil: +421 (911) 450 390,Fax: -,E-Mail: Michal.Jedlicka@man.eu,            
Peter Zachar,MA Ersatzteilverkauf LKW,Telefon: +421 (2) 48 20 48 30,Mobil: +421 (903) 464 355,Fax: -,E-Mail: peter.zachar@man.eu,            
Juraj Halász,Verkäufer BUS,Telefon: +421 (903) 792 288,Mobil: +421 (903) 792 288,Fax: -,E-Mail: Juraj.Halasz@man.eu,            
Hotline Mobile24,Ansprechpartner Pannenruf Lkw,Telefon: +421 (2) 48 20 48 00,Mobil: +421 (903) 822 855 ,Fax: +421 (2) 48 20 48 36,E-Mail: mobile24sk@man.eu,            
Michal Chladny,Leiter Teile und Zubehör,Telefon: +421 (911) 408 050,Mobil: -,Fax: -,E-Mail: michal.chladny@man.eu,            
Andrej Matulak,Auftragszentrum Service,Telefon: +421 (2) 48 20 48 52,Mobil: -,Fax: +421 (2) 48 20 48 36,E-Mail: andrej.matulak@man.eu,            
Jozef Hencz,Betriebsleiter,Telefon: +421 (903) 245 533,Mobil: +421 (903) 245 533,Fax: -,E-Mail: jozef.hencz@man.eu,            
Tibor Škultéty,Verkäufer MAN TopUsed,Telefon: +421 (911) 407 890,Mobil: +421 (911) 407 890,Fax: -,E-Mail: tibor.skultety@man.eu,            





"MOTOR-CAR PREŠOV, S.R.O.",Servicepartner      Verkaufsstandort des Händlers -MAN Truck & Bus Slovakia s.r.o.-,"Petrovanska 36a, 080 01 Presov, Slowakische Republik, , ",+421 (51)77 24 534,+421 (51) 77 33 633,,http://motorcarpresov.sk/man,yes,yes,yes,,,yes,,yes,,,yes,,,,,,,,,,,,,,
  Mobile24,Ansprechpartner Pannenruf Lkw,Telefon: +421 (51) 77 24 524,Mobil: +421 (905) 751 117,Fax: -,E-Mail: manservis@motor-car.sk,            
Jan Palencar,Leiter Werkstatt,Telefon: +421 (51) 7724534,Mobil: +421 (905) 713 008,Fax: -,E-Mail: j.palencar@motor-car.sk,            
František Jenča,Werkstattmeister,Telefon: +421 (918) 424 026   ,Mobil: +421 (918) 424 026   ,Fax: -,E-Mail: f.jenca@motor-car.sk,            
Dušan Kráľ,Werkstattmeister,Telefon: +421 (905) 217 115  ,Mobil: +421 (905) 217 115  ,Fax: -,E-Mail: d.kral@motor-car.sk,            





NEOSPED S.R.O.,Servicepartner      Verkaufsstandort des Händlers -MAN Truck & Bus Slovakia s.r.o.-,"Novozámocká cesta 4414, 945 01 Komarno, Slowakische Republik, , ",+421 (35) 77 14 711,+421 (35) 77 78 229,ponist@neosped.sk,http://www.neosped.sk,yes,yes,yes,,,yes,,yes,,,,,,,,,,,,,,,,,
  Mobile24,Ansprechpartner Pannenruf Lkw,Telefon: +421 (918)  671 456,Mobil: +421 (907) 672 024,Fax: -,E-Mail: mobile24@neosped.sk,            
Marian Ponist,Leiter WerkstattWerkstattmeister LKW,Telefon: +421 (35) 77 14 711,Mobil: +421 (918)  671 456,Fax: +421 (35) 77 14 711,E-Mail: ponist@neosped.sk,            
Oto Bohil,Geschäftsführer,Telefon: +421 (35) 77 14 711,Mobil: +421 (905) 251 071,Fax: +421 (35) 77 14 711,E-Mail: oto.bohil@neosped.sk,            





PROCAR A.S.,Servicepartner      Verkaufsstandort des Händlers -MAN Truck & Bus Slovakia s.r.o.-,"Demänovská ulica 800, 031 01 Liptovský Mikuláš, Slowakische Republik, , ",+421 (44) 556 45 11,,procar@procar.sk,http://www.procar.sk/,yes,no,yes,,,yes,,yes,,,,,,,,,,,,,,,,,





PROCAR A.S.,Servicepartner      Verkaufsstandort des Händlers -MAN Truck & Bus Slovakia s.r.o.-,"Štrková 23B, 010 01 Žilina, Slowakische Republik, , ",+421(41)507 80 11,,servisza@procar.sk,http://www.procar.sk,yes,no,yes,,,yes,,yes,,,,,,,,,,,,,,,,,





PRVA DOPRAVNO-MECHANIZACNA SPOLOCNOST S R.O.,Servicepartner      Verkaufsstandort des Händlers -MAN Truck & Bus Slovakia s.r.o.-,"T.G.Masaryka 3425, 960 02 Zvolen, Slowakische Republik, , ",+421 (45)547 92 18,+421 (45) 547 92 18,1dms@1dms.sk,http://www.1dms.sk/,yes,yes,yes,,,yes,,yes,,,,,,,,,,,,,,,,,
  Mobile24,Pannenmonteur,Telefon: +421 (45)  54 79 218,Mobil: +421 (905) 490 471 ,Fax: -,E-Mail: servis@1dms.sk,            
Miroslava Korviniova,Ersatzteilverkauf,Telefon: +421 (45) 54 02 724 ,Mobil: +421 (905) 754 649,Fax: -,E-Mail: miroslava.korviniova@1dms.sk,            
Adrián Marko,MA Reparaturannahme LKW,Telefon: +421(905) 490 471,Mobil: +421(905) 490 471,Fax: -,E-Mail: dielna@1dms.sk,            
Martin  Thomka ,MA Reparaturannahme LKW,Telefon: +421 (45)  54 79 218,Mobil: +421 (905) 965 090,Fax: +421 (45)  54 02 724 ,E-Mail: servis@1dms.sk ,            
Jan Sulek,Leiter Werkstatt,Telefon: +421 (905) 490 470,Mobil: +421 (905) 490 470,Fax: -,E-Mail: sulek@1dms.sk,            





