﻿Company Name,Service Partner,Address,Phone Number,Fax,Email,Website,LKW-Service,Bus-Service,MAN Van-Service,Schiffsmotoren-Service,Industriemotoren-Service,LKW-Verkauf,Bus-Verkauf,MAN Van-Verkauf,Schiffsmotoren-Verkauf,Industriemotoren-Verkauf,LKW-MAN_TopUsed,Bus-MAN_TopUsed,MAN Van-MAN_TopUsed,Schiffsmotoren-MAN_TopUsed,Industriemotoren-MAN_TopUsed,LKW-BusTopService,Bus-BusTopService,MAN Van-BusTopService,Schiffsmotoren-BusTopService,Industriemotoren-BusTopService,LKW-eMobility,Bus-eMobility,MAN Van-eMobility,Schiffsmotoren-eMobility,Industriemotoren-eMobility
BROWN & COMPANY PLC,Servicepartner,"No. 34, Sir Mohamed Macan Marker Mawatha, ., Colombo – 03 Colombo –, Sri Lanka, , ",+94 (0)7773556,,ramesh.w@brownsgroup.com,,yes,yes,no,,,yes,yes,,,,,,,,,,,,,,,,,,
Ramesh Wickremasinghe ,Leiter Verkauf,Telefon: +94 (777)701328,Mobil: +94(777)701328 ,Fax: -,E-Mail: ramesh.w@brownsgroup.com,            
Ramesh Wickremasinghe',,Telefon: +94(777)701328,Mobil: -,Fax: -,E-Mail: ramesh.w@brownsgroup.com,            





