﻿Company Name,Service Partner,Address,Phone Number,Fax,Email,Website,LKW-Service,Bus-Service,MAN Van-Service,Schiffsmotoren-Service,Industriemotoren-Service,LKW-Verkauf,Bus-Verkauf,MAN Van-Verkauf,Schiffsmotoren-Verkauf,Industriemotoren-Verkauf,LKW-MAN_TopUsed,Bus-MAN_TopUsed,MAN Van-MAN_TopUsed,Schiffsmotoren-MAN_TopUsed,Industriemotoren-MAN_TopUsed,LKW-BusTopService,Bus-BusTopService,MAN Van-BusTopService,Schiffsmotoren-BusTopService,Industriemotoren-BusTopService,LKW-eMobility,Bus-eMobility,MAN Van-eMobility,Schiffsmotoren-eMobility,Industriemotoren-eMobility
NEILAN MOTORS,Servicepartner,"8, Nogomi Street, - Khartoum, Sudan, , ",+249(183)492498,+249(183)492497,adil@neilanmotors.com,,yes,yes,no,,,yes,yes,,,,,,,,,,,,,,,,,,
Ahmed Elsaddig,,Telefon: +249(183)492498,Mobil: -,Fax: -,E-Mail: adil@neilanmotors.com,            
Hassan Salah,Geschäftsführer,Telefon: +249(183)492498,Mobil: -,Fax: -,E-Mail: adil@neilanmotors.com,            
Ahmed Babiker,MA Reparaturannahme LKW,Telefon: +249(183)492498,Mobil: -,Fax: -,E-Mail: adil@neilanmotors.com,            
Adil Bashir,,Telefon: +249(183)492498,Mobil: +249(9)12393877,Fax: -,E-Mail: adil@neilanmotors.com,            





