﻿Company Name,Service Partner,Address,Phone Number,Fax,Email,Website,LKW-Service,Bus-Service,MAN Van-Service,Schiffsmotoren-Service,Industriemotoren-Service,LKW-Verkauf,Bus-Verkauf,MAN Van-Verkauf,Schiffsmotoren-Verkauf,Industriemotoren-Verkauf,LKW-MAN_TopUsed,Bus-MAN_TopUsed,MAN Van-MAN_TopUsed,Schiffsmotoren-MAN_TopUsed,Industriemotoren-MAN_TopUsed,LKW-BusTopService,Bus-BusTopService,MAN Van-BusTopService,Schiffsmotoren-BusTopService,Industriemotoren-BusTopService,LKW-eMobility,Bus-eMobility,MAN Van-eMobility,Schiffsmotoren-eMobility,Industriemotoren-eMobility
SEMC,Servicepartner,"Kernkampweg 36, Paramaribo Paramaribo, Surinam, , ",+597(0)433377,,truck_sales@earthmoving.sr,http://www.semc.com,yes,no,no,,,yes,,,,,,,,,,,,,,,,,,,
Erik van Ravenswaay,Geschäftsführer,Telefon: +0597(0)433377,Mobil: -,Fax: -,E-Mail: -,            





