﻿Company Name,Service Partner,Address,Phone Number,Fax,Email,Website,LKW-Service,Bus-Service,MAN Van-Service,Schiffsmotoren-Service,Industriemotoren-Service,LKW-Verkauf,Bus-Verkauf,MAN Van-Verkauf,Schiffsmotoren-Verkauf,Industriemotoren-Verkauf,LKW-MAN_TopUsed,Bus-MAN_TopUsed,MAN Van-MAN_TopUsed,Schiffsmotoren-MAN_TopUsed,Industriemotoren-MAN_TopUsed,LKW-BusTopService,Bus-BusTopService,MAN Van-BusTopService,Schiffsmotoren-BusTopService,Industriemotoren-BusTopService,LKW-eMobility,Bus-eMobility,MAN Van-eMobility,Schiffsmotoren-eMobility,Industriemotoren-eMobility
MAN TRUCK & BUS CENTER BUSAN,Servicepartner,"413, Sinseon-ro, Nam-gu, Busan, Korea, 48531 Nam-gu , Busan, Südkorea, , ",+82(51) 626 9991,+82 (51) 626 9919,Seongmo.Kim@man-dealer.co.kr,,yes,yes,no,,,,,,,,,,,,,,,,,,,,,,
Park Sun An ,Werkstattmitarbeiter LKW,Telefon: +82(51) 626 9991,Mobil: -,Fax: +82 (51) 626 9919,E-Mail: manpusan@hanmail.net,            





MAN TRUCK & BUS CENTER CHANG NYOUNG,Servicepartner,"187, Yeongsangyeseong-ro, Gyeseong-myeon, Changnyeong-gun, Gyeongsangnam-do, Korea, 50352 Changyeong-gun, Südkorea, , ",+82(55)536 5990,+82(55)536 5992,ahtkwkd2@naver.com,,yes,yes,no,,,,,,,,,,,,,,,,,,,,,,
Kwon Hee Chun,Werkstattmeister LKW,Telefon: +82(55) 536 5990,Mobil: -,Fax: +82(55) 536 5992,E-Mail: mancn@hanmail.net,            





MAN TRUCK & BUS CENTER CHILGOK,Servicepartner,"74, Hyeondae-ro, Waegwan-eup, Chilgok-gun, Gyeongsangbuk-do, 39871 Chilgok-gun, Südkorea, , ",+82(54)9711175,,9090park@naver.com,,yes,yes,no,,,,,,,,,,,,,,,,,,,,,,





MAN TRUCK & BUS CENTER DAEJEON,Servicepartner,"1,Sintanjin-ro , Daedeok-gu, 34352 Daejeon, Südkorea, , ",+82(42) 717 1341,+82(42) 717 1340,nayeo0723@cj.net,,yes,yes,no,,,,,,,,,,,,,,,,,,,,,,
In Sang Yeo,Direktor,Telefon: +82(42)717 1340,Mobil: -,Fax: +82(42)717 1349,E-Mail: nayeo0723@cj.net,            





MAN TRUCK & BUS CENTER DANGJIN,Servicepartner,"183, Wonsindang-ro, Sinpyeong-myeon, Dangjin-si, Chungcheongnam-do, Korea, 31745 Dangjin, Südkorea, , ",+82(0)41 362 1318,+82(0)41362 1320,Hyeongjong.Ahn@man-dealer.co.kr,,yes,yes,no,,,,,,,,,,,,,,,,,,,,,,
Hyeongjong Ahn,Leiter Werkstatt,Telefon: +82(0)41 362 1318,Mobil: +82(0)10 4808 2650,Fax: +82(0)41 362 1320,E-Mail: Hyeongjong.Ahn@man-dealer.co.kr,            





MAN TRUCK & BUS CENTER DONGHAE,Servicepartner,"171,Yongjeong-ro,Donghae-si,Gangwon-do, 25776 Donghae, Südkorea, , ",+82(33)740 8615,,kwlee6767@cj.net,,yes,yes,no,,,,,,,,,,,,,,,,,,,,,,
Kwang Won Lee,,Telefon: +82(33)740 8609,Mobil: -,Fax: +82(33)531 3256,E-Mail: kwlee6767@cj.net,            
Kwan Jae Lee,Werkstattmitarbeiter LKW,Telefon: +82(33)740 8609,Mobil: -,Fax: +82(33)531 3256,E-Mail: kwlee6767@cj.net,            





MAN TRUCK & BUS CENTER GIMHAE,Servicepartner,"187,Chasang-ro,Uichang-gu, 51402 Changwon, Südkorea, , ",+82 (2) 000-0000,,g1auto@daum.net,,yes,yes,no,,,,,,,,,,,,,,,,,,,,,,





MAN TRUCK & BUS CENTER GIMPO,Servicepartner      Verkaufsstandort des Händlers -MAN Truck & Bus Korea Ltd.-,"55,Wondang-daero 117beon-gil,Seo-gu,, 22663 Incheon, Südkorea, , ",+82(10)48017502,,Chiseong.Won@kr.man.eu,,yes,yes,no,,,,,,,,,,,,,,,,,,,,,,





MAN TRUCK & BUS CENTER GWANGJU,Servicepartner,"67, Pyeongdongsandan-ro, 62453 Gwangsan-gu, Gwangju, Südkorea, , ",+82(62)9460075,+82(62)9467775,jymjys5235@nate.com,,yes,yes,no,,,,,,,,,,,,,,,,,,,,,,
YongGyn Cho,ServicemitarbeiterGeschäftsführer,Telefon: +82(10)76131001,Mobil: +82(10)76131001,Fax: +82(10)76131001,E-Mail: jymjys5235@nate.com,            





MAN TRUCK & BUS CENTER INCHEON,Servicepartner,"78, Hogupo-ro, Namdong-gu, Incheon, Korea, 21688 Incheon, Südkorea, , ",+82(32)813-9400,+82(32)818-2900,km-cpn@hanmail.net,,yes,yes,no,,,,,,,,,,,,,,,,,,,,,,
Youngsik Choi,Leiter Werkstatt,Telefon: +82(0)32 813 9400,Mobil: +82(0)10 4946 5397,Fax: +82(0)32 813 2900,E-Mail: Youngsik.Choi@man-dealer.co.kr,            





MAN TRUCK & BUS CENTER JANGSUNG,Servicepartner,"359 Samdongro Samgye-myeon, Jangseong-gun, Jeollanam-do, Korea, 57236 Jangsung-Gun, Südkorea, , ",+81(61)395-4451,,chss9645@daum.net,,yes,yes,no,,,,,,,,,,,,,,,,,,,,,,





MAN TRUCK & BUS CENTER JECHEON,Servicepartner,"21, Gangjeo-ro, Jecheon-si, Chungcheongbuk-do, Korea, 27205 Jaechun, Südkorea, , ",+82(43)6452335,+82(43)6432336,wlrrhk@naver.com,,yes,yes,no,,,,,,,,,,,,,,,,,,,,,,
Kim Sangsik,Leiter Verkauf Dienstleistungen,Telefon: +82(43)6432336,Mobil: -,Fax: -,E-Mail: wlrrhk@naver.com,            





MAN TRUCK & BUS CENTER JEJU,Servicepartner      Verkaufsstandort des Händlers -MAN Truck & Bus Korea Ltd.-,"5-3, Seonban-ro 4-gil, 63297 Jeju-si,, Südkorea, , ",+82 (10) 3696 4288,,diesel4288@daum.net,,yes,yes,no,,,,,,,,,,,,,,,,,,,,,,





MAN TRUCK & BUS CENTER JEONJU,Servicepartner,"159, Seokdam 4-gil, 54330 Baekgu-myeon, Südkorea, , ",+82(10)36035068,,kbsdy4400@hanmail.net,,yes,yes,no,,,,,,,,,,,,,,,,,,,,,,
Yun Byum Lee,Auftragszentrum Service,Telefon: +82 (10) 3603 5068,Mobil: +82 (10) 3603 5068,Fax: -,E-Mail: kbsdy4400@hanmail.net,            





MAN TRUCK & BUS CENTER NAMYANGJU,Servicepartner,"91-2, Yeonpyeong-ri,, 472863 Jinjeop-eup, Südkorea, , ",+82(31)7948446,+82(31)7938445,hky8445@daum.net,,yes,yes,no,no,yes,,,,,,,,,,,,,,,,,,,,
TaeJong Kang,ServicemitarbeiterGeschäftsführer,Telefon: +82(10)74008446,Mobil: +82(10)74008446,Fax: -,E-Mail: hankang1971@naver.com,            





MAN TRUCK & BUS CENTER OSAN,Servicepartner,"160, Suworam 4-gil, Seotan-myeon, Pyeongtaek-si, Gyeonggi-do, Korea, 17703 Gyeonggi-do, Südkorea, , ",+82(31) 663 1895,,kumho1893@naver.com,,yes,yes,no,,,,,,,,,,,,,,,,,,,,,,
Yu Kang Hyun,Werkstattmeister LKW,Telefon: +82(31) 663 1893,Mobil: -,Fax: +82 (31) 663 3293,E-Mail: kumho1893@naver.com,            





MAN TRUCK & BUS CENTER POCHEON,Servicepartner,"232, Songseon-ro, Pocheon-si, 11161 Pocheon, Südkorea, , ",+ 82(31) 543-8801-2,,ys5438801@naver.com,,yes,yes,no,,,,,,,,,,,,,,,,,,,,,,





MAN TRUCK & BUS CENTER POHANG,Servicepartner,"19 Nangcheonro 560 bungil Ocheon Eup Namgu, 37891 Pohang, Südkorea, , ",+82 (54)292 8010,+82 (54)292 8012,01084378888@daum.net,,yes,yes,no,,,,,,,,,,,,,,,,,,,,,,
Joung Chansoo,Leiter Werkstatt,Telefon: +82(54)8437 8888,Mobil: +82 (10) 3834 2181,Fax: +82(54)292 8012,E-Mail: jchansu0103@naver.com,            
TaeYeon Kim,,Telefon: +82 (54) 292 8010,Mobil: +82 (10)8437 8888,Fax: +82 (54) 292 8012,E-Mail: 01084378888@daum.net,            





MAN TRUCK & BUS CENTER SACHEON,Servicepartner,"154-13, Guamdumun-ro,, 52517 Sacheon-eup, Südkorea, , ",+82(11)94765002,,ems-27@hanmail.net,,yes,yes,no,,,,,,,,,,,,,,,,,,,,,,
HanShin Oh,Geschäftsführer,Telefon: +82(11)94765002,Mobil: +82(11)94765002,Fax: -,E-Mail: ems-27@hanmail.net,            





MAN TRUCK & BUS CENTER SEOJONG,MAN-Servicebetrieb,"32, Maebong-ro 76beon-gil, 28693 Seowon-gu, Cheongju-si, Südkorea, , ",+82(10)64769574,,Chiseong.Won@kr.man.eu,,yes,yes,no,,,,,,,,,,,,,,,,,,,,,,
ChiSeong Won,ServiceberaterGeschäftsführer,Telefon: +82 (10) 64769574,Mobil: -,Fax: -,E-Mail: chiseong.won@kr.man.eu,            





MAN TRUCK & BUS CENTER SUNCHEON,Servicepartner,"623, Suncheon-ro, Seo-myeon, 57905 Sae-myun, Sunchun, Jun-nam, Südkorea, , ",+82(61) 755 8401,+82(61) 755 8407,iheedae@daum.net,,yes,yes,no,,,,,,,,,,,,,,,,,,,,,,
Whang Dong Jun,Werkstattmeister LKW,Telefon: +82(61) 755 8401,Mobil: -,Fax: +82(61) 755 8407,E-Mail: scmaner@daum.net,            





MAN TRUCK & BUS CENTER ULSAN,Servicepartner,"367 Onsanro Cheongnyang-myeon, Ulju-gun, Ulsan, Korea, 44990 Ulsan, Südkorea, , ",+82(52)261 7714,+82(52)2690554,zm1388@hanmail.net,,yes,yes,no,,,,,,,,,,,,,,,,,,,,,,
Kim Jang Seok,Werkstattmitarbeiter LKW,Telefon: +82(52)2617714,Mobil: -,Fax: +82(52)2690554,E-Mail: dtss610@gmail.com,            





MAN TRUCK & BUS CENTER YOUNG-IN,MAN-Servicebetrieb,"57, Borahagal-ro, Giheung-gu, Yongin-si, Gyeonggi-do, Republic of Korea, 17099 Giheung-gu, Yongin-si,, Südkorea, , ",+82(2)2182 3522,,Chihyun.Kim@kr.man.eu,,yes,yes,no,,,,,,,,,,,,,,,,,,,,,,





SALES AGENCY BUSAN,Servicepartner,"474-1, Yongdang-Dong, 608-830 Nam-Gu, Südkorea, , ",+82(51)6215940,,ychwang@man-truckbus.co.kr,,,,,,,yes,,,,,,,,,,,,,,,,,,,





SALES AGENCY BUSAN (CARGO),Servicepartner,"21-10, Gimhae-daero, 50851 Gimhae-si, Südkorea, , ",+82(10)35999733,,Inseok.An@man-agency.co.kr,,,,,,,yes,,,,,,,,,,,,,,,,,,,
Inseok Ahn,Verkäufer LKWLeiter Verkauf LKW,Telefon: +82(10)35999733,Mobil: -,Fax: -,E-Mail: Inseok.An@man-agency.co.kr,            





SALES AGENCY CHUNGBUK,Servicepartner      Verkaufsstandort des Händlers -MAN Truck & Bus Korea Ltd.-,"16 Gangjeoro, 27205 Jecheonsi, Südkorea, , ",+82(43)6420067,,Seokwon.Kang@man-agency.co.kr,,,,,,,yes,,,,,,,,,,,,,,,,,,,





SALES AGENCY DAEGU,Servicepartner,"74, Hyeondae-ro, 39871 Waegwan-eup, Chilgok-gun, Südkorea, , ",+82(53)8530960,,msjoo_mk@man-truckbus.co.kr,,,,,,,yes,,,,,,,,,,,,,,,,,,,





SALES AGENCY DAEJEON,Servicepartner,"Sintanjin ro 1, 306-080 Daedeok-Gu, Südkorea, , ",+82(42)6243373,,msjoo_mk@man-truckbus.co.kr,,,,,,,yes,,,,,,,,,,,,,,,,,,,





SALES AGENCY GANGWON,Servicepartner      Verkaufsstandort des Händlers -MAN Truck & Bus Korea Ltd.-,"5133, Donghae-daero, 25801 Donghae-si, Südkorea, , ",+82(10)40621233,,youngirl.choi@man-agency.co.kr,,,,,,,yes,yes,,,,,,,,,,,,,,,,,,





SALES AGENCY GWANGJU,Servicepartner      Verkaufsstandort des Händlers -MAN Truck & Bus Korea Ltd.-,"359 Samdongro, 57236 Jangseong-gun, Südkorea, , ",+82(61)3948442,,Hojun.Jeong@man-agency.co.kr,,,,,,,yes,,,,,,,,,,,,,,,,,,,





SALES AGENCY GYEONGNAM,Servicepartner,"187, Yeongsangyeseong-ro,, 50342 Gyeseong-myeon, Changnyeong-gun, Südkorea, , ",+82(55)5366311,,cslee@man-truckbus.co.kr,,,,,,,yes,,,,,,,,,,,,,,,,,,,





SALES AGENCY JEJU,Servicepartner      Verkaufsstandort des Händlers -MAN Truck & Bus Korea Ltd.-,"100, Oiljangjung-gil, 63116 Jeju, Südkorea, , ",+82(10)93797701,,Jihyun.Do@man-agency.co.kr,,,,,,,yes,,,,,,,,,,,,,,,,,,,





SALES AGENCY JEONBUK,Servicepartner,"129-1, Suok-Ri, Samgye-Myun, 515-872 Jangseong-Gun, Südkorea, , ",+82(61)3948441,,yblee@man-truckbus.co.kr,,,,,,,yes,,,,,,,,,,,,,,,,,,,





SALES AGENCY JEONNAM,Servicepartner,"583-5, Hakgu-Ri, Seo-Myun, 540-811 Suncheon-Si, Südkorea, , ",+82(61)7550119,,kyhan@man-truckbus.co.kr,,,,,,,yes,,,,,,,,,,,,,,,,,,,





SALES AGENCY JEONNAM (CARGO),Servicepartner,"187, Yeongsangyeseong-ro, 50342 Changnyung-Gun, Südkorea, , ",+82(10)35958436,,Younghoon.Jeon@man-agency.co.kr,,,,,,,yes,,,,,,,,,,,,,,,,,,,
Younghoon Jeon,Verkäufer LKWLeiter Verkauf LKW,Telefon: +82(10)35958436,Mobil: -,Fax: -,E-Mail: younghoon.jeon@man-agency.co.kr,            





SALES AGENCY MIDDLE GYEONGGI/SEOUL/INCHEON,Servicepartner      Verkaufsstandort des Händlers -MAN Truck & Bus Korea Ltd.-,"175 Obong ro, 16079 uiwangsi, Südkorea, , ",+82(31)4617767,,Juho.Son@man-agency.co.kr,,,,,,,yes,,,,,,,,,,,,,,,,,,,





SALES AGENCY NORTH GYEONGGI CARGO,Servicepartner      Verkaufsstandort des Händlers -MAN Truck & Bus Korea Ltd.-,"55 Wondangdaero, 22663 Incheon, Südkorea, , ",+82(31)8897705,,Wonil.Hwang@man-agency.co.kr,,,,,,,yes,,,,,,,,,,,,,,,,,,,





SALES AGENCY POHANG,Servicepartner      Verkaufsstandort des Händlers -MAN Truck & Bus Korea Ltd.-,"19 Naengcheonro, 37891 Pohangsi, Südkorea, , ",+82(54)2928030,,Taeyeon.Kim@man-agency.co.kr,,,,,,,yes,,,,,,,,,,,,,,,,,,,





SALES AGENCY SOUTH GYEONGGI CARGO,Servicepartner      Verkaufsstandort des Händlers -MAN Truck & Bus Korea Ltd.-,"57 Borahagalro, 17099 Yonginsi, Südkorea, , ",+82(31)2818284,,Jeonghun.Lee@man-agency.co.kr,,,,,,,yes,,,,,,,,,,,,,,,,,,,





SALES AGENCY SOUTH GYEONGGI/INCHEN/SEOUL,Servicepartner,"309-64, Deokpung-Dong, 465-010 Hanam-Si, Südkorea, , ",+82(2)5815133,,dhyang_mk@man-truckbus.co.kr,,,,,,,yes,,,,,,,,,,,,,,,,,,,





SALES AGENCY SOUTH GYEONGGI/INCHEN/SEOUL,Servicepartner,"195, Backma-Ro, Ilsan dong-Gu, 410-837 Goyang-Si, Südkorea, , ",+82(31)9035104,,bclee@man-truckbus.co.kr,,,,,,,yes,,,,,,,,,,,,,,,,,,,





SALES AGENCY WEST GYEONGGI/INCHEON/SEOUL,Servicepartner,"738-17, Gojan-Dong, 405-822 Namdong-Gu, Südkorea, , ",+82(10)90093435,,jsbang@man-truckbus.co.kr,,,,,,,yes,,,,,,,,,,,,,,,,,,,





