﻿Company Name,Service Partner,Address,Phone Number,Fax,Email,Website,LKW-Service,Bus-Service,MAN Van-Service,Schiffsmotoren-Service,Industriemotoren-Service,LKW-Verkauf,Bus-Verkauf,MAN Van-Verkauf,Schiffsmotoren-Verkauf,Industriemotoren-Verkauf,LKW-MAN_TopUsed,Bus-MAN_TopUsed,MAN Van-MAN_TopUsed,Schiffsmotoren-MAN_TopUsed,Industriemotoren-MAN_TopUsed,LKW-BusTopService,Bus-BusTopService,MAN Van-BusTopService,Schiffsmotoren-BusTopService,Industriemotoren-BusTopService,LKW-eMobility,Bus-eMobility,MAN Van-eMobility,Schiffsmotoren-eMobility,Industriemotoren-eMobility
ALPINE TRUCK & BUS,Servicepartner,"12 Manchester road, New Germany, 3600 Durban, Südafrika, , ",+27(0) 31 713 1200,+27(0) 31 713 1201,commercial@alpinemotors.co.za,,yes,yes,no,,,yes,yes,,,,yes,,,,,,,,,,,,,,





EAST LONDON TRUCK & BUS,Servicepartner,"Cnr Millard Road & Settlers Way, Greensfield, 5208 East London, Südafrika, , ",+27 (43)7363538,+27 (43)7362542,wcrossman@ancot.co.za,,yes,yes,no,,,yes,yes,,,,,,,,,,,,,,,,,,





EE HARRIS TRUCK & BUS,Servicepartner,"20 Hendrik van Eck Street, 8301 Kimberley, Südafrika, , ",+27 (53)8410635,+27 (53)8410685,eldrid@fvcupt.co.za,,yes,yes,no,,,yes,yes,,,,,,,,,,,,,,,,,,





ERMELO TRUCK & BUS,Servicepartner,"Cnr Havenga & Wilger Avenue, 2351 Ermelo, Südafrika, , ",+27 (17)8192838,+27 (86)6418144,lambert@skyafrica.co.za,,yes,yes,no,,,yes,yes,,,,,,,,,,,,,,,,,,





GEORGE TRUCK & BUS,Servicepartner,"38 Pioneer Road, Pacaltdorp, Industria, 6530 George, Südafrika, , ",+27 (44)8780115,+27 (44)8780331,chris@jecspares.co.za,,yes,yes,no,,,yes,yes,,,,,,,,,,,,,,,,,,





GRIQUA TRUCK & BUS,Servicepartner,"3 Sparrow road, 4700 Kokstad, Südafrika, , ",+27 (39)7275911,+27 (86)6424117,griqua@venturenet.co.za,,yes,yes,no,,,,,,,,,,,,,,,,,,,,,,
Marc Dutton,,Telefon: +27 (39)7275911,Mobil: +27 (83)3556630,Fax: +27 (0866)424117,E-Mail: marc@griquatb.co.za,            





HATFIELD TRUCK & BUS,Servicepartner,"205 Rooiberg Street,N4 Gateway Industrial Park, 0054 Pretoria, Südafrika, , ",+27(12)9418900,+27(12)9418900,henri@hatfieldman.co.za,,yes,yes,no,,,yes,yes,,,,,,,,,,,,,,,,,,





HENTER MOTOR ENG PTY LTD,Servicepartner,"36 General Smuts Avenue, 1939 Vereeniging, Südafrika, , ",+27 (16)4225581,+27 (16)4211784,bertie@henter.co.za,,yes,yes,no,,,yes,yes,,,,,,,,,,,,,,,,,,





HIGHLANDS TRUCK & BUS,Servicepartner,"2 Warden St, 9880 Harrismith, Südafrika, , ",+27(0)83 433 8810,,bertie@henter.co.za,,yes,yes,no,,,,,,,,,,,,,,,,,,,,,,





INDODHA TRUCK CENTRE (PTY) LTD - VRYHEID,Servicepartner,"1 Bloekom Street, 3100 Vryheid, Südafrika, , ",+27 (34)9809291,+27 (34)9815348,jannie.roos@za.man-mn.com,,yes,yes,no,,,yes,yes,,,,,,,,,,,,,,,,,,





INDODHA TRUCK CENTRE (PTY) LTD - ZULULAND,Servicepartner,"3 Bronze Bar, Alton, Empangeni Rail, 3910 Richards Bay, Südafrika, , ",+27 (35)7511930,+27 (35)7511940,Graham.Young@za.man-mn.com,,yes,yes,no,,,yes,yes,,,,,,,,,,,,,,,,,,





JOHANNESBURG TRUCK & BUS,Servicepartner,"83 Heidelberg Road, Unit 33 Production Park, City Deep, 2049 Johannesburg, Südafrika, , ",+27 (11)4050600,+27 (11)6138107,hdednam@man-jhb.co.za,,yes,yes,no,,,yes,yes,,,,,,,,,,,,,,,,,,
Greg Mervitz,Centerleiter,Telefon: +27 (11)6269620,Mobil: +27 (82)3032223,Fax: +27 (11)6261017,E-Mail: gregm@man-jhb.co.za,            





MAN MIDDELBURG TRUCK & BUS,Servicepartner,"Corner Twelopele & Hectaar Streets, 1050 Middelburg, Südafrika, , ",+27 (13)246 2356,+27 (13)246 2442,lambert@skyafrica.co.za,,yes,yes,no,,,yes,yes,,,,,,,,,,,,,,,,,,
Peet Bothma,Centerleiter,Telefon: +27 (013) 246 2356,Mobil: -,Fax: -,E-Mail: peet@manmid.co.za,            





MAN TRUCK & BUS CENTRE - BLOEMFONTEIN,MAN-Servicebetrieb,"Gemsbok Road, Plot 45, Kwaggafontein, 9301 Bloemfontein, Südafrika, , ",+27 (51)5032500,+27 (51)5032530,allen.busse@za.man-mn.com,,yes,yes,no,,,yes,yes,,,,yes,yes,,,,,,,,,,,,,





MAN TRUCK & BUS CENTRE - CAPE TOWN,MAN-Servicebetrieb,"Falcon Close, Okavango Park, 8001 Brackenfell, Südafrika, , ",+27 (21)9802720,+27 (21) 9823220,kumeshan.naidoo@za.man-mn.com,,yes,yes,no,,,yes,yes,,,,yes,,,,,,,,,,,,,,





MAN TRUCK & BUS CENTRE - CENTURION,MAN-Servicebetrieb,"Freight Road, Louwlardia Ext 13, 0158 Centurion, Südafrika, , ",+27(12)6732700,+27 (12)6732701,naeem.johannes@za.man-mn.com,http://www.man-mn.co.za,yes,yes,no,,,yes,yes,,,,yes,yes,,,,,,,,,,,,,
Dirk Visser,Direktor,Telefon: +27 (12)6732700,Mobil: -,Fax: +27 (12)6732725,E-Mail: dirk.visser@za.man-mn.com,            
Jan Jacobs,Leiter Werkstatt,Telefon: +27 (012)6732751,Mobil: -,Fax: -,E-Mail: jan.jacobs@za.man-mn.com,            
Dominique Molotsi,Leiter Teile und Zubehör,Telefon: +27 (12)6732751,Mobil: +27 (83)277 6530,Fax: -,E-Mail: dominique.molotsi@za.man-mn.com,            
Marius Botha,Leiter Verkauf LKW,Telefon: +27 (012)6732716,Mobil: -,Fax: -,E-Mail: marius.botha@za.man-mn.com,            
Nik Digovich,KulanzabfragerKulanzabfrager,Telefon: +27 (12)6732700,Mobil: -,Fax: +27 (12)6732751,E-Mail: nik.digovich@za.man-mn.com,            
Justin Barnard,MA Verkauf LKWMA Verkauf BUS,Telefon: +27 (11)9286821,Mobil: -,Fax: +27 (11)9743241,E-Mail: justin.barnard@za.man-mn.com,            
Jandre Roos,Kontaktperson Solution Guide LKWKontaktperson Solution Guide BUS,Telefon: +27 (11)9286800,Mobil: -,Fax: +27 (86)6702182,E-Mail: jandre.roos@za.man-mn.com,            
Nita Barnard,KulanzabfragerKulanzabfrager,Telefon: +27 (11)9286800,Mobil: -,Fax: +27 (86)6702182,E-Mail: nita.barnard@za.man-mn.com,            
Ian Forsyth,Kontaktperson Solution Guide LKWLeiter After SalesKontaktperson Solution Guide BUS,Telefon: +27 (11)9286800,Mobil: +27(83)5009826,Fax: +27(86)6702182,E-Mail: ian.forsyth@za.man-mn.com,            
Chris Burger,Kontaktperson Solution Guide BUSLeiter After SalesKontaktperson Solution Guide LKW,Telefon: +27 (11)9286800,Mobil: +27(82)4975269,Fax: +27(86)6702182,E-Mail: chris.burger@za.man-mn.com,            





MAN TRUCK & BUS CENTRE - NELSPRUIT,MAN-Servicebetrieb,"N4 West, 1211 Nelspruit, Südafrika, , ",+27 (13)7411912,+27 (13)7412036,dicius.mabunda@za.man-mn.com,,yes,yes,no,,,yes,yes,,,,,,,,,,,,,,,,,,





MAN TRUCK & BUS CENTRE - PIETERMARITZBURG,MAN-Servicebetrieb,"6 van Eck Place, 3200 Pietermaritzburg, Südafrika, , ",+27 (33)3461366,+27 (33)3861517,paul.greeff@za.man-mn.com,,yes,yes,no,,,yes,yes,,,,,,,,,,,,,,,,,,





MAN TRUCK & BUS CENTRE - PINETOWN,MAN-Servicebetrieb,"19 Trafford Rd, 3600 Pinetown, Südafrika, , ",+27 (31)7927100,+27 (31)7004276,julian.wilson@za.man-mn.com,,yes,yes,no,,,yes,yes,,,,,,,,,,,,,,,,,,
Linga Ambulam,MA Innendienst BUSMA Innendienst LKW,Telefon: +27(31)7927462,Mobil: -,Fax: +27(86)6702175,E-Mail: linga.ambulam@za.man-mn.com,            
Yegis Reddy,MA Innendienst LKWMA Innendienst BUS,Telefon: +27(31)7927450,Mobil: -,Fax: +27(31)7003569,E-Mail: yegis.reddy@za.man-mn.com,            





MAN TRUCK & BUS CENTRE - PORT ELIZABETH,MAN-Servicebetrieb,"2A Dyke Road, Algoa Park, Port Elizabeth, 6045 Port Elizabeth, Südafrika, , ",+27(041)4523674,,,,yes,yes,no,,,yes,yes,,,,,,,,,,,,,,,,,,





RUSTENBURG TRUCK & BUS,Servicepartner,"Cnr Ferro & Vanadium Street, 0302 Rustenburg, Südafrika, , ",+27 (14)5381514,+27 (0866)702304,flombard@unitransmotors.co.za,,yes,yes,no,,,yes,yes,,,,yes,yes,,,,,,,,,,,,,
Frans Lombard,,Telefon: +27(0)145381514,Mobil: -,Fax: -,E-Mail: flombard@unitransmotors.co.za,            





UNITED TRUCK CENTRE,Servicepartner,"67, 19th Avenue Industria, 0700 Polokwane, Südafrika, , ",+27 (15)2977275,+27 (15)2970012,dmolotsi@unitransmotors.co.za,,yes,yes,no,,,yes,yes,,,,,,,,,,,,,,,,,,





UNITRANS COMMERCIAL,Servicepartner,"Corner Heidelburg Road & South Rand Road, 2197 Tulisa Park, Südafrika, , ",+27(11)8613600,+27(11)8613625,dvorster@unitransmotors.co.za,,yes,yes,no,,,yes,yes,,,,,,,,,,,,,,,,,,





WAYLYN MECHANICAL SERVICES,Servicepartner,"Izotsha Road, Lot 13913, 4252 Port Shepstone, Südafrika, , ",+27 (39)6850761,+27 (86)6594268,wayne@venturenet.co.za,,yes,yes,no,,,,,,,,,,,,,,,,,,,,,,





