﻿Company Name,Service Partner,Address,Phone Number,Fax,Email,Website,LKW-Service,Bus-Service,MAN Van-Service,Schiffsmotoren-Service,Industriemotoren-Service,LKW-Verkauf,Bus-Verkauf,MAN Van-Verkauf,Schiffsmotoren-Verkauf,Industriemotoren-Verkauf,LKW-MAN_TopUsed,Bus-MAN_TopUsed,MAN Van-MAN_TopUsed,Schiffsmotoren-MAN_TopUsed,Industriemotoren-MAN_TopUsed,LKW-BusTopService,Bus-BusTopService,MAN Van-BusTopService,Schiffsmotoren-BusTopService,Industriemotoren-BusTopService,LKW-eMobility,Bus-eMobility,MAN Van-eMobility,Schiffsmotoren-eMobility,Industriemotoren-eMobility
MOBIKEY (JAP AFRICA MOBILITY) TRUCK AND BUS LIMITED TANZANIA,Servicepartner,"Mandela Road Plot 1829 Block A, 0000 Buguruni, Dar es Salaam, Tansania, , ",+35(191)3344226,,antonio.matos@mobikey.co.ug,,yes,yes,no,,,yes,yes,,,,,,,,,,,,,,,,,,





