﻿Company Name,Service Partner,Address,Phone Number,Fax,Email,Website,LKW-Service,Bus-Service,MAN Van-Service,Schiffsmotoren-Service,Industriemotoren-Service,LKW-Verkauf,Bus-Verkauf,MAN Van-Verkauf,Schiffsmotoren-Verkauf,Industriemotoren-Verkauf,LKW-MAN_TopUsed,Bus-MAN_TopUsed,MAN Van-MAN_TopUsed,Schiffsmotoren-MAN_TopUsed,Industriemotoren-MAN_TopUsed,LKW-BusTopService,Bus-BusTopService,MAN Van-BusTopService,Schiffsmotoren-BusTopService,Industriemotoren-BusTopService,LKW-eMobility,Bus-eMobility,MAN Van-eMobility,Schiffsmotoren-eMobility,Industriemotoren-eMobility
"K-MAN AUTO SERVICE CO.,LTD.",Servicepartner,"333/9 Moo.4 Bang Chalong, Bang Phli, 10540 Samut Prakarn, Thailand, , ",+66 (2) 1305640,+66 (2) 1305641,KmanService@kmanservice.com,http://www.khunanangroup.com/,yes,yes,no,,,yes,,,,,,,,,,,,,,,,,,,
Jaray Mekkluean,ServiceassistenzServiceassistenz,Telefon: +66 (2) 7037733,Mobil: +66 (82) 7075444 ,Fax: +66 (2)7037599,E-Mail: JarayM@kmanservice.com,            
Siriwan Mekkluean,Auftragszentrum Verkauf,Telefon: +66 (2) 1305640,Mobil: +66 (87) 087-8284889 ,Fax: +66 (2)1305641,E-Mail: siriwanmekkluean@hotmail.com,            





