﻿Company Name,Service Partner,Address,Phone Number,Fax,Email,Website,LKW-Service,Bus-Service,MAN Van-Service,Schiffsmotoren-Service,Industriemotoren-Service,LKW-Verkauf,Bus-Verkauf,MAN Van-Verkauf,Schiffsmotoren-Verkauf,Industriemotoren-Verkauf,LKW-MAN_TopUsed,Bus-MAN_TopUsed,MAN Van-MAN_TopUsed,Schiffsmotoren-MAN_TopUsed,Industriemotoren-MAN_TopUsed,LKW-BusTopService,Bus-BusTopService,MAN Van-BusTopService,Schiffsmotoren-BusTopService,Industriemotoren-BusTopService,LKW-eMobility,Bus-eMobility,MAN Van-eMobility,Schiffsmotoren-eMobility,Industriemotoren-eMobility
VAN VLIET TOGO S.A.,Servicepartner,"Le Grand Contournement, BP 1130 Lome, Togo, , ",+31(1)80312644,,ben.schraeder@vanvliet.com,,yes,no,no,,,yes,,,,,,,,,,,,,,,,,,,
Nico Bakker,WerkstattmeisterLeiter Werkstatt,Telefon: +31(6)39756449,Mobil: -,Fax: -,E-Mail: Nico.Bakker@vanvliet.com,            
Maurits Molewijk,,Telefon: +316(3)4843864,Mobil: -,Fax: -,E-Mail: maurits@vanvliet.com,            
Kenneth Klaverweide,,Telefon: +316(3)0119935,Mobil: -,Fax: -,E-Mail: kenneth@vanvliet.com,            
Marc van het Bolscher,Auftragszentrum ServiceVertriebsmanager Service &amp; Teile,Telefon: +31(1)80312644,Mobil: -,Fax: -,E-Mail: marc@vanvliet.com,            





