﻿Company Name,Service Partner,Address,Phone Number,Fax,Email,Website,LKW-Service,Bus-Service,MAN Van-Service,Schiffsmotoren-Service,Industriemotoren-Service,LKW-Verkauf,Bus-Verkauf,MAN Van-Verkauf,Schiffsmotoren-Verkauf,Industriemotoren-Verkauf,LKW-MAN_TopUsed,Bus-MAN_TopUsed,MAN Van-MAN_TopUsed,Schiffsmotoren-MAN_TopUsed,Industriemotoren-MAN_TopUsed,LKW-BusTopService,Bus-BusTopService,MAN Van-BusTopService,Schiffsmotoren-BusTopService,Industriemotoren-BusTopService,LKW-eMobility,Bus-eMobility,MAN Van-eMobility,Schiffsmotoren-eMobility,Industriemotoren-eMobility
AUTOIMPEX SPOL. S R.O.,Servicepartner,"Kpt. Jarose 79, 595 01 Velka Bites, Tschechische Republik, , ",+420 (566) 531 417,+420 (566) 531 817,servis@autoimpex.cz,http://www.autoimpex.cz,yes,no,yes,,,yes,,,,,,,,,,,,,,,,,,,
Zbynek Schwarzbach,Geschäftsführer,Telefon: +420 (602) 693 698,Mobil: -,Fax: -,E-Mail: servis@autoimpex.cz,            
Petr Kopacek ,Ersatzteilverkauf,Telefon: +420 (566) 502 767,Mobil: -,Fax: +420 (566) 531 817,E-Mail: sklad@autoimpex.cz,            
Miroslav Cerman,MA Reparaturannahme LKW,Telefon: +420 (566) 531 659,Mobil: +420 (606) 794 694,Fax: -,E-Mail: cerman@autoimpex.cz,            





"BITESSKA DOPRAVNI SPOLECNOST, SPOL. S R.O.",Servicepartner,"Vlkovska 334, 595 01 Velka Bites, Tschechische Republik, , ",+420 (602) 747 083,+420 (566) 502 230,servis@bds-vb.cz,http://www.bds-vb.cz,yes,no,yes,,,,,,,,,,,,,,,,,,,,,,
Frantisek Dockal,Auftragszentrum ServiceLeiter Werkstatt,Telefon: +420 (606) 734 300,Mobil: +420 (606) 734 300,Fax: -,E-Mail: dockal@bds-vb.cz,            
Karel Holanek,MA Reparaturannahme LKWLeiter Werkstatt,Telefon: +420 (566) 502 230,Mobil: +420 (602) 503 345,Fax: -,E-Mail: holanek@bds-vb.cz,            
David Loup,KalkulatorLeiter Werkstatt,Telefon: +420 (566) 502 230,Mobil: +420 (606) 747 156,Fax: -,E-Mail: david.loup@bds-vb.cz,            
Petr Bartunek,MA Ersatzteilverkauf LKW,Telefon: +420 (566) 502 236,Mobil: +420 (739) 013 731,Fax: -,E-Mail: petr.bartunek@bds-vb.cz,            





CENTRUM MORAVA AUTO S.R.O.,Servicepartner,"Sedlnice 530, 742 56 Sedlnice, Tschechische Republik, , ",+420(0)00000 0,,x@man.eu,,,,,,,yes,,,,,,,,,,,,,,,,,,,





CSAD STTRANS A.S.,Servicepartner,"U Nadrazi 984, 386 13 Strakonice, Tschechische Republik, , ",+420 (383) 316 244,+420 (389) 055 269,pcapek@sttrans.cz,http://www.sttrans.cz,yes,no,yes,,,,,,,,,,,,,,,,,,,,,,
Pavel Capek,Leiter After Sales,Telefon: +420 (389) 055 244,Mobil: +420 (602) 686 416,Fax: -,E-Mail: pcapek@sttrans.cz,            
Jiri Sablik,Ansprechpartner Zahlungsgarantie LKWLeiter Werkstatt,Telefon: +420 (724) 008 408,Mobil: +420 (724) 008 408,Fax: -,E-Mail: jsablik@sttrans.cz,            





CSAD TISNOV S.R.O.,Servicepartner,"Cerveny Mlyn 1538, 666 01 Tisnov, Tschechische Republik, , ",+420 (549) 121 111,+420 (549) 121 156,servis@csad-tisnov.cz,http://www.csad-tisnov.cz,yes,yes,yes,,,,,,,,,,,,,,,,,,,,,,
Pavel Vít,Leiter Teile und ZubehörServiceberater,Telefon: +420 (549) 121 547,Mobil: +420 (602) 776 250,Fax: -,E-Mail: vit@csad-tisnov.cz,            
Martin Sova,Geschäftsführer,Telefon: +420 (549) 121 147,Mobil: +420 (602) 539 462,Fax: +420 (549) 121 156,E-Mail: msova@csad-tisnov.cz,            
Josef Nemecek,Leiter WerkstattZahlungsgarantie 1 (M24),Telefon: +420 (724) 076 390,Mobil: +420 (724) 076 390,Fax: -,E-Mail: servis@csad-tisnov.cz,            





"CZECH TRUCK SERVIS, S.R.O.",Servicepartner,"Leštinská 975, 789 01 Zabreh, Tschechische Republik, , ",+420 (583) 456 137,,miroslav.janku@cztruck.cz,http://www.cztruck.cz/,yes,no,yes,,,,,,,,,,,,,,,,,,,,,,
Skácel Ladislav,Werkstattmeister LKW,Telefon: +420 (583) 411 376,Mobil: +420 (724) 493 860,Fax: -,E-Mail: ladislav.skacel@cztruck.cz,            
Zelinka Ladislav,MA Ersatzteilverkauf LKW,Telefon: +420 (583) 411 403,Mobil: +420 (724) 449 863,Fax: -,E-Mail: ladislav.zelinka@cztruck.cz,            
Janku Miroslav,BetriebsleiterAnsprechpartner Zahlungsgarantie LKW,Telefon: +420 (583) 456 137,Mobil: +420 (725) 747 574,Fax: +420 (583) 411 376,E-Mail: miroslav.janku@cztruck.cz,            
Ladislav Krejci,Werkstattmeister LKW,Telefon: +420 (583) 341 376,Mobil: +420 (724) 493 861,Fax: -,E-Mail: ladislav.krejci@cztruck.cz,            





FARID COMERCIA S.R.O.,Servicepartner      Verkaufsstandort des Händlers -MAN Truck & Bus Czech Republic s.r.o.-,"Hradistska 167, 29402 Knezmost, Tschechische Republik, , ",+420 (326) 211 346,+420 (326) 784 043,faridcom@faridcom.cz,http://www.faridcom.cz,yes,no,yes,,,,,,,,,,,,,,,,,,,,,,
Vit Pospisil,Betriebsleiter,Telefon: +420 (604) 286 441,Mobil: +420 (604) 286 441,Fax: -,E-Mail: vit.pospisil@faridcom.cz,            
Monika Halbichova,MA Ersatzteilverkauf LKW,Telefon: +420 (739) 561 887,Mobil: +420 (739) 561 887,Fax: +420 (326) 784 043,E-Mail: monika.halbichova@faridcom.cz,            
Radovan Juryca,Werkstattmeister LKW,Telefon: +420 (734) 315 232,Mobil: +420 (734) 315 232,Fax: +420 (326) 784 043,E-Mail: radovan.juryca@faridcom.cz,            
Lukas Jiricny,MA Reparaturannahme LKW,Telefon: +420 (737) 647 196,Mobil: +420 (737) 647 196,Fax: +420 (326) 784 043,E-Mail: lukas.jiricny@faridcom.cz,            





GW JIHOTRANS A.S.,Servicepartner      Verkaufsstandort des Händlers -MAN Truck & Bus Czech Republic s.r.o.-,"Pekarenska 255/77, 370 04 Ceske Budejovice, Tschechische Republik, , ",+420 (389)009 174,+420 (389) 009 172,manservis@gwjihotrans.cz,http://www.jihotrans.cz,yes,no,yes,,,,,,,,,,,,,,,,,,,,,,
Petr Stabrnak,BetriebsleiterAnsprechpartner Zahlungsgarantie BUSAnsprechpartner Zahlungsgarantie LKW,Telefon: +420 (389) 009 173,Mobil: +420 (602) 267 702,Fax: -,E-Mail: lukas.bina@gwjihotrans.cz,            
Lukas Bina,MA Reparaturannahme LKW,Telefon: +420 (389) 009 174,Mobil: +420 (606) 648 583,Fax: -,E-Mail: lukas.bina@gwjihotrans.cz,            
Michal Rozum,Werkstattmeister LKW,Telefon: +420 (389) 009 175,Mobil: +420 (602) 221 134,Fax: +420 (389) 009 172,E-Mail: michal.rozum@gwjihotrans.cz,            
Nikola Dvorakova,Teamleiter Teile und Zubehör,Telefon: +420 (389) 009 247,Mobil: +420 (602) 159 850,Fax: +420 (389) 009 248,E-Mail: nikola.dvorakova@gwjihotrans.cz,            





HESTI SPOL. S R.O. (CHOMUTOV),Servicepartner      Verkaufsstandort des Händlers -MAN Truck & Bus Czech Republic s.r.o.-,"Sporicka 5917, 430 01 Chomutov, Tschechische Republik, , ",+420 (474) 625 347,+420 (474) 625 363,servischomutov@hesti.cz,http://www.hesti.cz,yes,no,yes,,,,,,,,,,,,,,,,,,,,,,
Petr Marek,BetriebsleiterZahlungsgarantie 2 (M24),Telefon: +420 (474) 625 347,Mobil: +420 (607) 093 631,Fax: +420 (474) 625 363,E-Mail: marek@hesti.cz,            
Zdenek Prat,BetriebsleiterZahlungsgarantie 1 (M24),Telefon: +420 (602) 696 652,Mobil: -,Fax: -,E-Mail: prat@hesti.cz,            
Pavel  Marek,ServiceberaterBetriebsleiter,Telefon: +420 (725) 523 365,Mobil: +420 (725) 523 365,Fax: -,E-Mail: pavel.marek@hesti.cz,            





HESTI SPOL. S R.O. (LIBEREC),Servicepartner      Verkaufsstandort des Händlers -MAN Truck & Bus Czech Republic s.r.o.-,"Heyrovskeho 150, 46312 Liberec, Tschechische Republik, , ",+420 (602) 121 465,,rulc@hesti.cz,http://www.hesti.cz,yes,no,yes,,,,,,,,,,,,,,,,,,,,,,
Jakub Rulc,Betriebsleiter,Telefon: +420 (602) 121 465,Mobil: -,Fax: -,E-Mail: rulc@hesti.cz,            
Lukas Fedytnik,Ersatzteilverkauf,Telefon: +420 (601) 087 469,Mobil: -,Fax: -,E-Mail: ndliberec@hesti.cz,            
Ondrej Adasek,Servicemitarbeiter,Telefon: +420 (775) 969 709,Mobil: +420 (775) 969 709,Fax: -,E-Mail: servis.liberec@hesti.cz,            





HESTI SPOL. S R.O. (PRAHA),Servicepartner      Verkaufsstandort des Händlers -MAN Truck & Bus Czech Republic s.r.o.-,"K Hajum 946/10, 155 00 Praha 5, Tschechische Republik, , ",+420 602 (725) 247,+420 (251) 617 266,janko@hesti.cz,http://www.hesti.cz,yes,no,yes,,,,,,,,,,,,,,,,,,,,,,
Michal Maly,Ersatzteilverkauf,Telefon: +420 (602) 321 156,Mobil: +420 (602) 321 156,Fax: -,E-Mail: maly@hesti.cz,            
Tomas Klesa,Zahlungsgarantie 2 (M24),Telefon: +420 (702) 210 189,Mobil: +420 (702) 210 189,Fax: -,E-Mail: klesa@hesti.cz,            
Pavel Ferencz,Serviceberater,Telefon: +420 (724) 290 041,Mobil: -,Fax: -,E-Mail: ferencz@hesti.cz,            
Lukas Zahrobsky,BetriebsleiterZahlungsgarantie 1 (M24),Telefon: +420 (725) 782 926,Mobil: -,Fax: -,E-Mail: zahrobsky@hesti.cz,            





HESTI SPOL. S.R.O.,Servicepartner,"Na Sadech 12, 25225 Zbuzany, Tschechische Republik, , ",+420(0)00000 0,,x@man.eu,,,,,,,yes,,,,,,,,,,,,,,,,,,,





HESTI SPOL.S R.O. (HRADEC KRÁLOVÉ),Servicepartner      Verkaufsstandort des Händlers -MAN Truck & Bus Czech Republic s.r.o.-,"Koutnikova 272, 503 01 Hradec Kralove, Tschechische Republik, , ",+420 (495) 487 305,+420 (495) 214 816,zelenka@hesti.cz,http://hesti.cz/,yes,no,yes,,,,,,,,,,,,,,,,,,,,,,
Petr Novák,Teamleiter Teile und ZubehörLeiter Werkstatt,Telefon: +420 (495) 487 305,Mobil: +420 (725) 101 100,Fax: +420 (495) 214 816,E-Mail: novak@hesti.cz,            
Milan Nevole,Ansprechpartner Zahlungsgarantie LKWBetriebsleiter,Telefon: +420 (602) 223 382,Mobil: +420 (602) 223 382,Fax: -,E-Mail: nevole@hesti.cz,            
Rudolf Toman,Werkstattmeister LKW,Telefon: +420 (495) 487 305,Mobil: +420 (602) 655 432,Fax: -,E-Mail: toman@hesti.cz,            
Michal Matejovsky,MA Reparaturannahme LKWLeiter Werkstatt,Telefon: +420 (495) 487 305,Mobil: +420 (724) 564 234,Fax: -,E-Mail: matejovsky@hesti.cz,            
Ales Kostelecky,Leiter WerkstattServiceberater,Telefon: +420 (724) 888 889,Mobil: +420 (724) 888 889,Fax: -,E-Mail: kostelecky@hesti.cz,            





"HESTI, SPOL. S R.O. (PLZEŇ)",Servicepartner      Verkaufsstandort des Händlers -MAN Truck & Bus Czech Republic s.r.o.-,"Tremosna 150, 330 11 Tremosna, Tschechische Republik, , ",+420 (377) 856 012,+420 (377) 855 150,servis@spkvauto.cz,http://www.spkvauto.cz/,yes,no,yes,,,,,,,,,,,,,,,,,,,,,,
Karel Lazanek,BetriebsleiterZahlungsgarantie 2 (M24),Telefon: +420 (724) 064 294,Mobil: -,Fax: -,E-Mail: lazanek@hesti.cz,            
Petr Sklenář,Teamleiter Teile und Zubehör,Telefon: +420 (377) 856 012,Mobil: +420 (602) 627 223,Fax: +420 (377) 855 150,E-Mail: sklenar@spkvauto.cz,            
Jan Machacek,Zahlungsgarantie 1 (M24)Betriebsleiter,Telefon: +420 (724) 252 009,Mobil: -,Fax: -,E-Mail: machacek@hesti.cz,            
Pavel Beran,Serviceberater,Telefon: +420 (606) 646 077,Mobil: -,Fax: -,E-Mail: beran@hesti.cz,            





"HESTI, SPOL. S R.O. (ÚSTÍ NAD LABEM)",Servicepartner      Verkaufsstandort des Händlers -MAN Truck & Bus Czech Republic s.r.o.-,"Přestanov 110, 403 17 Přestanov, Tschechische Republik, , ",+420 (475) 502 424,+420 (475) 501 274,service.ul@t-protech.cz,http://www.t-protech.cz,yes,no,yes,,,,,,,,,,,,,,,,,,,,,,
Rudolf Karlik,Ansprechpartner Zahlungsgarantie LKWBetriebsleiter,Telefon: +420 (602) 180 129,Mobil: -,Fax: -,E-Mail: karlik@hesti.cz,            
Lukas Kopacka,MA Reparaturannahme LKW,Telefon: +420 (724) 241 433,Mobil: -,Fax: -,E-Mail: technik.usti@hesti.cz,            
Stanislava Trochova,MA Ersatzteilverkauf LKW,Telefon: +420 (475) 502 424,Mobil: +420 (602) 420 892,Fax: +420 (475) 501 274,E-Mail: sklad.usti@hesti.cz,            
Ladislav Troch,MA Reparaturannahme LKW,Telefon: +420 (602) 623 121,Mobil: -,Fax: -,E-Mail: technik.usti@hesti.cz,            





KDH AUTO & TRUCK SERVICE SPOL. S.R.O.,Servicepartner,"Trida Tomase Bati 258, 764 23 Zlin, Tschechische Republik, , ",+420(0)00000 0,,,,,,,,,yes,,,,,,,,,,,,,,,,,,,





KDH AUTO MORAVA S.R.O.,Servicepartner      Verkaufsstandort des Händlers -MAN Truck & Bus Czech Republic s.r.o.-,"9. kvetna 92, 750 00 Prerov, Tschechische Republik, , ",+420 (581) 250 553,+420 (581) 250 568,manprerov@kdhauto.cz,http://www.kdhauto.cz,yes,no,yes,,,,,,,,,,,,,,,,,,,,,,
Jaroslav  Jangot,MA Reparaturannahme LKW,Telefon: +420 (581) 250 553,Mobil: +420 (602) 533 110,Fax: -,E-Mail: manprerov@kdhauto.cz,            
Zbynek Pecha,Ansprechpartner Zahlungsgarantie LKWLeiter After Sales,Telefon: +420 (581) 250 551,Mobil: +420 (602) 537 384,Fax: -,E-Mail: pechaz@kdhauto.cz,            
Daniel Kelar,MA Ersatzteilverkauf LKW,Telefon: +420 (581) 250 555,Mobil: +420 (602) 761 362,Fax: -,E-Mail: manprerov@kdhauto.cz,            
Martin Kurfürst,MA Ersatzteilverkauf LKW,Telefon: +420 (581) 250 555,Mobil: +420 (602) 727 907,Fax: +420 (581) 250 568,E-Mail: manprerov@kdhauto.cz,            





"MAN TRUCK & BUS CZECH REPUBLIC S. R.O., OSTRAVA",MAN-Servicebetrieb      Verkaufsstandort des Händlers -MAN Truck & Bus Czech Republic s.r.o.-,"Na Nahonu 1123/20, 70200 Ostrava, Tschechische Republik, , ",+420 (595) 135 945,+420 (595) 135 946,schmidt@man.eu,http://www.mantruckandbus.cz,yes,yes,yes,,,yes,yes,,,,yes,,yes,,,,,,,,,,,,
Lukas Schmidt,Ansprechpartner Zahlungsgarantie LKWAnsprechpartner Zahlungsgarantie BUSBetriebsleiter,Telefon: +420 (595) 135 943,Mobil: +420 (606) 663 380,Fax: -,E-Mail: schmidt@man.eu,            
Kontakt MOBILE24,Betriebsleiter,Telefon: +420 (606) 663 398,Mobil: +420 (606) 663 398,Fax: -,E-Mail: schmidt@man.eu,            





"MAN TRUCK & BUS CZECH REPUBLIC S.R.O., PLZEŇ",MAN-Servicebetrieb      Verkaufsstandort des Händlers -MAN Truck & Bus Czech Republic s.r.o.-,"Domažlická 178, 314 62 Plzeň, Tschechische Republik, , ",+420 (371) 520 085,+420 (371) 520 085,ota.zach@man.eu,http://manoriginal.cz,yes,yes,yes,,,yes,,yes,,,,,,,,,,,,,,,,,
Ota Zach,BetriebsleiterZahlungsgarantie 1 (M24),Telefon: +420 (602) 359 630,Mobil: +420 (602) 359 630,Fax: -,E-Mail: ota.zach@man.eu,            
Martin Pech,Leiter WerkstattZahlungsgarantie 2 (M24),Telefon: +420 (603) 457 379,Mobil: +420 (603) 457 379,Fax: -,E-Mail: martin.pech@man.eu,            
Pavel Zdanovec,WerkstattmeisterLeiter Werkstatt,Telefon: +420 (724) 909 277,Mobil: +420 (724) 909 277,Fax: -,E-Mail: pavel.zdanovec@man.eu,            
Jan Kohout,ErsatzteilverkaufLeiter Werkstatt,Telefon: +420 (725) 075 895,Mobil: +420 (725) 075 895,Fax: -,E-Mail: jan.kohout@man.eu,            
Pavel Slanec,Werkstattmeister,Telefon: +420 (724) 909 278,Mobil: +420 (724) 909 278,Fax: -,E-Mail: pavel.slanec@man.eu,            





"MAN TRUCK & BUS CZECH REPUBLIC S.R.O., POSTŘIŽÍN",MAN-Servicebetrieb      Verkaufsstandort des Händlers -MAN Truck & Bus Czech Republic s.r.o.-,"Rudolfa Diesela 600, 250 70 Postřižín, Tschechische Republik, , ",+420 (733) 789 909,,radek.svedik@man.eu,,yes,yes,yes,,,yes,yes,yes,,,yes,yes,yes,,,,yes,,,,,,,,
Radek Svedik,Betriebsleiter,Telefon: +420 (733) 789 909,Mobil: +420 (733) 789 909,Fax: -,E-Mail: radek.svedik@man.eu,            
Lubomir Hanak,Serviceberater,Telefon: +420 (733) 789 902,Mobil: +420 (733) 789 902,Fax: -,E-Mail: lubomir.hanak@man.eu ,            
Vladimir Krupicka,Leiter Teile und Zubehör,Telefon: +420 (736) 620 195,Mobil: +420 (736) 620 195,Fax: -,E-Mail: vladimir.krupicka@man.eu,            





"MAN TRUCK & BUS CZECH REPUBLIC S.R.O., ROUSINOV",MAN-Servicebetrieb      Verkaufsstandort des Händlers -MAN Truck & Bus Czech Republic s.r.o.-,"Slavkovská 1, 683 01 Rousínov, Tschechische Republik, , ",+420 (515)158211,+420(515)158225,servis.rousinov@man.eu,http://www.man-mn.cz,yes,yes,yes,,,yes,yes,yes,,,yes,yes,yes,,,,yes,,,,,,,,
Radovan Sedlacek,Ansprechpartner Zahlungsgarantie LKWAnsprechpartner Zahlungsgarantie BUSBetriebsleiter,Telefon: +420(736) 502 908,Mobil: +420(736) 502 908,Fax: -,E-Mail: radovan.sedlacek@man.eu,            





"MAN TRUCK & BUS CZECH REPUBLIC S.R.O., ČESTLICE",MAN-Servicebetrieb      Verkaufsstandort des Händlers -MAN Truck & Bus Czech Republic s.r.o.-,"Obchodni 120, 251 70 Cestlice, Tschechische Republik, , ",+420 (272) 111 511,+420 (272) 111 590,cz.man@man.eu,http://www.mantruckandbus.cz,yes,yes,yes,,,yes,yes,yes,,,,,,,,,yes,,,,,,,,





"NTC, S. R. O.",Servicepartner      Verkaufsstandort des Händlers -MAN Truck & Bus Czech Republic s.r.o.-,"Bantice 72, 671 61 Prosimerice, Tschechische Republik, , ",+420 (515) 271 030,+420 (515) 271 033,servisznojmo@ntc-vb.cz,http://www.ntc-vb.cz,yes,no,yes,,,,,,,,,,,,,,,,,,,,,,
Pavel Sic,BetriebsleiterAnsprechpartner Zahlungsgarantie LKW,Telefon: +420 (515) 271 031,Mobil: +420 (602) 564 295,Fax: -,E-Mail: servisznojmo@ntc-vb.cz,            
Martin Vincour,Teamleiter Teile und Zubehör,Telefon: +420 (515) 222 598,Mobil: +420 (724) 367 199,Fax: -,E-Mail: skladznojmo@ntc-vb.cz,            
Marek Bogner,MA Reparaturannahme LKW,Telefon: +420 (515) 271 032,Mobil: +420 (602) 587 485,Fax: -,E-Mail: bogner@ntc-vb.cz,            





PRETOL TRUCK SERVICE S.R.O.,Servicepartner      Verkaufsstandort des Händlers -MAN Truck & Bus Czech Republic s.r.o.-,"Vystrkov 99, 396 01 Humpolec, Tschechische Republik, , ",+420 (565) 383 512,,recepce@pretol.cz,http://www.autoimpex-pretol.cz,yes,no,yes,,,,,,,,,,,,,,,,,,,,,,
David Hlusicka,Betriebsleiter,Telefon: +420 (773) 054 842,Mobil: +420 (773) 054 842,Fax: -,E-Mail: d.hlusicka@pretol.cz,            
Marek Matl,Leiter WerkstattAnsprechpartner Zahlungsgarantie LKW,Telefon: +420 (602) 847 821,Mobil: +420 (602) 847 821,Fax: -,E-Mail: m.matl@pretol.cz,            
Martin Voborsky,MA Ersatzteilverkauf LKWLeiter Teile und Zubehör,Telefon: +420 (778) 481 581,Mobil: +420 (778) 481 581,Fax: -,E-Mail: sklad@autoimpex-pretol.cz,            





PTN - VESTRA S. R. O.,Servicepartner      Verkaufsstandort des Händlers -MAN Truck & Bus Czech Republic s.r.o.-,"Sedlnice 530, 742 56 Sedlnice, Tschechische Republik, , ",+420 (556) 715 185,+420 (556) 715 187,man@vestra.cz,http://www.vestra.cz,yes,no,yes,,,,,,,,,,,,,,,,,,,,,,
Radek Vana,Ansprechpartner Zahlungsgarantie LKWBetriebsleiter,Telefon: +420 (556) 715 185,Mobil: +420 (605) 250 389,Fax: +420 (597) 471 308,E-Mail: vana@vestra.cz,            
Petr Bucek,MA Reparaturannahme LKW,Telefon: +420 (556) 715 185,Mobil: +420 (603) 230 820,Fax: -,E-Mail: bucek@vestra.cz,            
Vratislav Pustejovsky,MA Ersatzteilverkauf LKW,Telefon: +420 (556) 715 185,Mobil: +420 (606) 739 770,Fax: -,E-Mail: pustejovsky@vestra.cz,            





S. & W. AUTOMOBILY S.R.O.,Servicepartner      Verkaufsstandort des Händlers -MAN Truck & Bus Czech Republic s.r.o.-,"Daimlerova 202, 36211 Jenisov, Tschechische Republik, , ",+420 (359) 880 888,+420 (359) 880 111,servis@suw-man.cz,http://www.suw-man.cz,yes,no,yes,,,,,,,,,,,,,,,,,,,,,,
Vaclav Rericha ,Serviceberater,Telefon: +420 (353) 447 888,Mobil: -,Fax: -,E-Mail: vaclav.rericha@suw-man.cz,            
Jiri Stocek,ServiceberaterLeiter Werkstatt,Telefon: +420 (359) 880 888,Mobil: +420 (733) 740 851,Fax: +420 (359) 880 111,E-Mail: jiri.stocek@suw-man.cz,            
Michal Dohnal,MA Ersatzteilverkauf LKW,Telefon: +420 (359) 880 881,Mobil: -,Fax: +420 (359) 880 111,E-Mail: michal.dohnal@suw-man.cz,            
Michal Plitz,Serviceberater,Telefon: +420 (359) 880 888,Mobil: -,Fax: +420 (359) 880 111,E-Mail: michal.plitz@suw-man.cz,            
Rostislav Kachlir,MA Ersatzteilverkauf LKW,Telefon: +420 (733) 740 852,Mobil: +420 (733) 740 852,Fax: -,E-Mail: rostislav.kachlir@suw-man.cz,            





STN-ESOX SPOL. S R.O,Servicepartner      Verkaufsstandort des Händlers -MAN Truck & Bus Czech Republic s.r.o.-,"Cervene Zahori 204, 391 37 Chotoviny, Tschechische Republik, , ",+420 (381) 281 750,+420 (381) 282 303,info@stnesox.cz,http://www.stnesox.cz/,yes,no,yes,,,,,,,,,,,,,,,,,,,,,,
Jiri Perger,Ersatzteilverkauf,Telefon: +420 (602) 313 441,Mobil: -,Fax: +420 (381) 282 303,E-Mail: sklad@stnesox.cz,            
Vladimir Sanda,Werkstattmeister,Telefon: +420 (606) 743 260,Mobil: +420 (606) 743 260,Fax: +420 (381) 282 303,E-Mail: servis@stnesox.cz,            
Martin Petras,Werkstattmeister,Telefon: +420 (724) 050 000,Mobil: +420 (724) 050 000,Fax: +420 (381) 282 303,E-Mail: petras@stnesox.cz,            
JIndrich Spacek,Leiter Werkstatt,Telefon: +420 (725) 529 070,Mobil: +420 (725) 529 070,Fax: -,E-Mail: servis@stnesox.cz,            





TRUCK SERVICE ZLIN A.S,Servicepartner      Verkaufsstandort des Händlers -MAN Truck & Bus Czech Republic s.r.o.-,"Trida Tomase Bati 258, 764 23 Zlin, Tschechische Republik, , ",+420 (577) 587 111,+420 (577) 587 119,service@truckservice.cz,http://www.truckservice.cz,yes,no,yes,,,,,,,,,,,,,,,,,,,,,,
Vaclav Kensa,Werkstattmeister LKW,Telefon: +420 (577) 587 337,Mobil: +420 (739) 646 914,Fax: -,E-Mail: service2@truckservice.cz,            
Jiri Slobodian,Teamleiter Teile und Zubehör,Telefon: +420 (577) 587 446,Mobil: +420 (739) 646 909,Fax: +420 (577) 103 435,E-Mail: trade3@truckservice.cz,            
Pavel Nanko,Betriebsleiter,Telefon: +420 (577) 587 333,Mobil: +420 (739) 646 902,Fax: -,E-Mail: service@truckservice.cz,            
Petr Sevcik,MA Reparaturannahme LKW,Telefon: +420 (577) 587 332,Mobil: +420 (739) 646 906,Fax: -,E-Mail: service5@truckservice.cz,            





