﻿Company Name,Service Partner,Address,Phone Number,Fax,Email,Website,LKW-Service,Bus-Service,MAN Van-Service,Schiffsmotoren-Service,Industriemotoren-Service,LKW-Verkauf,Bus-Verkauf,MAN Van-Verkauf,Schiffsmotoren-Verkauf,Industriemotoren-Verkauf,LKW-MAN_TopUsed,Bus-MAN_TopUsed,MAN Van-MAN_TopUsed,Schiffsmotoren-MAN_TopUsed,Industriemotoren-MAN_TopUsed,LKW-BusTopService,Bus-BusTopService,MAN Van-BusTopService,Schiffsmotoren-BusTopService,Industriemotoren-BusTopService,LKW-eMobility,Bus-eMobility,MAN Van-eMobility,Schiffsmotoren-eMobility,Industriemotoren-eMobility
ALPHA INTERNATIONAL TUNISIE,Servicepartner,"Autoroute Tunis-Sousse, 2014 Mégrine Riadh, Tunis, Tunesien, , ",+216(71)398166,+216(71)308401,romdhane.omri@alpha.com.tn,,yes,yes,no,,,yes,yes,,,,,,,,,,,,,,,,,,





THALASSA AUTOMOBILE,Servicepartner      Verkaufsstandort des Händlers -Alpha International Tunisie-,"Route de l'Aéroport - Entrée Mellita - 4180, 4180 Djerba, Tunesien, , ",+216(7)5674737,,thalassaauto.direction@topnet.tn,,yes,yes,no,,,,,,,,,,,,,,,,,,,,,,
Nabil Bannour,Geschäftsführer,Telefon: +216(7)5674737,Mobil: -,Fax: -,E-Mail: thalassaauto.direction@topnet.tn,            
Nizar Blaghji,Leiter WerkstattWerkstattmeister,Telefon: +216(7)5674737,Mobil: -,Fax: -,E-Mail: thalassaauto.commercial@topnet.tn,            
Mustapha Ben Yahya,Leiter Teile und ZubehörErsatzteilverkauf,Telefon: +216(7)5674737,Mobil: -,Fax: -,E-Mail: thalassaauto.magazin@topnet.tn,            





