﻿Company Name,Service Partner,Address,Phone Number,Fax,Email,Website,LKW-Service,Bus-Service,MAN Van-Service,Schiffsmotoren-Service,Industriemotoren-Service,LKW-Verkauf,Bus-Verkauf,MAN Van-Verkauf,Schiffsmotoren-Verkauf,Industriemotoren-Verkauf,LKW-MAN_TopUsed,Bus-MAN_TopUsed,MAN Van-MAN_TopUsed,Schiffsmotoren-MAN_TopUsed,Industriemotoren-MAN_TopUsed,LKW-BusTopService,Bus-BusTopService,MAN Van-BusTopService,Schiffsmotoren-BusTopService,Industriemotoren-BusTopService,LKW-eMobility,Bus-eMobility,MAN Van-eMobility,Schiffsmotoren-eMobility,Industriemotoren-eMobility
ITS AG,Servicepartner,"Gundogar str., 1, 744035 Ashgabat, Turkmenistan, , ",+9(931)243-1819,,vgichkalov@yahoo.co.uk,,yes,no,no,,,yes,,,,,,,,,,,,,,,,,,,
Yuri Sahatov,,Telefon: +99(31)2431819,Mobil: -,Fax: -,E-Mail: yuri.sahatov@intraserv.ch,            





