﻿Company Name,Service Partner,Address,Phone Number,Fax,Email,Website,LKW-Service,Bus-Service,MAN Van-Service,Schiffsmotoren-Service,Industriemotoren-Service,LKW-Verkauf,Bus-Verkauf,MAN Van-Verkauf,Schiffsmotoren-Verkauf,Industriemotoren-Verkauf,LKW-MAN_TopUsed,Bus-MAN_TopUsed,MAN Van-MAN_TopUsed,Schiffsmotoren-MAN_TopUsed,Industriemotoren-MAN_TopUsed,LKW-BusTopService,Bus-BusTopService,MAN Van-BusTopService,Schiffsmotoren-BusTopService,Industriemotoren-BusTopService,LKW-eMobility,Bus-eMobility,MAN Van-eMobility,Schiffsmotoren-eMobility,Industriemotoren-eMobility
AGROPROMMONTAZH,Servicepartner,"Murmanska Str., 29M, 25018 Kropyvnytskyi, Ukraine, , ",+380(50) 457 29 99,+380(522) 35 90 35,office@agro.kr.ua,http://www.agro.kr.ua,yes,yes,no,no,yes,yes,yes,,,yes,yes,yes,,,,,,,,,,,,,
Victor Dudarenko,Direktor,Telefon: +380(50)457 29 99,Mobil: +380(50)457 29 99,Fax: +380(522) 35 90 35,E-Mail: victordudarenko@agro.kr.ua,            





AVANTI GROUP,Servicepartner,"Velyka Kiltseva 2, 03170 Kyiv, Ukraine, , ",+380(44)585-2140,+380(44)585-2143,kiev@man-ag.com.ua,https://man-ag.com.ua/,yes,yes,no,no,yes,yes,yes,,,yes,yes,yes,,,,,,,,,,,,,
Igor Gramma ,Verkäufer LKWMA Verkauf BUS,Telefon: +380(44)5852141,Mobil: +380(67) 247 41 07               ,Fax: +380(44)5852143,E-Mail: igor_gramma@man-ag.com.ua,            
Daniil Vysekanets,,Telefon: +380(44)5852141,Mobil: +380(67) 218 62 45,Fax: +380(44)5852143,E-Mail: daniil_vysekanets@man-ag.com.ua,            





MAN TRUCK & BUS UKRAINE LLC,MAN-Servicebetrieb,"Valentiny Chaiky St.16, 08135 Chaiky, Kyiv region, Ukraine, , ",+380 (44)391-3300,+380 (44)391-3311,info@ua.man-mn.com,http://www.truck.man.eu/ua/,,,,,,yes,yes,,,,yes,yes,,,,,,,,,,,,,





TEKHNOFORUM,Servicepartner,"Kompleks budivel ta sporud 17, 52001 Pidgorodnenska miska rada, Ukraine, , ",+380(56)3768888,+380(56)3757600,info@man-trucks.com.ua,http://www.man-trucks.com.ua,yes,yes,no,no,yes,yes,yes,,,yes,yes,yes,,,,,,,,,,,,,
Andrey Hrabovetskiy,Leiter Werkstatt,Telefon: +380(56)3768888,Mobil: +38(067) 370-37-00,Fax: +380(56)3757600,E-Mail: Andrey.Hrabovetskiy@man-trucks.com.ua,            





TEKHNOFORUM ODESA,Servicepartner,"Kyivske Hwy 14 km, 67661 Nerubaiske, Ukraine, , ",+380(48)7357351,+380(73)7357351,office@man-trucks.od.ua,http://www.man-trucks.com.ua,yes,yes,no,no,yes,yes,yes,,,,yes,yes,,,,,,,,,,,,,





TRANSSERVICE,Servicepartner,"Ozerna Str.,5, 62490 Kotliary village, Ukraine, , ",+380(57)719-31-49,+380(57)719-31-49,sales@transservice.net.ua,http://man-service.transservice.net.ua,yes,yes,no,no,yes,yes,yes,,,yes,yes,yes,,,,,,,,,,,,,





TRUCK SERVICE LVIV,Servicepartner,"Lvivska 33, Gorodock dist, 81551 Volya Bartativska, Ukraine, , ",+380 (67) 498 41 06,+380 (67) 498 41 06,info@truckservice.lviv.ua,http://www.truckservice.lviv.ua,yes,yes,no,no,yes,yes,yes,,,,yes,yes,,,,,,,,,,,,,
Andriy Kinash,Leiter Werkstatt,Telefon: +380(32)3132970,Mobil: +380(50)7833576,Fax: +380(32)3132971,E-Mail: andriy_kinash@truckservice.lviv.ua,            





UKRROSTECHNO,Servicepartner,"Zavodska 1, 08292 Bucha, Ukraine, , ",+380 (4597) 489 69,+380 (4597) 489 69,office@ukrrostechno.com.ua,http://www.man-service.com.ua,yes,yes,no,no,yes,yes,yes,,,yes,yes,yes,,,,,,,,,,,,,
Dmitriy Krotkov,Centerleiter,Telefon: +380(4597)48659,Mobil: +380(67)2398776,Fax: +380(4597)48859,E-Mail: dmitriy.krotkov@ukrrostechno.com.ua,            





