﻿Company Name,Service Partner,Address,Phone Number,Fax,Email,Website,LKW-Service,Bus-Service,MAN Van-Service,Schiffsmotoren-Service,Industriemotoren-Service,LKW-Verkauf,Bus-Verkauf,MAN Van-Verkauf,Schiffsmotoren-Verkauf,Industriemotoren-Verkauf,LKW-MAN_TopUsed,Bus-MAN_TopUsed,MAN Van-MAN_TopUsed,Schiffsmotoren-MAN_TopUsed,Industriemotoren-MAN_TopUsed,LKW-BusTopService,Bus-BusTopService,MAN Van-BusTopService,Schiffsmotoren-BusTopService,Industriemotoren-BusTopService,LKW-eMobility,Bus-eMobility,MAN Van-eMobility,Schiffsmotoren-eMobility,Industriemotoren-eMobility
AUTORAIL KFT.,Servicepartner,"Budapesti út 34., 6728 Szeged, Ungarn, , ",+36 (62) 472 327,+36 (62) 451 754,autorail@autorail.hu,http://www.autorail.hu,yes,no,yes,,,,,,,,,,,,,,,,,,,,,,
Sándor Fülöp,Werkstattmeister LKWBetriebsleiter,Telefon: +36 (62) 472 327,Mobil: +36 (30) 9035 559,Fax: +36 (62) 451 754,E-Mail: fulop@autorail.hu,            
Tamás Hegedűs,Vertriebsmanager Service &amp; Teile,Telefon: +36 (62) 472 327,Mobil: +36 (30) 894 0623,Fax: +36 (62) 451 754,E-Mail: tamas.hegedus@autorail.hu,            
Zoltán Tóth,Leiter Werkstatt,Telefon: +36 (62) 472 327,Mobil: +36(30)4080035,Fax: +36 (62) 451 751,E-Mail: autorail@autorail.hu,            
Tamás Ferenczi,ErsatzteilverkaufLeiter Teile und Zubehör,Telefon: +36 (62) 472 327,Mobil: +36(20)8014084,Fax: +36 (62) 451 754,E-Mail: tamas.ferenczi@autorail.hu,            
István Lévai,Servicemitarbeiter,Telefon: +36 (62) 472 327,Mobil: -,Fax: +36 (62) 451 754,E-Mail: autorail@autorail.hu,            





INTER-ÉPFU KFT.,Servicepartner,"Kereskedő utca 3, 2310 Szigetszentmiklós, Ungarn, , ",+36 (24) 525 790,+36 (24) 525 799,manservice@inter-epfu.hu,http://www.inter-epfu.com,yes,no,yes,,,,,,,,,,,,,,,,,,,,,,
László Ferenc Tapodi,Geschäftsführer,Telefon: +36 (24) 525 782,Mobil: +36 (20) 311 2446,Fax: +36 (24) 525 789,E-Mail: tapodi.laszlo@inter-epfu.hu,            
Imre Farkas,Leiter Werkstatt,Telefon: +36 (24) 525 783,Mobil: +36 (20) 9803 670,Fax: +36 (24) 525 789,E-Mail: farkas.imre@inter-epfu.hu,            
Zoltán Skiba,Teamleiter Teile und Zubehör,Telefon: +36 (24) 525785,Mobil: -,Fax: +36 (24) 525789,E-Mail: skiba.zoltan@inter-epfu.hu,            





MAN KAMION ÉS BUSZ KERESKEDELMI KFT. DUNAHARASZTI,MAN-Servicebetrieb,"Csonka J.u. 2, 2330 Dunaharaszti, Ungarn, , ",+36(24)520 300,+36(24)520 301,nora.takacs@man.eu,http://www.man-mn.hu,yes,yes,yes,no,yes,yes,yes,,,,yes,yes,,,,,,,,,,,,,
Iván Raisz,Ansprechpartner Zahlungsgarantie LKWAnsprechpartner Zahlungsgarantie BUS,Telefon: +36(24)520 335,Mobil: +36(30)9500252,Fax: +36(24)520 309,E-Mail: ivan.raisz@man.eu,            
Tamas Széll,Leiter After Sales,Telefon: +36(24)520 312,Mobil: +36(30)984 5708,Fax: +36(24)520 301,E-Mail: tamas.szell@man.eu,            
Tamás Sulyok,Ansprechpartner Zahlungsgarantie BUS,Telefon: +36(24)520 310,Mobil: +36(30)488 4949,Fax: +36(24)520 304,E-Mail: tamas.sulyok@man.eu,            
András Lehoczki,Leiter Verkauf Gebrauchtwagen,Telefon: +36 (24) 520 328,Mobil: +36 (30) 933-0628,Fax: -,E-Mail: andras.lehoczki@man.eu,            
Gyula Fehér,MA Ersatzteilverkauf LKW,Telefon: +36 (24) 520-318,Mobil: -,Fax: +36 (24) 520-309,E-Mail: gyula.feher@man.eu,            
Béla Tóth,MA Reparaturannahme BUSMA Reparaturannahme LKW,Telefon: +36 (24) 520 311,Mobil: +36 (30) 502-1250,Fax: +36 (24) 520 309,E-Mail: bela.toth@man.eu,            
Zsuzsanna Radi,MA Reparaturannahme BUSMA Innendienst LKW,Telefon: +36(24)520 314,Mobil: +36(20)331 2447,Fax: +36(24)520 304,E-Mail: zsuzsanna.radi@man.eu,            
Gertrúd Burai,Verkäufer BUS,Telefon: +36(24)520-684,Mobil: +36(30)655-9545,Fax: -,E-Mail: gertrud.burai@man.eu,            
György Hoyos,Leiter Verkauf BUS,Telefon: +36(24)520-327,Mobil: +36(30)555-0742,Fax: -,E-Mail: gyorgy.hoyos@man.eu,            
Gyula Tóth,Verkäufer MAN TopUsed,Telefon: +36(96)515-466,Mobil: +36(30)311-8192,Fax: -,E-Mail: gyula.toth@man.eu,            
Martin Strier,Geschäftsführer,Telefon: +36(24)520-330,Mobil: +36(30)9500-253,Fax: +36(24)520-301,E-Mail: martin.strier@man.eu,            
László Bánfi,Betriebsleiter,Telefon: +36(24)520-310,Mobil: +36(20)406-7480,Fax: +36(24)520-309,E-Mail: laszlo.banfi@man.eu,            
Gábor Hegedűs,Werkstattmeister,Telefon: +36 (24) 520 319,Mobil: +36 (30) 502 1259,Fax: -,E-Mail: gabor.hegedus@man.eu,            
Gábor Micheller ,Werkstattmeister,Telefon: +36 (24) 520 319,Mobil: +36 (30) 488 4945,Fax: -,E-Mail: gabor.micheller@man.eu,            
Zsuzsanna Deák,Zahlungsgarantie 1 (M24),Telefon: +36(24)520-275,Mobil: -,Fax: -,E-Mail: zsuzsanna.deak-ext@man.eu,            
Markus Ellenberg,Management,Telefon: +36(24)520 306,Mobil: +36(20)2178692,Fax: +36(24)520 301,E-Mail: Markus.Ellenberg@man.eu,            





MAN KAMION ÉS BUSZ KERESKEDELMI KFT. GYŐR,MAN-Servicebetrieb,"Berkenyefa sor 1, 9027 Győr, Ungarn, , ",+36 (96)515 460,+36 (96) 515 461,Norbert.Varga@man.eu,http://www.man.hu,yes,no,yes,no,yes,yes,,,,,,,,,,,,,,,,,,,
Norbert Varga,CenterleiterAnsprechpartner Zahlungsgarantie LKW,Telefon: +36 (96) 515 475,Mobil: +36 (30) 311 8191,Fax: +36 (96) 515 461,E-Mail: Norbert.Varga@man.eu,            
Zoltán Szabó,Werkstattmeister BUSWerkstattmeister LKW,Telefon: +36 (96) 515 474,Mobil: +36 (30) 503 9950,Fax: +36 (96) 515 461,E-Mail: zoltan.szabo@man.eu,            
József Gacs,MA Reparaturannahme LKW,Telefon: +36 (96) 515-463,Mobil: +36 (30) 503 9958,Fax: +36 (96) 515-461,E-Mail: jozsef.gacs@man.eu,            
Lajos Knoll,Leiter Teile und ZubehörMA Ersatzteilverkauf LKW,Telefon: +36 (96) 515-476,Mobil: -,Fax: +36 (96) 515-461,E-Mail: lajos.knoll@man.eu,            
István Nagy,MA Ersatzteilverkauf LKW,Telefon: +36 (96) 515-473,Mobil: -,Fax: +36 (96) 515-461,E-Mail: istvan.nagy@man.eu,            
József Kincses,MA Reparaturannahme LKW,Telefon: +36 (96) 515-463,Mobil: +36 (30) 646 3272,Fax: +36 (96) 515-461,E-Mail: jozsef.kincses@man.eu,            
Szabolcs Turi,MA Verkauf LKW,Telefon: +36(96)515 468,Mobil: +36(30)488 4942,Fax: -,E-Mail: szabolcs.turi@man.eu,            
Zsuzsanna Deák,,Telefon: +36(24)520-275,Mobil: -,Fax: -,E-Mail: zsuzsanna.deak-ext@man.eu,            
Markus Ellenberg,Management,Telefon: +36(24)520 306,Mobil: +36(20)2178692,Fax: +36(24)520 301,E-Mail: Markus.Ellenberg@man.eu,            
Martin Strier,Geschäftsführer,Telefon: +36(24)520-330,Mobil: +36(30)9500-253,Fax: +36(24)520-301,E-Mail: martin.strier@man.eu,            





MAN KAMION ÉS BUSZ KERESKEDELMI KFT. PÉCS,MAN-Servicebetrieb,"Pécsváradi út 4, 7630 Pécs, Ungarn, , ",+36 (72)539 400,+36 (72) 539 401,gyorgy.husztra@man.eu,http://www.man.hu,yes,yes,yes,no,yes,yes,,,,,,,,,,,,,,,,,,,
Csaba Bátki,MA Ersatzteilverkauf LKWLeiter Teile und Zubehör,Telefon: +36 (72) 539 405,Mobil: +36 (30) 502 1152,Fax: +36 (72) 539 401,E-Mail: Csaba.Batki@man.eu,            
Iván Raisz,Ansprechpartner Zahlungsgarantie LKW,Telefon: +36(24)520 335,Mobil: -,Fax: +36(24)520 309,E-Mail: ivan.raisz@man.eu,            
György Husztra,Zahlungsgarantie 1 (M24)Centerleiter,Telefon: +36(72)539 422,Mobil: +36(30)984 5701,Fax: +36(72)539 401,E-Mail: gyorgy.husztra@man.eu,            
Erik Szabó,Werkstattmeister LKW,Telefon: +36(72)539 403,Mobil: +36(30)502 1151,Fax: +36(72)539 401,E-Mail: erik.szabo@man.eu,            
László Szekeres,MA Reparaturannahme LKW,Telefon: +36 (72) 539-420,Mobil: +36 (30) 9767 112,Fax: +36 (72) 539-401,E-Mail: laszlo.szekeres@man.eu,            
András Löffler,MA Ersatzteilverkauf LKW,Telefon: +36 (72) 539-406,Mobil: +36 (30) 74 74 791,Fax: +36 (72) 539-401,E-Mail: andras.loffler@man.eu,            
Csaba Simon,MA Ersatzteilverkauf LKW,Telefon: +36(30)788 1280 ,Mobil: +36(30)788 1280,Fax: +36(72)539 401,E-Mail: csaba.simon@man.eu,            
Richard Schnell,MA Verkauf LKW,Telefon: +36(72)539 428,Mobil: +36(30)201 9890,Fax: -,E-Mail: richard.schnell@man.eu,            
Gertrúd Burai,Verkäufer BUS,Telefon: +36(24)520 684,Mobil: +36(30)655-9545,Fax: -,E-Mail: gertrud.burai@man.eu,            
György Hoyos,Leiter Verkauf BUS,Telefon: +36(24)520-327,Mobil: +36(30)555-0742,Fax: -,E-Mail: gyorgy.hoyos@man.eu,            
Zsuzsanna Deák,Zahlungsgarantie 2 (M24),Telefon: +36(24)520-275,Mobil: -,Fax: -,E-Mail: zsuzsanna.deak-ext@man.eu,            
Markus Ellenberg,Management,Telefon: +36(24)520 306,Mobil: +36(20)2178692,Fax: +36(24)520 301,E-Mail: Markus.Ellenberg@man.eu,            
Martin Strier,Geschäftsführer,Telefon: +36(24)520-330,Mobil: +36(30)9500-253,Fax: +36(24)520-301,E-Mail: martin.strier@man.eu,            





MAN KAMION ÉS BUSZ KERESKEDELMI KFT. TISZAÚJVÁROS,MAN-Servicebetrieb,"Bay Z. u. 15, 3580 Tiszaújváros, Ungarn, , ",+36 (49)544 400,+36 (49) 544 401,gyorgy.pek@man.eu,http://www.man.hu,yes,yes,yes,no,yes,yes,,,,,,,,,,,,,,,,,,,
Iván Raisz,Ansprechpartner Zahlungsgarantie LKW,Telefon: +36(24)520 335,Mobil: -,Fax: +36(24)520 309,E-Mail: ivan.raisz@man.eu,            
József Daruka,Leiter Werkstatt,Telefon: +36 (49) 544 403,Mobil: +36 (30) 503-9940,Fax: +36 (49) 544 401,E-Mail: jozsef.daruka@man.eu,            
György Pék,Centerleiter,Telefon: +36 (49) 544 410,Mobil: +36 (30) 984 5704,Fax: +36 (49) 544 401,E-Mail: gyorgy.pek@man.eu,            
Péter Bugya,MA Reparaturannahme LKW,Telefon: +36 (49) 544-420,Mobil: +36 (30) 503-9943,Fax: +36 (49) 544-401,E-Mail: peter.bugya@man.eu,            
Sándor Szabó,MA Ersatzteilverkauf LKW,Telefon: +36 (49) 544-406,Mobil: +36 (30) 503-9941,Fax: +36 (49) 544-401,E-Mail: sandor.szabo@man.eu,            
Gergő Szekeres,Leiter Teile und ZubehörVerkäufer LKW,Telefon: +36 (49) 544-405,Mobil: +36 (30) 7474-789,Fax: +36 (49) 544-401,E-Mail: gergo.szekeres@man.eu,            
István Nyárádi,MA Ersatzteilverkauf LKW,Telefon: +36(49)544 405,Mobil: +36(30)678 2748,Fax: -,E-Mail: istvan.nyaradi@man.eu,            
Zoltan Szalay,MA Verkauf LKW,Telefon: +36(49)544 427,Mobil: +36(30)3118 190,Fax: -,E-Mail: zoltan.szalay@man.eu,            
Zsuzsanna Deák,,Telefon: +36(24)520-275,Mobil: -,Fax: -,E-Mail: zsuzsanna.deak-ext@man.eu,            
Markus Ellenberg,Management,Telefon: +36(24)520 306,Mobil: +36(20)2178692,Fax: +36(24)520 301,E-Mail: Markus.Ellenberg@man.eu,            
Martin Strier,Geschäftsführer,Telefon: +36(24)520-330,Mobil: +36(30)9500-253,Fax: +36(24)520-301,E-Mail: martin.strier@man.eu,            





NAGY JÓZSEF,Servicepartner,"Diószegi út 9, 4030 Debrecen, Ungarn, , ",+36 (52)448 002,+36 (52) 432 625,acs.laszlo@mandebrecen.hu,,yes,no,yes,no,yes,,,,,,,,,,,,,,,,,,,,
László Ács,Leiter WerkstattWerkstattmeister,Telefon: +36 (52) 448 002,Mobil: +36 (30) 2070 604,Fax: -,E-Mail: acs.laszlo@mandebrecen.hu,            
Gábor Hodosi,Pannenmonteur,Telefon: +36(30)2070607,Mobil: +36(30)2070607,Fax: -,E-Mail: -,            





ZALAI JÁRMŰJAVÍTÓ KFT.,Servicepartner,"Zrinyi u. 99, 8900 Zalaegerszeg, Ungarn, , ",+36 (92) 313 540,+36(92)318 334,munkafelvetel@man-service.hu,,yes,no,yes,,,,,,,,,,,,,,,,,,,,,,
Márk Somogyi,Geschäftsführer,Telefon: +36(92)318 334,Mobil: +36(20)2295051,Fax: +36(92)318 334,E-Mail: mark.somogyi@man-service.hu,            
Péter Sóska,MA Reparaturannahme LKW,Telefon: +36(92)313 540,Mobil: +36(20)4562343,Fax: +36(92)318 334,E-Mail: peter.soska@man-service.hu,            
Zsolt Tok,MA Ersatzteilverkauf LKW,Telefon: +36(92)313 540,Mobil: +36(20)2191242,Fax: +36(92)318 334,E-Mail: zsolt.tok@man-service.hu,            
Eszter Szalai,Kalkulator,Telefon: +36(92)313 540,Mobil: -,Fax: +36(92)318 334,E-Mail: eszter.szalai@man-service.hu,            
Gábor Tóth,MA Ersatzteilverkauf LKW,Telefon: +36(92)313 540,Mobil: +36(20)2139988,Fax: +36(92)318 334,E-Mail: gabor.toth@man-service.hu,            
András Becze,Leiter Werkstatt,Telefon: +36(92)313 540,Mobil: +36(20)249 7235,Fax: +36(92)318 334,E-Mail: andras.becze@man-service.hu,            
Gábor Cseke,Leiter Verkauf LKW,Telefon: +36(92)313 540,Mobil: +36(20)2965545,Fax: +36(92)318 334,E-Mail: gabor.cseke@man-service.hu,            





ÉNYKK ZRT - (VASI VOLÁN),Servicepartner      Verkaufsstandort des Händlers -MAN Kamion és Busz Kereskedelmi Kft. Győr-,"Körmendi út 92, 9700 Szombathely, Ungarn, , ",+36 (94)517 677,+36 (94) 517 667,man@vasivolan.hu,,yes,no,yes,,,,,,,,,,,,,,,,,,,,,,
Csaba Unger,Geschäftsführer,Telefon: +36 (94) 517 677,Mobil: -,Fax: -,E-Mail: -,            
László Horváth,Betriebsleiter,Telefon: +36 (94)517 677,Mobil: +36(30)3777448,Fax: +36(94)517 667,E-Mail: horvath2.laszlo@enykk.hu,            
Antal Szabó,Pannenmonteur LKW,Telefon: +36 (94) 517 677,Mobil: +36 (30) 9368 206,Fax: +36 (94) 517 667,E-Mail: man@vasivolan.hu,            
Szabolcs Horváth,Servicemitarbeiter,Telefon: +36 (94)517 677,Mobil: +36(30)3777448,Fax: +36(94)517 667,E-Mail: horvath.szabolcs@enykk.hu,            





