﻿Company Name,Service Partner,Address,Phone Number,Fax,Email,Website,LKW-Service,Bus-Service,MAN Van-Service,Schiffsmotoren-Service,Industriemotoren-Service,LKW-Verkauf,Bus-Verkauf,MAN Van-Verkauf,Schiffsmotoren-Verkauf,Industriemotoren-Verkauf,LKW-MAN_TopUsed,Bus-MAN_TopUsed,MAN Van-MAN_TopUsed,Schiffsmotoren-MAN_TopUsed,Industriemotoren-MAN_TopUsed,LKW-BusTopService,Bus-BusTopService,MAN Van-BusTopService,Schiffsmotoren-BusTopService,Industriemotoren-BusTopService,LKW-eMobility,Bus-eMobility,MAN Van-eMobility,Schiffsmotoren-eMobility,Industriemotoren-eMobility
DARWISH BIN AHMED & SONS COMPANY LLC (MUSSAFAH),Servicepartner,"Mussafah Ind. Area 15, Opp. National Drilling Company, 8820 Abu Dhabi, Vereinigte Arab. Emirate, , ",+971 (0) 25 55 5505,+971(0) 25 58 2242,service@dbasons.com,http://www.dbasons.com,yes,yes,no,yes,yes,yes,yes,,yes,yes,,,,,,,,,,,,,,,
Narasimha Kudva Nandavar,Leiter Teile und Zubehör,Telefon: +971(2)5540500,Mobil: +971(50)4457739,Fax: +971(2)5540900,E-Mail: kudva@dbasons.com,            
Khalifa Saif  Darwish,Geschäftsführer,Telefon: +971(2)5584800,Mobil: -,Fax: +971(2)5582242,E-Mail: khalifa@dbasons.com,            
Xavier Antony Darwin Irudayaraj,Leiter After Sales,Telefon: +971(2)5555505,Mobil: +971(50)6611095,Fax: +971(2)5553368,E-Mail: service@dbasons.com,            
Anil Varma,Leiter Verkauf Dienstleistungen,Telefon: +971(2)5557160,Mobil: +971(50)6130970,Fax: +971(2)5553368,E-Mail: anilvarma@utdmotors.com,            





DARWISH BIN AHMED & SONS COMPANY LLC - HQ,Servicepartner      Verkaufsstandort des Händlers -DARWISH BIN AHMED & SONS-,"Express Way 11 - Near Petroleum Institute, - Umm Al Naar, Vereinigte Arab. Emirate, , ",+971(0) 25 58 4800,+971(0) 25 58 2242,trucks@dbasons.com,http://www.dbasons.com,yes,yes,no,yes,yes,yes,yes,,,,,,,,,,,,,,,,,,
Sham Sunder,Leiter Verkauf LKWLeiter Verkauf BUS,Telefon: +971(2)5584800,Mobil: +971(050)4457741,Fax: +971(2)5582242,E-Mail: sham@dbasons.com,            





UNITED MOTORS & HEAVY EQUIP. CO. LLC- SERVICE- (DUBAI INVESTMENT PARK),Servicepartner,"Dubai Investment Park, Near Ramla Hyper Market, DIP, Dubai, 28883 Dubai, Vereinigte Arab. Emirate, , ",+971 (0) 48 85 9952,+971(0) 48 85 9945,dipservice@utdmotors.com,http://www.utdmotors.com,yes,yes,no,,,yes,yes,,,,,,,,,,,,,,,,,,
Shanmuga Perumal,Werkstattmeister LKW,Telefon: +971(4)8859952,Mobil: +971(50)6410755,Fax: +971(4)8859945,E-Mail: dipservice@utdmotors.com,            
Selva Kumar,Leiter Verkauf Dienstleistungen,Telefon: +971(4)2873060,Mobil: +971(50)2203713,Fax: +971(4)2873059,E-Mail: selvakumar@utdmotors.com,            
Anil Varma,Leiter Verkauf Dienstleistungen,Telefon: +971(4)2670600,Mobil: +971(50)6130970,Fax: +971(42)670700,E-Mail: anilvarma@utdmotors.com,            
Xavier Antony Darwin Irudayaraj,Leiter After Sales,Telefon: +971(4)2670600,Mobil: +971(50)6611095,Fax: +971(4)2670700,E-Mail: darwin@dbasons.com,            
Khalifa Saif  Darwish,Geschäftsführer,Telefon: +971(2)5584800,Mobil: -,Fax: +971(2)5582242,E-Mail: khalifa@dbasons.com,            





UNITED MOTORS & HEAVY EQUIP. CO. LLC-SERVICE (AL QUSAIS),Servicepartner,"Al Qusaias Ind. Area 1, Amman Street, 3038 Dubai, Vereinigte Arab. Emirate, , ",+971(0) 42 67 0600,+971(0) 42 67 0700,service@utdmotors.com,http://www.utdmotors.com,yes,no,no,yes,yes,yes,,,yes,yes,,,,,,,,,,,,,,,
Xavier Antony Darwin Irudayaraj,Leiter After Sales,Telefon: +971(4)2670600,Mobil: +971(50)6611095,Fax: +971(4)2670700,E-Mail: darwin@dbasons.com,            
Khalifa Saif  Darwish,Geschäftsführer,Telefon: +971(2)5584800,Mobil: -,Fax: +971(2)5582242,E-Mail: khalifa@dbasons.com,            
Kumar Selva,Leiter Verkauf Dienstleistungen,Telefon: +971(4)2873060,Mobil: +971(50)2203713,Fax: +971(4)2873059,E-Mail: selvakumar@utdmotors.com,            
&amp; Heavy Equipment  United Motors,,Telefon: +971(4)2670600,Mobil: +971(56) 6891340,Fax: +971(4)2670700,E-Mail: service@utdmotors.com,            
Rehman Fazal,,Telefon: +971(4)8813888,Mobil: +971 (50) 6541558,Fax: -,E-Mail: Fazal.rehman@utdmotors.com,            
"DIP, Dubai United Motors &amp; Heavy Equipment",,Telefon: +971 (4) 8859952,Mobil: +971 (56) 6896580,Fax: +971 (4) 8859945,E-Mail: dipservice@utdmotors.com,            
Lakshman Kingsly,Werkstattmeister LKW,Telefon: +971 (2) 5555505,Mobil: +971 (50) 4419937,Fax: +971(2)5553368,E-Mail: marineservice@dbasons.com,            
"Qusais, Dubai United Motors &amp; Heavy Equipment",,Telefon: +971(4)2670600,Mobil: +971(56) 6891340,Fax: +971(4)2670700,E-Mail: service@utdmotors.com,            





UNITED MOTORS & HEAVY EQUIPMENT CO. LLC,Servicepartner,"Industrial Area18, Maleha Road, Near Sharjah University, Sharjah, 35232 Sharjah, Vereinigte Arab. Emirate, , ",+971(0) 65 45 8355,+971(0) 65 45 8344,trucks@utdmotors.com,,yes,yes,no,,,yes,yes,,,,,,,,,,,,,,,,,,





