﻿Company Name,Service Partner,Address,Phone Number,Fax,Email,Website,LKW-Service,Bus-Service,MAN Van-Service,Schiffsmotoren-Service,Industriemotoren-Service,LKW-Verkauf,Bus-Verkauf,MAN Van-Verkauf,Schiffsmotoren-Verkauf,Industriemotoren-Verkauf,LKW-MAN_TopUsed,Bus-MAN_TopUsed,MAN Van-MAN_TopUsed,Schiffsmotoren-MAN_TopUsed,Industriemotoren-MAN_TopUsed,LKW-BusTopService,Bus-BusTopService,MAN Van-BusTopService,Schiffsmotoren-BusTopService,Industriemotoren-BusTopService,LKW-eMobility,Bus-eMobility,MAN Van-eMobility,Schiffsmotoren-eMobility,Industriemotoren-eMobility
BELTB-SERVICE LLC,Servicepartner,"Menkovskii Trakt 23/2, 220041 Minsk, Weissrussland, , ",+375(17)512-5488,+375(17)512-5493,service@man-mn.by,http://man-service.by/,yes,yes,no,,,yes,yes,,,,,,,,,,,,,,,,,,
Andrey Badevich,Leiter Werkstatt,Telefon: +375(17)512-5174,Mobil: -,Fax: -,E-Mail: andrey.badevich@man-mn.by,            
Nikolay Koltovich,Verkäufer After Sales LKWLeiter WerkstattVerkäufer After Sales BUS,Telefon: +375(17)512-5174,Mobil: -,Fax: -,E-Mail: nikolay.koltovich@man-mn.by,            
Sergey Penkrat,Leiter Teile und ZubehörVerkäufer After Sales LKWVerkäufer After Sales BUS,Telefon: +375(17)512-5174,Mobil: -,Fax: -,E-Mail: sergey.penkrat@man-mn.by,            
Dmitry Mironov,Leiter Verkauf DienstleistungenKulanzabfragerKulanzabfrager,Telefon: +375(17)512-5174,Mobil: -,Fax: -,E-Mail: dmitry.mironov@man-mn.by,            
Nikolay Burtsev,KundenbetreuerLeiter WerkstattKundenbetreuer Bus,Telefon: +375(17)512-5174,Mobil: -,Fax: -,E-Mail: nikolay.burtsev@man-mn.by,            
Alexandr Verbitski,Leiter WerkstattKundenbetreuerKundenbetreuer Bus,Telefon: +375(17)512-5174,Mobil: -,Fax: -,E-Mail: van@man-mn.by,            
Anatoliy Atmanov,Leiter WerkstattKundenbetreuerKundenbetreuer Bus,Telefon: +375(17)512-5174,Mobil: -,Fax: -,E-Mail: anatoliy.atmanov@man-mn.by,            
Oleg Kalitski,Leiter WerkstattKundenbetreuer BusKundenbetreuer,Telefon: +375(17)512-5174,Mobil: -,Fax: -,E-Mail: oleg.kalitski@man-mn.by,            
Oleg Kourianov,,Telefon: +375(17)512-5488,Mobil: -,Fax: -,E-Mail: oleg.kourianov@man-mn.by,            
Andrey Klimovich,Auftragszentrum Service,Telefon: +375(17)5125488,Mobil: -,Fax: -,E-Mail: andrey.klimovich@man-service.by,            





BELTB-SERVICE LLC GOMEL,Servicepartner,"Voiskovaya, 20, 246000 Gomel, Weissrussland, , ",+375(29)3034383,,,,yes,yes,no,,,,,,,,,,,,,,,,,,,,,,





BELTB-SERVICE LLC GRODNO,Servicepartner      Verkaufsstandort des Händlers -LLC BelTruck & Bus-,"Grodno, 230005 Myasnitskaya, 20, Weissrussland, , ",+375(33)9011000,+375(152)448707,service-grodno@man-service.by,,yes,yes,yes,no,yes,,,,,,yes,,,,,,,,,,,,,,





PRIMA-TRANS LLC,Servicepartner,"Grodnenskaya, 53A, 224028 Brest, Weissrussland, , ",+375(16)255-5526,+375(16)255-5524,service@primatrans.by,https://www.primatrans.by,yes,no,no,,,,,,,,,,,,,,,,,,,,,,
Semen Pereverzev,Servicemitarbeiter,Telefon: +375 (16)2 555522,Mobil: -,Fax: -,E-Mail: semen.pereverzev@primatrans.by,            
Vitaliy Sanelin,Servicemitarbeiter,Telefon: +375 (29) 5555126,Mobil: -,Fax: -,E-Mail: vitaiy.sanelin@primatrans.by,            





