﻿Company Name,Service Partner,Address,Phone Number,Fax,Email,Website,LKW-Service,Bus-Service,MAN Van-Service,Schiffsmotoren-Service,Industriemotoren-Service,LKW-Verkauf,Bus-Verkauf,MAN Van-Verkauf,Schiffsmotoren-Verkauf,Industriemotoren-Verkauf,LKW-MAN_TopUsed,Bus-MAN_TopUsed,MAN Van-MAN_TopUsed,Schiffsmotoren-MAN_TopUsed,Industriemotoren-MAN_TopUsed,LKW-BusTopService,Bus-BusTopService,MAN Van-BusTopService,Schiffsmotoren-BusTopService,Industriemotoren-BusTopService,LKW-eMobility,Bus-eMobility,MAN Van-eMobility,Schiffsmotoren-eMobility,Industriemotoren-eMobility
MAN SALES & SERVICES (CYPRUS) LTD.,Servicepartner,"Alikou & Pentagias 1, 2571 Nicosia, Zypern, , ",+357(2261)2175,+357(2261)2167,manservice@mantruckandbus.com.cy,http://www.mantruckandbus.com.cy,yes,yes,no,,,yes,yes,,,,,,,,,,,,,,,,,,
Vangelis Georgiou,Geschäftsführer,Telefon: +357(22)6633-33,Mobil: -,Fax: -,E-Mail: -,            
Christodoulides Marinos,Kalkulator,Telefon: +357(2231)2976,Mobil: -,Fax: -,E-Mail: man.cy@cytanet.com.cy,            
Constandinos Constandinou,Leiter After Sales,Telefon: +357(2231)2976,Mobil: -,Fax: -,E-Mail: man.cy@cytanet.com.cy ,            
Christos Elisseou,Geschäftsführer,Telefon: +357(22)6121-75,Mobil: -,Fax: +357(22)6121-67,E-Mail: celisseou@pharmakas.com,            
Toumazou Nikos,Werkstattmeister LKWLeiter After Sales,Telefon: +357(22)612175-6,Mobil: -,Fax: +357(22)612167,E-Mail: ntoumazou@pharmakas.com,            
Charitou Andreas,Werkstattmeister LKWLeiter After Sales,Telefon: +357(22)612175-6,Mobil: -,Fax: +357(22)612167,E-Mail: acharitou@pharmakas.com,            
Andreas Charitou,Leiter After SalesWerkstattmeister LKW,Telefon: +357(22)612175-6,Mobil: -,Fax: +357(22)612167,E-Mail: acharitou@pharmakas.com,            
Constantinou Panayiotis,Kaufmännischer LeiterVerkäufer LKW,Telefon: +357(22)612175,Mobil: -,Fax: +357(22)612167,E-Mail: pconstantinou@pharmakas.com,            
Angelos Makrides,MA Reparaturannahme LKW,Telefon: +357(22)612175,Mobil: -,Fax: +357(22)612167,E-Mail: amakrides@mantruckandbus.com.cy,            
Savvas Koumis,Leiter Werkstatt,Telefon: +357(22)6121-75,Mobil: -,Fax: +357(22)6121-67,E-Mail: skoumis@mantruckandbus.com.cy,            
Efthymios Efthymiou,Leiter After Sales,Telefon: +357(22)6121-75,Mobil: -,Fax: +357(22)6121-67,E-Mail: eefthymiou@mantruckandbus.com.cy,            
Elias Constantinou,Leiter Verkauf Dienstleistungen,Telefon: +357(22)6121-75,Mobil: -,Fax: -,E-Mail: econstantinou@mantruckandbus.com.cy,            





