﻿Company Name,Service Partner,Address,Phone Number,Fax,Email,Website,LKW-Service,Bus-Service,MAN Van-Service,Schiffsmotoren-Service,Industriemotoren-Service,LKW-Verkauf,Bus-Verkauf,MAN Van-Verkauf,Schiffsmotoren-Verkauf,Industriemotoren-Verkauf,LKW-MAN_TopUsed,Bus-MAN_TopUsed,MAN Van-MAN_TopUsed,Schiffsmotoren-MAN_TopUsed,Industriemotoren-MAN_TopUsed,LKW-BusTopService,Bus-BusTopService,MAN Van-BusTopService,Schiffsmotoren-BusTopService,Industriemotoren-BusTopService,LKW-eMobility,Bus-eMobility,MAN Van-eMobility,Schiffsmotoren-eMobility,Industriemotoren-eMobility
KALEB SERVICES FARMERS HOUSE PLC.,Servicepartner,"Kebele10,Debreziet Rd, Kaleb Building, Akaki Kality sub city Addis Ababa, Äthiopien, , ",+25(1)114393675,+25(1)114393674,hailu@kalebservice.com,http://www.kalebservice.com,yes,no,no,,,yes,,,,,,,,,,,,,,,,,,,
Gutema Abebayehu,Leiter After Sales,Telefon: +25(1)911699491,Mobil: +25(1)911699491,Fax: +25(1)114393674,E-Mail: abebayehu@kalebservice.com,            
Hailu Luche,Betriebsleiter,Telefon: +25(1)114393675,Mobil: +25(1)911203360,Fax: +25(1)114393674,E-Mail: hailu@kalebservice.com,            





MESFIN INDUSTRIAL ENGINEERING PLC (MIE),Servicepartner,"Code 1000, 508 Mekelle, Äthiopien, , ",+251(0)11 629 8561,,danielgk@mie.com.et,,yes,no,no,,,,,,,,,,,,,,,,,,,,,,





